ISO-10303-21;
HEADER;
/* Generated by software containing ST-Developer
 * from STEP Tools, Inc. (www.steptools.com) 
 */
/* OPTION: using custom renumber hook */

FILE_DESCRIPTION(
/* description */ ('STEP AP242',
'CAx-IF Rec.Pracs.---Representation and Presentation of Product Manufa
cturing Information (PMI)---4.0---2014-10-13',
'CAx-IF Rec.Pracs.---3D Tessellated Geometry---0.4---2014-09-14','2;1'),

/* implementation_level */ '2;1');

FILE_NAME(
/* name */ 'PRE20605ZN-TPRB',
/* time_stamp */ '2026-10-01T05:20:29+02:00',
/* author */ ('License CC BY-ND 4.0'),
/* organization */ ('CADENAS'),
/* preprocessor_version */ 'ST-DEVELOPER v20',
/* originating_system */ 'PARTsolutions',
/* authorisation */ '  ');

FILE_SCHEMA (('AP242_MANAGED_MODEL_BASED_3D_ENGINEERING_MIM_LF { 1 0 10303 442 1 1 4 }'));
ENDSEC;

DATA;
#10=DRAUGHTING_PRE_DEFINED_COLOUR('black');
#11=ELLIPSE('',#5998,1.05010470694543,0.695);
#12=ELLIPSE('',#5999,1.14680499650587,0.759);
#13=ELLIPSE('',#6212,1.14680499650587,0.759);
#14=ELLIPSE('',#6276,1.05010470694543,0.695);
#15=ELLIPSE('',#6391,0.102635707016738,0.10075);
#16=ELLIPSE('',#6395,0.159938521107969,0.157);
#17=ELLIPSE('',#6397,0.134816842834698,0.125);
#18=ELLIPSE('',#6400,0.268948816627317,0.10075);
#19=ELLIPSE('',#6404,0.268948816627317,0.10075);
#20=ELLIPSE('',#6407,0.134816842834698,0.125);
#21=ELLIPSE('',#6411,0.419106344520981,0.157);
#22=ELLIPSE('',#6415,0.419106344520981,0.157);
#23=ELLIPSE('',#6417,0.333683395319252,0.125);
#24=B_SPLINE_CURVE_WITH_KNOTS('',3,(#8509,#8510,#8511,#8512,#8513,#8514,
#8515,#8516,#8517,#8518,#8519,#8520,#8521,#8522,#8523,#8524,#8525,#8526),
 .UNSPECIFIED.,.F.,.F.,(4,1,1,1,1,1,1,1,1,1,1,1,1,1,1,4),(0.,0.0030512501478717,
0.00610250029574339,0.00915375044361509,0.0122050005914868,0.0183075008872302,
0.0213587510351019,0.0244100011829736,0.0274612513308453,0.030512501478717,
0.0335637516265887,0.0366150017744604,0.039666251922332,0.0427175020702037,
0.0457687522180754,0.0488200023659471),.UNSPECIFIED.);
#25=B_SPLINE_CURVE_WITH_KNOTS('',3,(#8530,#8531,#8532,#8533,#8534,#8535,
#8536,#8537,#8538,#8539,#8540,#8541,#8542,#8543,#8544,#8545),
 .UNSPECIFIED.,.F.,.F.,(4,1,1,1,1,1,1,1,1,1,1,1,1,4),(3.12731722069275E-18,
0.00337539918109788,0.00675079836219575,0.0101261975432936,0.0135015967243915,
0.0168769959054894,0.0202523950865872,0.027003193448783,0.0337539918109787,
0.0371293909920766,0.0405047901731745,0.0438801893542723,0.0472555885353702,
0.054006386897566),.UNSPECIFIED.);
#26=B_SPLINE_CURVE_WITH_KNOTS('',3,(#9140,#9141,#9142,#9143),
 .UNSPECIFIED.,.F.,.F.,(4,4),(5.37844681704477E-7,0.00108160716592603),
 .UNSPECIFIED.);
#27=B_SPLINE_CURVE_WITH_KNOTS('',3,(#9147,#9148,#9149,#9150),
 .UNSPECIFIED.,.F.,.F.,(4,4),(2.65367596881592E-7,0.0010813803363415),
 .UNSPECIFIED.);
#28=B_SPLINE_CURVE_WITH_KNOTS('',3,(#9156,#9157,#9158,#9159,#9160),
 .UNSPECIFIED.,.F.,.F.,(4,1,4),(2.68216804600912E-18,0.000965884382247989,
0.00193176876449598),.UNSPECIFIED.);
#29=B_SPLINE_CURVE_WITH_KNOTS('',3,(#9161,#9162,#9163,#9164,#9165),
 .UNSPECIFIED.,.F.,.F.,(4,1,4),(0.,0.000968419452466843,0.00193683890493369),
 .UNSPECIFIED.);
#30=B_SPLINE_CURVE_WITH_KNOTS('',3,(#9316,#9317,#9318,#9319),
 .UNSPECIFIED.,.F.,.F.,(4,4),(0.00695310612768326,0.00726081084921968),
 .UNSPECIFIED.);
#31=B_SPLINE_CURVE_WITH_KNOTS('',3,(#9325,#9326,#9327,#9328),
 .UNSPECIFIED.,.F.,.F.,(4,4),(0.0065614480269056,0.0068705908358427),
 .UNSPECIFIED.);
#32=B_SPLINE_CURVE_WITH_KNOTS('',3,(#9483,#9484,#9485,#9486,#9487,#9488,
#9489,#9490,#9491),.UNSPECIFIED.,.F.,.F.,(4,1,1,1,1,1,4),(1.85349666033515E-18,
0.00176835004464963,0.00265252506697445,0.00353670008929926,0.00442087511162407,
0.00530505013394889,0.00707340017859852),.UNSPECIFIED.);
#33=B_SPLINE_CURVE_WITH_KNOTS('',3,(#9500,#9501,#9502,#9503,#9504,#9505,
#9506,#9507,#9508),.UNSPECIFIED.,.F.,.F.,(4,1,1,1,1,1,4),(0.,0.00176835004464963,
0.00265252506697444,0.00353670008929926,0.00442087511162407,0.00530505013394888,
0.00707340017859851),.UNSPECIFIED.);
#34=B_SPLINE_CURVE_WITH_KNOTS('',3,(#9514,#9515,#9516,#9517,#9518,#9519,
#9520),.UNSPECIFIED.,.F.,.F.,(4,1,1,1,4),(3.27421875865057E-18,0.00200640252365536,
0.00401280504731072,0.00601920757096608,0.00802561009462144),
 .UNSPECIFIED.);
#35=B_SPLINE_CURVE_WITH_KNOTS('',3,(#9529,#9530,#9531,#9532,#9533,#9534,
#9535),.UNSPECIFIED.,.F.,.F.,(4,1,1,1,4),(0.,0.00200640252365536,0.00401280504731072,
0.00601920757096607,0.00802561009462143),.UNSPECIFIED.);
#36=LINE('',#8393,#523);
#37=LINE('',#8396,#524);
#38=LINE('',#8398,#525);
#39=LINE('',#8400,#526);
#40=LINE('',#8402,#527);
#41=LINE('',#8404,#528);
#42=LINE('',#8406,#529);
#43=LINE('',#8408,#530);
#44=LINE('',#8420,#531);
#45=LINE('',#8423,#532);
#46=LINE('',#8425,#533);
#47=LINE('',#8427,#534);
#48=LINE('',#8429,#535);
#49=LINE('',#8431,#536);
#50=LINE('',#8433,#537);
#51=LINE('',#8435,#538);
#52=LINE('',#8437,#539);
#53=LINE('',#8439,#540);
#54=LINE('',#8441,#541);
#55=LINE('',#8443,#542);
#56=LINE('',#8445,#543);
#57=LINE('',#8447,#544);
#58=LINE('',#8449,#545);
#59=LINE('',#8451,#546);
#60=LINE('',#8453,#547);
#61=LINE('',#8455,#548);
#62=LINE('',#8457,#549);
#63=LINE('',#8459,#550);
#64=LINE('',#8461,#551);
#65=LINE('',#8463,#552);
#66=LINE('',#8474,#553);
#67=LINE('',#8477,#554);
#68=LINE('',#8479,#555);
#69=LINE('',#8481,#556);
#70=LINE('',#8483,#557);
#71=LINE('',#8485,#558);
#72=LINE('',#8487,#559);
#73=LINE('',#8488,#560);
#74=LINE('',#8490,#561);
#75=LINE('',#8492,#562);
#76=LINE('',#8494,#563);
#77=LINE('',#8496,#564);
#78=LINE('',#8506,#565);
#79=LINE('',#8528,#566);
#80=LINE('',#8549,#567);
#81=LINE('',#8551,#568);
#82=LINE('',#8553,#569);
#83=LINE('',#8557,#570);
#84=LINE('',#8560,#571);
#85=LINE('',#8562,#572);
#86=LINE('',#8566,#573);
#87=LINE('',#8568,#574);
#88=LINE('',#8570,#575);
#89=LINE('',#8575,#576);
#90=LINE('',#8581,#577);
#91=LINE('',#8585,#578);
#92=LINE('',#8587,#579);
#93=LINE('',#8589,#580);
#94=LINE('',#8591,#581);
#95=LINE('',#8593,#582);
#96=LINE('',#8595,#583);
#97=LINE('',#8597,#584);
#98=LINE('',#8599,#585);
#99=LINE('',#8601,#586);
#100=LINE('',#8603,#587);
#101=LINE('',#8605,#588);
#102=LINE('',#8607,#589);
#103=LINE('',#8609,#590);
#104=LINE('',#8611,#591);
#105=LINE('',#8613,#592);
#106=LINE('',#8617,#593);
#107=LINE('',#8621,#594);
#108=LINE('',#8624,#595);
#109=LINE('',#8626,#596);
#110=LINE('',#8628,#597);
#111=LINE('',#8630,#598);
#112=LINE('',#8632,#599);
#113=LINE('',#8634,#600);
#114=LINE('',#8636,#601);
#115=LINE('',#8638,#602);
#116=LINE('',#8640,#603);
#117=LINE('',#8644,#604);
#118=LINE('',#8650,#605);
#119=LINE('',#8654,#606);
#120=LINE('',#8656,#607);
#121=LINE('',#8658,#608);
#122=LINE('',#8662,#609);
#123=LINE('',#8668,#610);
#124=LINE('',#8674,#611);
#125=LINE('',#8678,#612);
#126=LINE('',#8680,#613);
#127=LINE('',#8682,#614);
#128=LINE('',#8684,#615);
#129=LINE('',#8689,#616);
#130=LINE('',#8695,#617);
#131=LINE('',#8701,#618);
#132=LINE('',#8705,#619);
#133=LINE('',#8707,#620);
#134=LINE('',#8709,#621);
#135=LINE('',#8713,#622);
#136=LINE('',#8719,#623);
#137=LINE('',#8723,#624);
#138=LINE('',#8725,#625);
#139=LINE('',#8727,#626);
#140=LINE('',#8731,#627);
#141=LINE('',#8735,#628);
#142=LINE('',#8738,#629);
#143=LINE('',#8740,#630);
#144=LINE('',#8742,#631);
#145=LINE('',#8744,#632);
#146=LINE('',#8746,#633);
#147=LINE('',#8748,#634);
#148=LINE('',#8750,#635);
#149=LINE('',#8752,#636);
#150=LINE('',#8754,#637);
#151=LINE('',#8758,#638);
#152=LINE('',#8764,#639);
#153=LINE('',#8770,#640);
#154=LINE('',#8774,#641);
#155=LINE('',#8776,#642);
#156=LINE('',#8778,#643);
#157=LINE('',#8780,#644);
#158=LINE('',#8782,#645);
#159=LINE('',#8784,#646);
#160=LINE('',#8786,#647);
#161=LINE('',#8788,#648);
#162=LINE('',#8790,#649);
#163=LINE('',#8794,#650);
#164=LINE('',#8800,#651);
#165=LINE('',#8806,#652);
#166=LINE('',#8812,#653);
#167=LINE('',#8816,#654);
#168=LINE('',#8818,#655);
#169=LINE('',#8820,#656);
#170=LINE('',#8822,#657);
#171=LINE('',#8827,#658);
#172=LINE('',#8833,#659);
#173=LINE('',#8839,#660);
#174=LINE('',#8843,#661);
#175=LINE('',#8845,#662);
#176=LINE('',#8847,#663);
#177=LINE('',#8851,#664);
#178=LINE('',#8857,#665);
#179=LINE('',#8861,#666);
#180=LINE('',#8863,#667);
#181=LINE('',#8865,#668);
#182=LINE('',#8869,#669);
#183=LINE('',#8873,#670);
#184=LINE('',#8876,#671);
#185=LINE('',#8878,#672);
#186=LINE('',#8880,#673);
#187=LINE('',#8882,#674);
#188=LINE('',#8884,#675);
#189=LINE('',#8886,#676);
#190=LINE('',#8888,#677);
#191=LINE('',#8890,#678);
#192=LINE('',#8892,#679);
#193=LINE('',#8896,#680);
#194=LINE('',#8902,#681);
#195=LINE('',#8908,#682);
#196=LINE('',#8914,#683);
#197=LINE('',#8918,#684);
#198=LINE('',#8920,#685);
#199=LINE('',#8922,#686);
#200=LINE('',#8924,#687);
#201=LINE('',#8927,#688);
#202=LINE('',#8929,#689);
#203=LINE('',#8931,#690);
#204=LINE('',#8933,#691);
#205=LINE('',#8935,#692);
#206=LINE('',#8937,#693);
#207=LINE('',#8939,#694);
#208=LINE('',#8941,#695);
#209=LINE('',#8943,#696);
#210=LINE('',#8947,#697);
#211=LINE('',#8953,#698);
#212=LINE('',#8959,#699);
#213=LINE('',#8963,#700);
#214=LINE('',#8965,#701);
#215=LINE('',#8967,#702);
#216=LINE('',#8969,#703);
#217=LINE('',#8971,#704);
#218=LINE('',#8973,#705);
#219=LINE('',#8975,#706);
#220=LINE('',#8977,#707);
#221=LINE('',#8979,#708);
#222=LINE('',#8983,#709);
#223=LINE('',#8989,#710);
#224=LINE('',#8995,#711);
#225=LINE('',#9001,#712);
#226=LINE('',#9005,#713);
#227=LINE('',#9007,#714);
#228=LINE('',#9009,#715);
#229=LINE('',#9011,#716);
#230=LINE('',#9014,#717);
#231=LINE('',#9016,#718);
#232=LINE('',#9018,#719);
#233=LINE('',#9022,#720);
#234=LINE('',#9028,#721);
#235=LINE('',#9034,#722);
#236=LINE('',#9040,#723);
#237=LINE('',#9046,#724);
#238=LINE('',#9052,#725);
#239=LINE('',#9058,#726);
#240=LINE('',#9062,#727);
#241=LINE('',#9064,#728);
#242=LINE('',#9066,#729);
#243=LINE('',#9070,#730);
#244=LINE('',#9076,#731);
#245=LINE('',#9082,#732);
#246=LINE('',#9088,#733);
#247=LINE('',#9094,#734);
#248=LINE('',#9100,#735);
#249=LINE('',#9107,#736);
#250=LINE('',#9108,#737);
#251=LINE('',#9113,#738);
#252=LINE('',#9114,#739);
#253=LINE('',#9119,#740);
#254=LINE('',#9120,#741);
#255=LINE('',#9122,#742);
#256=LINE('',#9123,#743);
#257=LINE('',#9130,#744);
#258=LINE('',#9132,#745);
#259=LINE('',#9134,#746);
#260=LINE('',#9152,#747);
#261=LINE('',#9169,#748);
#262=LINE('',#9171,#749);
#263=LINE('',#9173,#750);
#264=LINE('',#9177,#751);
#265=LINE('',#9179,#752);
#266=LINE('',#9181,#753);
#267=LINE('',#9187,#754);
#268=LINE('',#9207,#755);
#269=LINE('',#9208,#756);
#270=LINE('',#9210,#757);
#271=LINE('',#9212,#758);
#272=LINE('',#9218,#759);
#273=LINE('',#9227,#760);
#274=LINE('',#9229,#761);
#275=LINE('',#9230,#762);
#276=LINE('',#9232,#763);
#277=LINE('',#9238,#764);
#278=LINE('',#9247,#765);
#279=LINE('',#9249,#766);
#280=LINE('',#9250,#767);
#281=LINE('',#9252,#768);
#282=LINE('',#9273,#769);
#283=LINE('',#9274,#770);
#284=LINE('',#9276,#771);
#285=LINE('',#9278,#772);
#286=LINE('',#9285,#773);
#287=LINE('',#9289,#774);
#288=LINE('',#9293,#775);
#289=LINE('',#9297,#776);
#290=LINE('',#9299,#777);
#291=LINE('',#9301,#778);
#292=LINE('',#9303,#779);
#293=LINE('',#9305,#780);
#294=LINE('',#9307,#781);
#295=LINE('',#9312,#782);
#296=LINE('',#9314,#783);
#297=LINE('',#9321,#784);
#298=LINE('',#9330,#785);
#299=LINE('',#9480,#786);
#300=LINE('',#9493,#787);
#301=LINE('',#9497,#788);
#302=LINE('',#9510,#789);
#303=LINE('',#9523,#790);
#304=LINE('',#9527,#791);
#305=LINE('',#9538,#792);
#306=LINE('',#9542,#793);
#307=LINE('',#9544,#794);
#308=LINE('',#9547,#795);
#309=LINE('',#9549,#796);
#310=LINE('',#9551,#797);
#311=LINE('',#9553,#798);
#312=LINE('',#9555,#799);
#313=LINE('',#9557,#800);
#314=LINE('',#9561,#801);
#315=LINE('',#9563,#802);
#316=LINE('',#9565,#803);
#317=LINE('',#9567,#804);
#318=LINE('',#9571,#805);
#319=LINE('',#9575,#806);
#320=LINE('',#9579,#807);
#321=LINE('',#9581,#808);
#322=LINE('',#9583,#809);
#323=LINE('',#9585,#810);
#324=LINE('',#9587,#811);
#325=LINE('',#9591,#812);
#326=LINE('',#9594,#813);
#327=LINE('',#9596,#814);
#328=LINE('',#9599,#815);
#329=LINE('',#9601,#816);
#330=LINE('',#9605,#817);
#331=LINE('',#9607,#818);
#332=LINE('',#9609,#819);
#333=LINE('',#9611,#820);
#334=LINE('',#9613,#821);
#335=LINE('',#9615,#822);
#336=LINE('',#9617,#823);
#337=LINE('',#9619,#824);
#338=LINE('',#9622,#825);
#339=LINE('',#9625,#826);
#340=LINE('',#9629,#827);
#341=LINE('',#9631,#828);
#342=LINE('',#9633,#829);
#343=LINE('',#9635,#830);
#344=LINE('',#9637,#831);
#345=LINE('',#9641,#832);
#346=LINE('',#9645,#833);
#347=LINE('',#9648,#834);
#348=LINE('',#9650,#835);
#349=LINE('',#9652,#836);
#350=LINE('',#9655,#837);
#351=LINE('',#9656,#838);
#352=LINE('',#9658,#839);
#353=LINE('',#9660,#840);
#354=LINE('',#9662,#841);
#355=LINE('',#9664,#842);
#356=LINE('',#9666,#843);
#357=LINE('',#9668,#844);
#358=LINE('',#9671,#845);
#359=LINE('',#9673,#846);
#360=LINE('',#9674,#847);
#361=LINE('',#9676,#848);
#362=LINE('',#9678,#849);
#363=LINE('',#9680,#850);
#364=LINE('',#9684,#851);
#365=LINE('',#9687,#852);
#366=LINE('',#9692,#853);
#367=LINE('',#9696,#854);
#368=LINE('',#9700,#855);
#369=LINE('',#9703,#856);
#370=LINE('',#9706,#857);
#371=LINE('',#9708,#858);
#372=LINE('',#9710,#859);
#373=LINE('',#9712,#860);
#374=LINE('',#9714,#861);
#375=LINE('',#9716,#862);
#376=LINE('',#9718,#863);
#377=LINE('',#9720,#864);
#378=LINE('',#9722,#865);
#379=LINE('',#9723,#866);
#380=LINE('',#9726,#867);
#381=LINE('',#9728,#868);
#382=LINE('',#9730,#869);
#383=LINE('',#9732,#870);
#384=LINE('',#9734,#871);
#385=LINE('',#9736,#872);
#386=LINE('',#9738,#873);
#387=LINE('',#9740,#874);
#388=LINE('',#9742,#875);
#389=LINE('',#9744,#876);
#390=LINE('',#9748,#877);
#391=LINE('',#9754,#878);
#392=LINE('',#9758,#879);
#393=LINE('',#9762,#880);
#394=LINE('',#9766,#881);
#395=LINE('',#9767,#882);
#396=LINE('',#9770,#883);
#397=LINE('',#9772,#884);
#398=LINE('',#9774,#885);
#399=LINE('',#9776,#886);
#400=LINE('',#9778,#887);
#401=LINE('',#9780,#888);
#402=LINE('',#9782,#889);
#403=LINE('',#9784,#890);
#404=LINE('',#9786,#891);
#405=LINE('',#9788,#892);
#406=LINE('',#9790,#893);
#407=LINE('',#9791,#894);
#408=LINE('',#9793,#895);
#409=LINE('',#9795,#896);
#410=LINE('',#9797,#897);
#411=LINE('',#9802,#898);
#412=LINE('',#9806,#899);
#413=LINE('',#9808,#900);
#414=LINE('',#9810,#901);
#415=LINE('',#9812,#902);
#416=LINE('',#9817,#903);
#417=LINE('',#9821,#904);
#418=LINE('',#9823,#905);
#419=LINE('',#9835,#906);
#420=LINE('',#9837,#907);
#421=LINE('',#9839,#908);
#422=LINE('',#9841,#909);
#423=LINE('',#9843,#910);
#424=LINE('',#9845,#911);
#425=LINE('',#9847,#912);
#426=LINE('',#9849,#913);
#427=LINE('',#9851,#914);
#428=LINE('',#9853,#915);
#429=LINE('',#9855,#916);
#430=LINE('',#9857,#917);
#431=LINE('',#9859,#918);
#432=LINE('',#9861,#919);
#433=LINE('',#9863,#920);
#434=LINE('',#9865,#921);
#435=LINE('',#9867,#922);
#436=LINE('',#9869,#923);
#437=LINE('',#9871,#924);
#438=LINE('',#9873,#925);
#439=LINE('',#9877,#926);
#440=LINE('',#9879,#927);
#441=LINE('',#9881,#928);
#442=LINE('',#9885,#929);
#443=LINE('',#9887,#930);
#444=LINE('',#9889,#931);
#445=LINE('',#9893,#932);
#446=LINE('',#9895,#933);
#447=LINE('',#9897,#934);
#448=LINE('',#9901,#935);
#449=LINE('',#9903,#936);
#450=LINE('',#9905,#937);
#451=LINE('',#9911,#938);
#452=LINE('',#9917,#939);
#453=LINE('',#9921,#940);
#454=LINE('',#9923,#941);
#455=LINE('',#9925,#942);
#456=LINE('',#9929,#943);
#457=LINE('',#9933,#944);
#458=LINE('',#9935,#945);
#459=LINE('',#9937,#946);
#460=LINE('',#9941,#947);
#461=LINE('',#9946,#948);
#462=LINE('',#9948,#949);
#463=LINE('',#9950,#950);
#464=LINE('',#9952,#951);
#465=LINE('',#9954,#952);
#466=LINE('',#9956,#953);
#467=LINE('',#9958,#954);
#468=LINE('',#9960,#955);
#469=LINE('',#9962,#956);
#470=LINE('',#9964,#957);
#471=LINE('',#9966,#958);
#472=LINE('',#9968,#959);
#473=LINE('',#9970,#960);
#474=LINE('',#9972,#961);
#475=LINE('',#9974,#962);
#476=LINE('',#9976,#963);
#477=LINE('',#9978,#964);
#478=LINE('',#9980,#965);
#479=LINE('',#9982,#966);
#480=LINE('',#9984,#967);
#481=LINE('',#9986,#968);
#482=LINE('',#9988,#969);
#483=LINE('',#9990,#970);
#484=LINE('',#9992,#971);
#485=LINE('',#9994,#972);
#486=LINE('',#9996,#973);
#487=LINE('',#9998,#974);
#488=LINE('',#10000,#975);
#489=LINE('',#10002,#976);
#490=LINE('',#10004,#977);
#491=LINE('',#10006,#978);
#492=LINE('',#10008,#979);
#493=LINE('',#10010,#980);
#494=LINE('',#10012,#981);
#495=LINE('',#10014,#982);
#496=LINE('',#10016,#983);
#497=LINE('',#10018,#984);
#498=LINE('',#10020,#985);
#499=LINE('',#10022,#986);
#500=LINE('',#10024,#987);
#501=LINE('',#10026,#988);
#502=LINE('',#10030,#989);
#503=LINE('',#10032,#990);
#504=LINE('',#10034,#991);
#505=LINE('',#10038,#992);
#506=LINE('',#10040,#993);
#507=LINE('',#10042,#994);
#508=LINE('',#10046,#995);
#509=LINE('',#10048,#996);
#510=LINE('',#10050,#997);
#511=LINE('',#10052,#998);
#512=LINE('',#10054,#999);
#513=LINE('',#10060,#1000);
#514=LINE('',#10067,#1001);
#515=LINE('',#10073,#1002);
#516=LINE('',#10077,#1003);
#517=LINE('',#10081,#1004);
#518=LINE('',#10083,#1005);
#519=LINE('',#10085,#1006);
#520=LINE('',#10089,#1007);
#521=LINE('',#10093,#1008);
#522=LINE('',#10095,#1009);
#523=VECTOR('',#6638,39.3700787401575);
#524=VECTOR('',#6639,39.3700787401575);
#525=VECTOR('',#6640,39.3700787401575);
#526=VECTOR('',#6641,39.3700787401575);
#527=VECTOR('',#6642,39.3700787401575);
#528=VECTOR('',#6643,39.3700787401575);
#529=VECTOR('',#6644,39.3700787401575);
#530=VECTOR('',#6645,39.3700787401575);
#531=VECTOR('',#6660,39.3700787401575);
#532=VECTOR('',#6661,39.3700787401575);
#533=VECTOR('',#6662,39.3700787401575);
#534=VECTOR('',#6663,39.3700787401575);
#535=VECTOR('',#6664,39.3700787401575);
#536=VECTOR('',#6665,39.3700787401575);
#537=VECTOR('',#6668,39.3700787401575);
#538=VECTOR('',#6669,39.3700787401575);
#539=VECTOR('',#6670,39.3700787401575);
#540=VECTOR('',#6673,39.3700787401575);
#541=VECTOR('',#6674,39.3700787401575);
#542=VECTOR('',#6677,39.3700787401575);
#543=VECTOR('',#6678,39.3700787401575);
#544=VECTOR('',#6681,39.3700787401575);
#545=VECTOR('',#6682,39.3700787401575);
#546=VECTOR('',#6685,39.3700787401575);
#547=VECTOR('',#6686,39.3700787401575);
#548=VECTOR('',#6689,39.3700787401575);
#549=VECTOR('',#6690,39.3700787401575);
#550=VECTOR('',#6693,39.3700787401575);
#551=VECTOR('',#6694,39.3700787401575);
#552=VECTOR('',#6697,39.3700787401575);
#553=VECTOR('',#6712,39.3700787401575);
#554=VECTOR('',#6713,39.3700787401575);
#555=VECTOR('',#6714,39.3700787401575);
#556=VECTOR('',#6715,39.3700787401575);
#557=VECTOR('',#6716,39.3700787401575);
#558=VECTOR('',#6717,39.3700787401575);
#559=VECTOR('',#6720,39.3700787401575);
#560=VECTOR('',#6721,39.3700787401575);
#561=VECTOR('',#6724,39.3700787401575);
#562=VECTOR('',#6727,39.3700787401575);
#563=VECTOR('',#6730,39.3700787401575);
#564=VECTOR('',#6733,39.3700787401575);
#565=VECTOR('',#6748,39.3700787401575);
#566=VECTOR('',#6749,39.3700787401575);
#567=VECTOR('',#6754,39.3700787401575);
#568=VECTOR('',#6755,39.3700787401575);
#569=VECTOR('',#6756,39.3700787401575);
#570=VECTOR('',#6761,39.3700787401575);
#571=VECTOR('',#6762,39.3700787401575);
#572=VECTOR('',#6763,39.3700787401575);
#573=VECTOR('',#6766,39.3700787401575);
#574=VECTOR('',#6767,39.3700787401575);
#575=VECTOR('',#6770,39.3700787401575);
#576=VECTOR('',#6773,39.3700787401575);
#577=VECTOR('',#6780,39.3700787401575);
#578=VECTOR('',#6785,39.3700787401575);
#579=VECTOR('',#6786,39.3700787401575);
#580=VECTOR('',#6787,39.3700787401575);
#581=VECTOR('',#6790,39.3700787401575);
#582=VECTOR('',#6791,39.3700787401575);
#583=VECTOR('',#6792,39.3700787401575);
#584=VECTOR('',#6795,39.3700787401575);
#585=VECTOR('',#6796,39.3700787401575);
#586=VECTOR('',#6797,39.3700787401575);
#587=VECTOR('',#6800,39.3700787401575);
#588=VECTOR('',#6801,39.3700787401575);
#589=VECTOR('',#6802,39.3700787401575);
#590=VECTOR('',#6805,39.3700787401575);
#591=VECTOR('',#6806,39.3700787401575);
#592=VECTOR('',#6807,39.3700787401575);
#593=VECTOR('',#6812,39.3700787401575);
#594=VECTOR('',#6817,39.3700787401575);
#595=VECTOR('',#6818,39.3700787401575);
#596=VECTOR('',#6819,39.3700787401575);
#597=VECTOR('',#6820,39.3700787401575);
#598=VECTOR('',#6823,39.3700787401575);
#599=VECTOR('',#6824,39.3700787401575);
#600=VECTOR('',#6825,39.3700787401575);
#601=VECTOR('',#6828,39.3700787401575);
#602=VECTOR('',#6829,39.3700787401575);
#603=VECTOR('',#6830,39.3700787401575);
#604=VECTOR('',#6835,39.3700787401575);
#605=VECTOR('',#6842,39.3700787401575);
#606=VECTOR('',#6847,39.3700787401575);
#607=VECTOR('',#6848,39.3700787401575);
#608=VECTOR('',#6849,39.3700787401575);
#609=VECTOR('',#6854,39.3700787401575);
#610=VECTOR('',#6861,39.3700787401575);
#611=VECTOR('',#6868,39.3700787401575);
#612=VECTOR('',#6873,39.3700787401575);
#613=VECTOR('',#6874,39.3700787401575);
#614=VECTOR('',#6875,39.3700787401575);
#615=VECTOR('',#6878,39.3700787401575);
#616=VECTOR('',#6881,39.3700787401575);
#617=VECTOR('',#6888,39.3700787401575);
#618=VECTOR('',#6895,39.3700787401575);
#619=VECTOR('',#6900,39.3700787401575);
#620=VECTOR('',#6901,39.3700787401575);
#621=VECTOR('',#6902,39.3700787401575);
#622=VECTOR('',#6907,39.3700787401575);
#623=VECTOR('',#6914,39.3700787401575);
#624=VECTOR('',#6919,39.3700787401575);
#625=VECTOR('',#6920,39.3700787401575);
#626=VECTOR('',#6921,39.3700787401575);
#627=VECTOR('',#6926,39.3700787401575);
#628=VECTOR('',#6931,39.3700787401575);
#629=VECTOR('',#6932,39.3700787401575);
#630=VECTOR('',#6933,39.3700787401575);
#631=VECTOR('',#6934,39.3700787401575);
#632=VECTOR('',#6937,39.3700787401575);
#633=VECTOR('',#6938,39.3700787401575);
#634=VECTOR('',#6939,39.3700787401575);
#635=VECTOR('',#6942,39.3700787401575);
#636=VECTOR('',#6943,39.3700787401575);
#637=VECTOR('',#6944,39.3700787401575);
#638=VECTOR('',#6949,39.3700787401575);
#639=VECTOR('',#6956,39.3700787401575);
#640=VECTOR('',#6963,39.3700787401575);
#641=VECTOR('',#6968,39.3700787401575);
#642=VECTOR('',#6969,39.3700787401575);
#643=VECTOR('',#6970,39.3700787401575);
#644=VECTOR('',#6973,39.3700787401575);
#645=VECTOR('',#6974,39.3700787401575);
#646=VECTOR('',#6975,39.3700787401575);
#647=VECTOR('',#6978,39.3700787401575);
#648=VECTOR('',#6979,39.3700787401575);
#649=VECTOR('',#6980,39.3700787401575);
#650=VECTOR('',#6985,39.3700787401575);
#651=VECTOR('',#6992,39.3700787401575);
#652=VECTOR('',#6999,39.3700787401575);
#653=VECTOR('',#7006,39.3700787401575);
#654=VECTOR('',#7011,39.3700787401575);
#655=VECTOR('',#7012,39.3700787401575);
#656=VECTOR('',#7013,39.3700787401575);
#657=VECTOR('',#7016,39.3700787401575);
#658=VECTOR('',#7019,39.3700787401575);
#659=VECTOR('',#7026,39.3700787401575);
#660=VECTOR('',#7033,39.3700787401575);
#661=VECTOR('',#7038,39.3700787401575);
#662=VECTOR('',#7039,39.3700787401575);
#663=VECTOR('',#7040,39.3700787401575);
#664=VECTOR('',#7045,39.3700787401575);
#665=VECTOR('',#7052,39.3700787401575);
#666=VECTOR('',#7057,39.3700787401575);
#667=VECTOR('',#7058,39.3700787401575);
#668=VECTOR('',#7059,39.3700787401575);
#669=VECTOR('',#7064,39.3700787401575);
#670=VECTOR('',#7069,39.3700787401575);
#671=VECTOR('',#7070,39.3700787401575);
#672=VECTOR('',#7071,39.3700787401575);
#673=VECTOR('',#7072,39.3700787401575);
#674=VECTOR('',#7075,39.3700787401575);
#675=VECTOR('',#7076,39.3700787401575);
#676=VECTOR('',#7077,39.3700787401575);
#677=VECTOR('',#7080,39.3700787401575);
#678=VECTOR('',#7081,39.3700787401575);
#679=VECTOR('',#7082,39.3700787401575);
#680=VECTOR('',#7087,39.3700787401575);
#681=VECTOR('',#7094,39.3700787401575);
#682=VECTOR('',#7101,39.3700787401575);
#683=VECTOR('',#7108,39.3700787401575);
#684=VECTOR('',#7113,39.3700787401575);
#685=VECTOR('',#7114,39.3700787401575);
#686=VECTOR('',#7115,39.3700787401575);
#687=VECTOR('',#7118,39.3700787401575);
#688=VECTOR('',#7119,39.3700787401575);
#689=VECTOR('',#7120,39.3700787401575);
#690=VECTOR('',#7121,39.3700787401575);
#691=VECTOR('',#7124,39.3700787401575);
#692=VECTOR('',#7125,39.3700787401575);
#693=VECTOR('',#7126,39.3700787401575);
#694=VECTOR('',#7129,39.3700787401575);
#695=VECTOR('',#7130,39.3700787401575);
#696=VECTOR('',#7131,39.3700787401575);
#697=VECTOR('',#7136,39.3700787401575);
#698=VECTOR('',#7143,39.3700787401575);
#699=VECTOR('',#7150,39.3700787401575);
#700=VECTOR('',#7155,39.3700787401575);
#701=VECTOR('',#7156,39.3700787401575);
#702=VECTOR('',#7157,39.3700787401575);
#703=VECTOR('',#7160,39.3700787401575);
#704=VECTOR('',#7161,39.3700787401575);
#705=VECTOR('',#7162,39.3700787401575);
#706=VECTOR('',#7165,39.3700787401575);
#707=VECTOR('',#7166,39.3700787401575);
#708=VECTOR('',#7167,39.3700787401575);
#709=VECTOR('',#7172,39.3700787401575);
#710=VECTOR('',#7179,39.3700787401575);
#711=VECTOR('',#7186,39.3700787401575);
#712=VECTOR('',#7193,39.3700787401575);
#713=VECTOR('',#7198,39.3700787401575);
#714=VECTOR('',#7199,39.3700787401575);
#715=VECTOR('',#7200,39.3700787401575);
#716=VECTOR('',#7203,39.3700787401575);
#717=VECTOR('',#7204,39.3700787401575);
#718=VECTOR('',#7205,39.3700787401575);
#719=VECTOR('',#7206,39.3700787401575);
#720=VECTOR('',#7211,39.3700787401575);
#721=VECTOR('',#7218,39.3700787401575);
#722=VECTOR('',#7225,39.3700787401575);
#723=VECTOR('',#7232,39.3700787401575);
#724=VECTOR('',#7239,39.3700787401575);
#725=VECTOR('',#7246,39.3700787401575);
#726=VECTOR('',#7253,39.3700787401575);
#727=VECTOR('',#7258,39.3700787401575);
#728=VECTOR('',#7259,39.3700787401575);
#729=VECTOR('',#7260,39.3700787401575);
#730=VECTOR('',#7265,39.3700787401575);
#731=VECTOR('',#7272,39.3700787401575);
#732=VECTOR('',#7279,39.3700787401575);
#733=VECTOR('',#7286,39.3700787401575);
#734=VECTOR('',#7293,39.3700787401575);
#735=VECTOR('',#7300,39.3700787401575);
#736=VECTOR('',#7311,39.3700787401575);
#737=VECTOR('',#7312,39.3700787401575);
#738=VECTOR('',#7321,39.3700787401575);
#739=VECTOR('',#7322,39.3700787401575);
#740=VECTOR('',#7331,39.3700787401575);
#741=VECTOR('',#7332,39.3700787401575);
#742=VECTOR('',#7335,39.3700787401575);
#743=VECTOR('',#7336,39.3700787401575);
#744=VECTOR('',#7347,39.3700787401575);
#745=VECTOR('',#7348,39.3700787401575);
#746=VECTOR('',#7349,39.3700787401575);
#747=VECTOR('',#7360,39.3700787401575);
#748=VECTOR('',#7367,39.3700787401575);
#749=VECTOR('',#7368,39.3700787401575);
#750=VECTOR('',#7369,39.3700787401575);
#751=VECTOR('',#7372,39.3700787401575);
#752=VECTOR('',#7375,39.3700787401575);
#753=VECTOR('',#7378,39.3700787401575);
#754=VECTOR('',#7385,39.3700787401575);
#755=VECTOR('',#7408,39.3700787401575);
#756=VECTOR('',#7409,39.3700787401575);
#757=VECTOR('',#7412,39.3700787401575);
#758=VECTOR('',#7415,39.3700787401575);
#759=VECTOR('',#7422,39.3700787401575);
#760=VECTOR('',#7431,39.3700787401575);
#761=VECTOR('',#7434,39.3700787401575);
#762=VECTOR('',#7435,39.3700787401575);
#763=VECTOR('',#7438,39.3700787401575);
#764=VECTOR('',#7445,39.3700787401575);
#765=VECTOR('',#7454,39.3700787401575);
#766=VECTOR('',#7457,39.3700787401575);
#767=VECTOR('',#7458,39.3700787401575);
#768=VECTOR('',#7461,39.3700787401575);
#769=VECTOR('',#7486,39.3700787401575);
#770=VECTOR('',#7487,39.3700787401575);
#771=VECTOR('',#7490,39.3700787401575);
#772=VECTOR('',#7493,39.3700787401575);
#773=VECTOR('',#7506,39.3700787401575);
#774=VECTOR('',#7509,39.3700787401575);
#775=VECTOR('',#7514,39.3700787401575);
#776=VECTOR('',#7519,39.3700787401575);
#777=VECTOR('',#7522,39.3700787401575);
#778=VECTOR('',#7523,39.3700787401575);
#779=VECTOR('',#7524,39.3700787401575);
#780=VECTOR('',#7527,39.3700787401575);
#781=VECTOR('',#7530,39.3700787401575);
#782=VECTOR('',#7535,39.3700787401575);
#783=VECTOR('',#7538,39.3700787401575);
#784=VECTOR('',#7541,39.3700787401575);
#785=VECTOR('',#7546,39.3700787401575);
#786=VECTOR('',#7753,39.3700787401575);
#787=VECTOR('',#7754,39.3700787401575);
#788=VECTOR('',#7759,39.3700787401575);
#789=VECTOR('',#7760,39.3700787401575);
#790=VECTOR('',#7765,39.3700787401575);
#791=VECTOR('',#7768,39.3700787401575);
#792=VECTOR('',#7771,39.3700787401575);
#793=VECTOR('',#7774,39.3700787401575);
#794=VECTOR('',#7777,39.3700787401575);
#795=VECTOR('',#7778,39.3700787401575);
#796=VECTOR('',#7779,39.3700787401575);
#797=VECTOR('',#7780,39.3700787401575);
#798=VECTOR('',#7781,39.3700787401575);
#799=VECTOR('',#7782,39.3700787401575);
#800=VECTOR('',#7783,39.3700787401575);
#801=VECTOR('',#7786,39.3700787401575);
#802=VECTOR('',#7787,39.3700787401575);
#803=VECTOR('',#7788,39.3700787401575);
#804=VECTOR('',#7789,39.3700787401575);
#805=VECTOR('',#7796,39.3700787401575);
#806=VECTOR('',#7799,39.3700787401575);
#807=VECTOR('',#7802,39.3700787401575);
#808=VECTOR('',#7803,39.3700787401575);
#809=VECTOR('',#7804,39.3700787401575);
#810=VECTOR('',#7805,39.3700787401575);
#811=VECTOR('',#7806,39.3700787401575);
#812=VECTOR('',#7809,39.3700787401575);
#813=VECTOR('',#7814,39.3700787401575);
#814=VECTOR('',#7817,39.3700787401575);
#815=VECTOR('',#7818,39.3700787401575);
#816=VECTOR('',#7819,39.3700787401575);
#817=VECTOR('',#7822,39.3700787401575);
#818=VECTOR('',#7823,39.3700787401575);
#819=VECTOR('',#7824,39.3700787401575);
#820=VECTOR('',#7825,39.3700787401575);
#821=VECTOR('',#7826,39.3700787401575);
#822=VECTOR('',#7827,39.3700787401575);
#823=VECTOR('',#7828,39.3700787401575);
#824=VECTOR('',#7829,39.3700787401575);
#825=VECTOR('',#7834,39.3700787401575);
#826=VECTOR('',#7839,39.3700787401575);
#827=VECTOR('',#7842,39.3700787401575);
#828=VECTOR('',#7843,39.3700787401575);
#829=VECTOR('',#7844,39.3700787401575);
#830=VECTOR('',#7845,39.3700787401575);
#831=VECTOR('',#7846,39.3700787401575);
#832=VECTOR('',#7849,39.3700787401575);
#833=VECTOR('',#7852,39.3700787401575);
#834=VECTOR('',#7857,39.3700787401575);
#835=VECTOR('',#7858,39.3700787401575);
#836=VECTOR('',#7859,39.3700787401575);
#837=VECTOR('',#7864,39.3700787401575);
#838=VECTOR('',#7865,39.3700787401575);
#839=VECTOR('',#7866,39.3700787401575);
#840=VECTOR('',#7867,39.3700787401575);
#841=VECTOR('',#7870,39.3700787401575);
#842=VECTOR('',#7873,39.3700787401575);
#843=VECTOR('',#7876,39.3700787401575);
#844=VECTOR('',#7879,39.3700787401575);
#845=VECTOR('',#7884,39.3700787401575);
#846=VECTOR('',#7885,39.3700787401575);
#847=VECTOR('',#7886,39.3700787401575);
#848=VECTOR('',#7889,39.3700787401575);
#849=VECTOR('',#7890,39.3700787401575);
#850=VECTOR('',#7893,39.3700787401575);
#851=VECTOR('',#7896,39.3700787401575);
#852=VECTOR('',#7899,39.3700787401575);
#853=VECTOR('',#7902,39.3700787401575);
#854=VECTOR('',#7905,39.3700787401575);
#855=VECTOR('',#7908,39.3700787401575);
#856=VECTOR('',#7911,39.3700787401575);
#857=VECTOR('',#7912,39.3700787401575);
#858=VECTOR('',#7913,39.3700787401575);
#859=VECTOR('',#7914,39.3700787401575);
#860=VECTOR('',#7915,39.3700787401575);
#861=VECTOR('',#7916,39.3700787401575);
#862=VECTOR('',#7917,39.3700787401575);
#863=VECTOR('',#7918,39.3700787401575);
#864=VECTOR('',#7919,39.3700787401575);
#865=VECTOR('',#7920,39.3700787401575);
#866=VECTOR('',#7921,39.3700787401575);
#867=VECTOR('',#7922,39.3700787401575);
#868=VECTOR('',#7923,39.3700787401575);
#869=VECTOR('',#7924,39.3700787401575);
#870=VECTOR('',#7925,39.3700787401575);
#871=VECTOR('',#7926,39.3700787401575);
#872=VECTOR('',#7927,39.3700787401575);
#873=VECTOR('',#7928,39.3700787401575);
#874=VECTOR('',#7929,39.3700787401575);
#875=VECTOR('',#7930,39.3700787401575);
#876=VECTOR('',#7933,39.3700787401575);
#877=VECTOR('',#7936,39.3700787401575);
#878=VECTOR('',#7941,39.3700787401575);
#879=VECTOR('',#7944,39.3700787401575);
#880=VECTOR('',#7947,39.3700787401575);
#881=VECTOR('',#7950,39.3700787401575);
#882=VECTOR('',#7951,39.3700787401575);
#883=VECTOR('',#7952,39.3700787401575);
#884=VECTOR('',#7953,39.3700787401575);
#885=VECTOR('',#7954,39.3700787401575);
#886=VECTOR('',#7955,39.3700787401575);
#887=VECTOR('',#7956,39.3700787401575);
#888=VECTOR('',#7957,39.3700787401575);
#889=VECTOR('',#7958,39.3700787401575);
#890=VECTOR('',#7959,39.3700787401575);
#891=VECTOR('',#7960,39.3700787401575);
#892=VECTOR('',#7963,39.3700787401575);
#893=VECTOR('',#7964,39.3700787401575);
#894=VECTOR('',#7965,39.3700787401575);
#895=VECTOR('',#7968,39.3700787401575);
#896=VECTOR('',#7971,39.3700787401575);
#897=VECTOR('',#7974,39.3700787401575);
#898=VECTOR('',#7981,39.3700787401575);
#899=VECTOR('',#7984,39.3700787401575);
#900=VECTOR('',#7987,39.3700787401575);
#901=VECTOR('',#7990,39.3700787401575);
#902=VECTOR('',#7993,39.3700787401575);
#903=VECTOR('',#8000,39.3700787401575);
#904=VECTOR('',#8005,39.3700787401575);
#905=VECTOR('',#8008,39.3700787401575);
#906=VECTOR('',#8031,39.3700787401575);
#907=VECTOR('',#8032,39.3700787401575);
#908=VECTOR('',#8033,39.3700787401575);
#909=VECTOR('',#8036,39.3700787401575);
#910=VECTOR('',#8037,39.3700787401575);
#911=VECTOR('',#8040,39.3700787401575);
#912=VECTOR('',#8041,39.3700787401575);
#913=VECTOR('',#8044,39.3700787401575);
#914=VECTOR('',#8045,39.3700787401575);
#915=VECTOR('',#8048,39.3700787401575);
#916=VECTOR('',#8049,39.3700787401575);
#917=VECTOR('',#8052,39.3700787401575);
#918=VECTOR('',#8053,39.3700787401575);
#919=VECTOR('',#8056,39.3700787401575);
#920=VECTOR('',#8057,39.3700787401575);
#921=VECTOR('',#8060,39.3700787401575);
#922=VECTOR('',#8061,39.3700787401575);
#923=VECTOR('',#8064,39.3700787401575);
#924=VECTOR('',#8065,39.3700787401575);
#925=VECTOR('',#8068,39.3700787401575);
#926=VECTOR('',#8071,39.3700787401575);
#927=VECTOR('',#8074,39.3700787401575);
#928=VECTOR('',#8075,39.3700787401575);
#929=VECTOR('',#8080,39.3700787401575);
#930=VECTOR('',#8083,39.3700787401575);
#931=VECTOR('',#8084,39.3700787401575);
#932=VECTOR('',#8089,39.3700787401575);
#933=VECTOR('',#8092,39.3700787401575);
#934=VECTOR('',#8093,39.3700787401575);
#935=VECTOR('',#8098,39.3700787401575);
#936=VECTOR('',#8101,39.3700787401575);
#937=VECTOR('',#8104,39.3700787401575);
#938=VECTOR('',#8111,39.3700787401575);
#939=VECTOR('',#8116,39.3700787401575);
#940=VECTOR('',#8121,39.3700787401575);
#941=VECTOR('',#8122,39.3700787401575);
#942=VECTOR('',#8123,39.3700787401575);
#943=VECTOR('',#8128,39.3700787401575);
#944=VECTOR('',#8133,39.3700787401575);
#945=VECTOR('',#8136,39.3700787401575);
#946=VECTOR('',#8137,39.3700787401575);
#947=VECTOR('',#8142,39.3700787401575);
#948=VECTOR('',#8151,39.3700787401575);
#949=VECTOR('',#8152,39.3700787401575);
#950=VECTOR('',#8153,39.3700787401575);
#951=VECTOR('',#8156,39.3700787401575);
#952=VECTOR('',#8157,39.3700787401575);
#953=VECTOR('',#8160,39.3700787401575);
#954=VECTOR('',#8161,39.3700787401575);
#955=VECTOR('',#8164,39.3700787401575);
#956=VECTOR('',#8165,39.3700787401575);
#957=VECTOR('',#8168,39.3700787401575);
#958=VECTOR('',#8169,39.3700787401575);
#959=VECTOR('',#8172,39.3700787401575);
#960=VECTOR('',#8173,39.3700787401575);
#961=VECTOR('',#8176,39.3700787401575);
#962=VECTOR('',#8177,39.3700787401575);
#963=VECTOR('',#8180,39.3700787401575);
#964=VECTOR('',#8181,39.3700787401575);
#965=VECTOR('',#8184,39.3700787401575);
#966=VECTOR('',#8185,39.3700787401575);
#967=VECTOR('',#8188,39.3700787401575);
#968=VECTOR('',#8189,39.3700787401575);
#969=VECTOR('',#8190,39.3700787401575);
#970=VECTOR('',#8193,39.3700787401575);
#971=VECTOR('',#8194,39.3700787401575);
#972=VECTOR('',#8197,39.3700787401575);
#973=VECTOR('',#8198,39.3700787401575);
#974=VECTOR('',#8201,39.3700787401575);
#975=VECTOR('',#8202,39.3700787401575);
#976=VECTOR('',#8205,39.3700787401575);
#977=VECTOR('',#8206,39.3700787401575);
#978=VECTOR('',#8209,39.3700787401575);
#979=VECTOR('',#8210,39.3700787401575);
#980=VECTOR('',#8213,39.3700787401575);
#981=VECTOR('',#8214,39.3700787401575);
#982=VECTOR('',#8217,39.3700787401575);
#983=VECTOR('',#8218,39.3700787401575);
#984=VECTOR('',#8221,39.3700787401575);
#985=VECTOR('',#8222,39.3700787401575);
#986=VECTOR('',#8225,39.3700787401575);
#987=VECTOR('',#8226,39.3700787401575);
#988=VECTOR('',#8227,39.3700787401575);
#989=VECTOR('',#8232,39.3700787401575);
#990=VECTOR('',#8235,39.3700787401575);
#991=VECTOR('',#8236,39.3700787401575);
#992=VECTOR('',#8241,39.3700787401575);
#993=VECTOR('',#8244,39.3700787401575);
#994=VECTOR('',#8245,39.3700787401575);
#995=VECTOR('',#8250,39.3700787401575);
#996=VECTOR('',#8253,39.3700787401575);
#997=VECTOR('',#8254,39.3700787401575);
#998=VECTOR('',#8257,39.3700787401575);
#999=VECTOR('',#8260,39.3700787401575);
#1000=VECTOR('',#8271,39.3700787401575);
#1001=VECTOR('',#8276,39.3700787401575);
#1002=VECTOR('',#8283,39.3700787401575);
#1003=VECTOR('',#8286,39.3700787401575);
#1004=VECTOR('',#8291,39.3700787401575);
#1005=VECTOR('',#8294,39.3700787401575);
#1006=VECTOR('',#8295,39.3700787401575);
#1007=VECTOR('',#8300,39.3700787401575);
#1008=VECTOR('',#8305,39.3700787401575);
#1009=VECTOR('',#8308,39.3700787401575);
#1010=CONTEXT_DEPENDENT_SHAPE_REPRESENTATION(#1026,#10150);
#1011=CONTEXT_DEPENDENT_SHAPE_REPRESENTATION(#1027,#10152);
#1012=CONTEXT_DEPENDENT_SHAPE_REPRESENTATION(#1028,#10154);
#1013=CONTEXT_DEPENDENT_SHAPE_REPRESENTATION(#1029,#10156);
#1014=CONTEXT_DEPENDENT_SHAPE_REPRESENTATION(#1030,#10158);
#1015=CONTEXT_DEPENDENT_SHAPE_REPRESENTATION(#1031,#10160);
#1016=CONTEXT_DEPENDENT_SHAPE_REPRESENTATION(#1032,#10162);
#1017=CONTEXT_DEPENDENT_SHAPE_REPRESENTATION(#1033,#10164);
#1018=NEXT_ASSEMBLY_USAGE_OCCURRENCE('NAUO1','605Regent Series0',
'605Regent Series0',#10165,#10166,'');
#1019=NEXT_ASSEMBLY_USAGE_OCCURRENCE('NAUO2','PRE-HUR1','PRE-HUR1',#10165,
#10167,'');
#1020=NEXT_ASSEMBLY_USAGE_OCCURRENCE('NAUO3','PRE20ZN_H','PRE20ZN_H',#10165,
#10168,'');
#1021=NEXT_ASSEMBLY_USAGE_OCCURRENCE('NAUO4','PRE2-B-AXLE',
'PRE2-B-AXLE',#10165,#10169,'');
#1022=NEXT_ASSEMBLY_USAGE_OCCURRENCE('NAUO5','007962_core',
'007962_core',#10165,#10170,'');
#1023=NEXT_ASSEMBLY_USAGE_OCCURRENCE('NAUO6','007962_tread',
'007962_tread',#10165,#10171,'');
#1024=NEXT_ASSEMBLY_USAGE_OCCURRENCE('NAUO7','SB','SB',#10165,#10172,'');
#1025=NEXT_ASSEMBLY_USAGE_OCCURRENCE('NAUO8','PRE-W1','PRE-W1',#10165,#10173,
'');
#1026=(
REPRESENTATION_RELATIONSHIP(' ',' ',#5923,#5922)
REPRESENTATION_RELATIONSHIP_WITH_TRANSFORMATION(#1034)
SHAPE_REPRESENTATION_RELATIONSHIP()
);
#1027=(
REPRESENTATION_RELATIONSHIP(' ',' ',#5924,#5922)
REPRESENTATION_RELATIONSHIP_WITH_TRANSFORMATION(#1035)
SHAPE_REPRESENTATION_RELATIONSHIP()
);
#1028=(
REPRESENTATION_RELATIONSHIP(' ',' ',#5925,#5922)
REPRESENTATION_RELATIONSHIP_WITH_TRANSFORMATION(#1036)
SHAPE_REPRESENTATION_RELATIONSHIP()
);
#1029=(
REPRESENTATION_RELATIONSHIP(' ',' ',#5926,#5922)
REPRESENTATION_RELATIONSHIP_WITH_TRANSFORMATION(#1037)
SHAPE_REPRESENTATION_RELATIONSHIP()
);
#1030=(
REPRESENTATION_RELATIONSHIP(' ',' ',#5927,#5922)
REPRESENTATION_RELATIONSHIP_WITH_TRANSFORMATION(#1038)
SHAPE_REPRESENTATION_RELATIONSHIP()
);
#1031=(
REPRESENTATION_RELATIONSHIP(' ',' ',#5928,#5922)
REPRESENTATION_RELATIONSHIP_WITH_TRANSFORMATION(#1039)
SHAPE_REPRESENTATION_RELATIONSHIP()
);
#1032=(
REPRESENTATION_RELATIONSHIP(' ',' ',#5929,#5922)
REPRESENTATION_RELATIONSHIP_WITH_TRANSFORMATION(#1040)
SHAPE_REPRESENTATION_RELATIONSHIP()
);
#1033=(
REPRESENTATION_RELATIONSHIP(' ',' ',#5930,#5922)
REPRESENTATION_RELATIONSHIP_WITH_TRANSFORMATION(#1041)
SHAPE_REPRESENTATION_RELATIONSHIP()
);
#1034=ITEM_DEFINED_TRANSFORMATION(' ',' ',#5931,#5961);
#1035=ITEM_DEFINED_TRANSFORMATION(' ',' ',#5931,#5992);
#1036=ITEM_DEFINED_TRANSFORMATION(' ',' ',#5931,#6301);
#1037=ITEM_DEFINED_TRANSFORMATION(' ',' ',#5931,#6315);
#1038=ITEM_DEFINED_TRANSFORMATION(' ',' ',#5931,#6356);
#1039=ITEM_DEFINED_TRANSFORMATION(' ',' ',#5931,#6387);
#1040=ITEM_DEFINED_TRANSFORMATION(' ',' ',#5931,#6556);
#1041=ITEM_DEFINED_TRANSFORMATION(' ',' ',#5931,#6573);
#1042=SHAPE_REPRESENTATION_RELATIONSHIP('','',#5923,#1050);
#1043=SHAPE_REPRESENTATION_RELATIONSHIP('','',#5924,#1051);
#1044=SHAPE_REPRESENTATION_RELATIONSHIP('','',#5925,#1052);
#1045=SHAPE_REPRESENTATION_RELATIONSHIP('','',#5926,#1053);
#1046=SHAPE_REPRESENTATION_RELATIONSHIP('','',#5927,#1054);
#1047=SHAPE_REPRESENTATION_RELATIONSHIP('','',#5928,#1055);
#1048=SHAPE_REPRESENTATION_RELATIONSHIP('','',#5929,#1056);
#1049=SHAPE_REPRESENTATION_RELATIONSHIP('','',#5930,#1057);
#1050=ADVANCED_BREP_SHAPE_REPRESENTATION('',(#5905),#10125);
#1051=ADVANCED_BREP_SHAPE_REPRESENTATION('',(#5906),#10126);
#1052=ADVANCED_BREP_SHAPE_REPRESENTATION('',(#5907),#10127);
#1053=ADVANCED_BREP_SHAPE_REPRESENTATION('',(#5908),#10128);
#1054=ADVANCED_BREP_SHAPE_REPRESENTATION('',(#5909),#10129);
#1055=ADVANCED_BREP_SHAPE_REPRESENTATION('',(#5910),#10130);
#1056=ADVANCED_BREP_SHAPE_REPRESENTATION('',(#5911),#10131);
#1057=ADVANCED_BREP_SHAPE_REPRESENTATION('',(#5912),#10132);
#1058=TOROIDAL_SURFACE('',#5938,0.1975,0.01);
#1059=TOROIDAL_SURFACE('',#5942,0.220756849187252,0.07166025);
#1060=TOROIDAL_SURFACE('',#5946,0.235179491924311,0.0300000000000005);
#1061=TOROIDAL_SURFACE('',#5950,0.189,0.015);
#1062=TOROIDAL_SURFACE('',#5967,0.234620725553348,0.117000000000001);
#1063=TOROIDAL_SURFACE('',#5980,0.4375,0.182);
#1064=TOROIDAL_SURFACE('',#5982,0.234620725553348,0.035);
#1065=TOROIDAL_SURFACE('',#5991,0.4375,0.098);
#1066=TOROIDAL_SURFACE('',#6208,0.696,0.0630000000000002);
#1067=TOROIDAL_SURFACE('',#6293,0.632,0.0629999999999999);
#1068=TOROIDAL_SURFACE('',#6296,0.368,0.094);
#1069=TOROIDAL_SURFACE('',#6304,0.106213967783484,0.1);
#1070=TOROIDAL_SURFACE('',#6325,0.39,0.125);
#1071=TOROIDAL_SURFACE('',#6333,0.65,0.035);
#1072=TOROIDAL_SURFACE('',#6345,0.65,0.035);
#1073=TOROIDAL_SURFACE('',#6353,0.39,0.125);
#1074=TOROIDAL_SURFACE('',#6357,0.893302528661925,0.09);
#1075=TOROIDAL_SURFACE('',#6364,0.65,0.035);
#1076=TOROIDAL_SURFACE('',#6376,0.65,0.035);
#1077=TOROIDAL_SURFACE('',#6382,0.893302528661925,0.0899999999999997);
#1078=TOROIDAL_SURFACE('',#6560,0.228230897388471,0.0389999999999999);
#1079=TOROIDAL_SURFACE('',#6562,0.436,0.184);
#1080=TOROIDAL_SURFACE('',#6568,0.239002538087416,0.123);
#1081=CYLINDRICAL_SURFACE('',#5936,0.1875);
#1082=CYLINDRICAL_SURFACE('',#5952,0.174);
#1083=CYLINDRICAL_SURFACE('',#5958,0.3);
#1084=CYLINDRICAL_SURFACE('',#5996,0.759000000000001);
#1085=CYLINDRICAL_SURFACE('',#6002,0.0353983650671965);
#1086=CYLINDRICAL_SURFACE('',#6005,0.0240332270864221);
#1087=CYLINDRICAL_SURFACE('',#6013,0.0297921784583338);
#1088=CYLINDRICAL_SURFACE('',#6019,0.0175678191286304);
#1089=CYLINDRICAL_SURFACE('',#6022,0.0170094592431446);
#1090=CYLINDRICAL_SURFACE('',#6026,0.0110446051251739);
#1091=CYLINDRICAL_SURFACE('',#6029,0.0111142939527995);
#1092=CYLINDRICAL_SURFACE('',#6032,0.0934920328529514);
#1093=CYLINDRICAL_SURFACE('',#6036,0.0363276436728649);
#1094=CYLINDRICAL_SURFACE('',#6039,0.0314549665867949);
#1095=CYLINDRICAL_SURFACE('',#6042,0.0351069566426791);
#1096=CYLINDRICAL_SURFACE('',#6046,0.0146358282530976);
#1097=CYLINDRICAL_SURFACE('',#6049,0.023210721169513);
#1098=CYLINDRICAL_SURFACE('',#6053,0.0361324090653662);
#1099=CYLINDRICAL_SURFACE('',#6059,0.0310536630563227);
#1100=CYLINDRICAL_SURFACE('',#6062,0.0187300015920881);
#1101=CYLINDRICAL_SURFACE('',#6065,0.0775751990662358);
#1102=CYLINDRICAL_SURFACE('',#6071,0.0398030371508692);
#1103=CYLINDRICAL_SURFACE('',#6074,0.00816863309824005);
#1104=CYLINDRICAL_SURFACE('',#6077,0.0160924966589529);
#1105=CYLINDRICAL_SURFACE('',#6080,0.0647634846897826);
#1106=CYLINDRICAL_SURFACE('',#6084,0.036327643672861);
#1107=CYLINDRICAL_SURFACE('',#6087,0.0314549665867952);
#1108=CYLINDRICAL_SURFACE('',#6090,0.0224046958522681);
#1109=CYLINDRICAL_SURFACE('',#6094,0.0146358282530782);
#1110=CYLINDRICAL_SURFACE('',#6097,0.0240204808826783);
#1111=CYLINDRICAL_SURFACE('',#6101,0.0376133299891737);
#1112=CYLINDRICAL_SURFACE('',#6107,0.0256738614131078);
#1113=CYLINDRICAL_SURFACE('',#6110,0.0290581813057786);
#1114=CYLINDRICAL_SURFACE('',#6113,0.035000589266702);
#1115=CYLINDRICAL_SURFACE('',#6116,0.021376559038239);
#1116=CYLINDRICAL_SURFACE('',#6123,0.0302695666293047);
#1117=CYLINDRICAL_SURFACE('',#6126,0.0187300015920914);
#1118=CYLINDRICAL_SURFACE('',#6129,0.0482421688861623);
#1119=CYLINDRICAL_SURFACE('',#6135,0.0722060455666599);
#1120=CYLINDRICAL_SURFACE('',#6138,0.00816863309822224);
#1121=CYLINDRICAL_SURFACE('',#6141,0.0167991552687541);
#1122=CYLINDRICAL_SURFACE('',#6144,0.140611020341928);
#1123=CYLINDRICAL_SURFACE('',#6149,0.0207101811524366);
#1124=CYLINDRICAL_SURFACE('',#6152,0.00595222312242968);
#1125=CYLINDRICAL_SURFACE('',#6155,0.0163600561819992);
#1126=CYLINDRICAL_SURFACE('',#6158,0.0500040204894585);
#1127=CYLINDRICAL_SURFACE('',#6161,0.0193772837803714);
#1128=CYLINDRICAL_SURFACE('',#6164,0.0191682294217149);
#1129=CYLINDRICAL_SURFACE('',#6167,0.0244422148955902);
#1130=CYLINDRICAL_SURFACE('',#6171,0.0160339270511766);
#1131=CYLINDRICAL_SURFACE('',#6174,0.00443234315433469);
#1132=CYLINDRICAL_SURFACE('',#6177,0.00355655588118153);
#1133=CYLINDRICAL_SURFACE('',#6180,0.0629170087147184);
#1134=CYLINDRICAL_SURFACE('',#6183,0.027889668876411);
#1135=CYLINDRICAL_SURFACE('',#6186,0.0212013277874111);
#1136=CYLINDRICAL_SURFACE('',#6189,0.0294614186558128);
#1137=CYLINDRICAL_SURFACE('',#6193,0.0305384345593135);
#1138=CYLINDRICAL_SURFACE('',#6197,0.0305384345592974);
#1139=CYLINDRICAL_SURFACE('',#6202,0.0314983130217098);
#1140=CYLINDRICAL_SURFACE('',#6211,0.759);
#1141=CYLINDRICAL_SURFACE('',#6216,0.0629999999999999);
#1142=CYLINDRICAL_SURFACE('',#6217,0.0630000000000001);
#1143=CYLINDRICAL_SURFACE('',#6231,0.020635541742376);
#1144=CYLINDRICAL_SURFACE('',#6232,0.0159598262812683);
#1145=CYLINDRICAL_SURFACE('',#6233,0.0207749927168448);
#1146=CYLINDRICAL_SURFACE('',#6234,0.0159242311776852);
#1147=CYLINDRICAL_SURFACE('',#6241,0.017897309689205);
#1148=CYLINDRICAL_SURFACE('',#6242,0.0164517326060355);
#1149=CYLINDRICAL_SURFACE('',#6250,0.0187781375972545);
#1150=CYLINDRICAL_SURFACE('',#6251,0.0165192852774138);
#1151=CYLINDRICAL_SURFACE('',#6263,0.0202101207749275);
#1152=CYLINDRICAL_SURFACE('',#6264,0.015638562497984);
#1153=CYLINDRICAL_SURFACE('',#6265,0.0202525351915119);
#1154=CYLINDRICAL_SURFACE('',#6266,0.0158496273568213);
#1155=CYLINDRICAL_SURFACE('',#6271,0.25);
#1156=CYLINDRICAL_SURFACE('',#6273,0.25);
#1157=CYLINDRICAL_SURFACE('',#6287,2.);
#1158=CYLINDRICAL_SURFACE('',#6288,0.1325);
#1159=CYLINDRICAL_SURFACE('',#6289,0.1325);
#1160=CYLINDRICAL_SURFACE('',#6295,0.695);
#1161=CYLINDRICAL_SURFACE('',#6300,0.2425);
#1162=CYLINDRICAL_SURFACE('',#6308,0.125);
#1163=CYLINDRICAL_SURFACE('',#6312,0.1875);
#1164=CYLINDRICAL_SURFACE('',#6319,0.1325);
#1165=CYLINDRICAL_SURFACE('',#6323,0.265);
#1166=CYLINDRICAL_SURFACE('',#6327,0.515);
#1167=CYLINDRICAL_SURFACE('',#6331,0.615);
#1168=CYLINDRICAL_SURFACE('',#6335,0.685);
#1169=CYLINDRICAL_SURFACE('',#6339,0.785);
#1170=CYLINDRICAL_SURFACE('',#6343,0.685);
#1171=CYLINDRICAL_SURFACE('',#6347,0.615);
#1172=CYLINDRICAL_SURFACE('',#6351,0.515);
#1173=CYLINDRICAL_SURFACE('',#6355,0.265);
#1174=CYLINDRICAL_SURFACE('',#6362,0.615);
#1175=CYLINDRICAL_SURFACE('',#6366,0.685);
#1176=CYLINDRICAL_SURFACE('',#6370,0.785);
#1177=CYLINDRICAL_SURFACE('',#6374,0.685);
#1178=CYLINDRICAL_SURFACE('',#6378,0.615);
#1179=CYLINDRICAL_SURFACE('',#6388,0.10075);
#1180=CYLINDRICAL_SURFACE('',#6390,0.10075);
#1181=CYLINDRICAL_SURFACE('',#6392,0.157);
#1182=CYLINDRICAL_SURFACE('',#6394,0.157);
#1183=CYLINDRICAL_SURFACE('',#6419,0.125);
#1184=CYLINDRICAL_SURFACE('',#6421,0.375);
#1185=CYLINDRICAL_SURFACE('',#6423,0.125);
#1186=CYLINDRICAL_SURFACE('',#6443,0.375);
#1187=CYLINDRICAL_SURFACE('',#6449,0.125);
#1188=CYLINDRICAL_SURFACE('',#6451,0.125);
#1189=CYLINDRICAL_SURFACE('',#6455,0.125);
#1190=CYLINDRICAL_SURFACE('',#6457,0.125);
#1191=CYLINDRICAL_SURFACE('',#6459,0.157);
#1192=CYLINDRICAL_SURFACE('',#6465,0.10075);
#1193=CYLINDRICAL_SURFACE('',#6466,0.1435);
#1194=CYLINDRICAL_SURFACE('',#6476,0.0240000000000002);
#1195=CYLINDRICAL_SURFACE('',#6479,0.0240000000000002);
#1196=CYLINDRICAL_SURFACE('',#6482,0.0240000000000004);
#1197=CYLINDRICAL_SURFACE('',#6485,0.0240000000000002);
#1198=CYLINDRICAL_SURFACE('',#6496,0.0119999999999999);
#1199=CYLINDRICAL_SURFACE('',#6498,0.0120000000000001);
#1200=CYLINDRICAL_SURFACE('',#6501,0.0119999999999998);
#1201=CYLINDRICAL_SURFACE('',#6503,0.0119999999999999);
#1202=CYLINDRICAL_SURFACE('',#6525,0.0240000000000001);
#1203=CYLINDRICAL_SURFACE('',#6528,0.0240000000000002);
#1204=CYLINDRICAL_SURFACE('',#6531,0.0239999999999999);
#1205=CYLINDRICAL_SURFACE('',#6536,0.0240000000000002);
#1206=CYLINDRICAL_SURFACE('',#6545,0.0120000000000002);
#1207=CYLINDRICAL_SURFACE('',#6547,0.0119999999999998);
#1208=CYLINDRICAL_SURFACE('',#6550,0.0120000000000001);
#1209=CYLINDRICAL_SURFACE('',#6552,0.0119999999999998);
#1210=CYLINDRICAL_SURFACE('',#6564,0.62);
#1211=CYLINDRICAL_SURFACE('',#6572,0.18);
#1212=CONICAL_SURFACE('',#5934,0.15025,0.785398163397448);
#1213=CONICAL_SURFACE('',#5944,0.282816446128796,0.523598775598299);
#1214=CONICAL_SURFACE('',#5954,0.174,0.261799387799149);
#1215=CONICAL_SURFACE('',#6384,0.983179186789837,0.0523598775598301);
#1216=CONICAL_SURFACE('',#6386,1.,0.0523598775598297);
#1217=ORIENTED_EDGE('',*,*,#2801,.F.);
#1218=ORIENTED_EDGE('',*,*,#2802,.F.);
#1219=ORIENTED_EDGE('',*,*,#2801,.T.);
#1220=ORIENTED_EDGE('',*,*,#2803,.F.);
#1221=ORIENTED_EDGE('',*,*,#2802,.T.);
#1222=ORIENTED_EDGE('',*,*,#2804,.F.);
#1223=ORIENTED_EDGE('',*,*,#2803,.T.);
#1224=ORIENTED_EDGE('',*,*,#2805,.F.);
#1225=ORIENTED_EDGE('',*,*,#2804,.T.);
#1226=ORIENTED_EDGE('',*,*,#2805,.T.);
#1227=ORIENTED_EDGE('',*,*,#2806,.F.);
#1228=ORIENTED_EDGE('',*,*,#2807,.F.);
#1229=ORIENTED_EDGE('',*,*,#2806,.T.);
#1230=ORIENTED_EDGE('',*,*,#2807,.T.);
#1231=ORIENTED_EDGE('',*,*,#2808,.F.);
#1232=ORIENTED_EDGE('',*,*,#2809,.F.);
#1233=ORIENTED_EDGE('',*,*,#2808,.T.);
#1234=ORIENTED_EDGE('',*,*,#2810,.F.);
#1235=ORIENTED_EDGE('',*,*,#2809,.T.);
#1236=ORIENTED_EDGE('',*,*,#2811,.F.);
#1237=ORIENTED_EDGE('',*,*,#2810,.T.);
#1238=ORIENTED_EDGE('',*,*,#2812,.F.);
#1239=ORIENTED_EDGE('',*,*,#2811,.T.);
#1240=ORIENTED_EDGE('',*,*,#2813,.F.);
#1241=ORIENTED_EDGE('',*,*,#2812,.T.);
#1242=ORIENTED_EDGE('',*,*,#2814,.F.);
#1243=ORIENTED_EDGE('',*,*,#2813,.T.);
#1244=ORIENTED_EDGE('',*,*,#2814,.T.);
#1245=ORIENTED_EDGE('',*,*,#2815,.F.);
#1246=ORIENTED_EDGE('',*,*,#2816,.F.);
#1247=ORIENTED_EDGE('',*,*,#2817,.F.);
#1248=ORIENTED_EDGE('',*,*,#2818,.F.);
#1249=ORIENTED_EDGE('',*,*,#2819,.F.);
#1250=ORIENTED_EDGE('',*,*,#2820,.F.);
#1251=ORIENTED_EDGE('',*,*,#2821,.F.);
#1252=ORIENTED_EDGE('',*,*,#2822,.F.);
#1253=ORIENTED_EDGE('',*,*,#2823,.T.);
#1254=ORIENTED_EDGE('',*,*,#2824,.F.);
#1255=ORIENTED_EDGE('',*,*,#2825,.T.);
#1256=ORIENTED_EDGE('',*,*,#2824,.T.);
#1257=ORIENTED_EDGE('',*,*,#2826,.F.);
#1258=ORIENTED_EDGE('',*,*,#2827,.T.);
#1259=ORIENTED_EDGE('',*,*,#2828,.T.);
#1260=ORIENTED_EDGE('',*,*,#2829,.T.);
#1261=ORIENTED_EDGE('',*,*,#2830,.T.);
#1262=ORIENTED_EDGE('',*,*,#2831,.T.);
#1263=ORIENTED_EDGE('',*,*,#2832,.T.);
#1264=ORIENTED_EDGE('',*,*,#2826,.T.);
#1265=ORIENTED_EDGE('',*,*,#2815,.T.);
#1266=ORIENTED_EDGE('',*,*,#2833,.F.);
#1267=ORIENTED_EDGE('',*,*,#2834,.F.);
#1268=ORIENTED_EDGE('',*,*,#2835,.T.);
#1269=ORIENTED_EDGE('',*,*,#2822,.T.);
#1270=ORIENTED_EDGE('',*,*,#2836,.F.);
#1271=ORIENTED_EDGE('',*,*,#2837,.F.);
#1272=ORIENTED_EDGE('',*,*,#2833,.T.);
#1273=ORIENTED_EDGE('',*,*,#2821,.T.);
#1274=ORIENTED_EDGE('',*,*,#2838,.F.);
#1275=ORIENTED_EDGE('',*,*,#2839,.F.);
#1276=ORIENTED_EDGE('',*,*,#2836,.T.);
#1277=ORIENTED_EDGE('',*,*,#2820,.T.);
#1278=ORIENTED_EDGE('',*,*,#2840,.F.);
#1279=ORIENTED_EDGE('',*,*,#2841,.F.);
#1280=ORIENTED_EDGE('',*,*,#2838,.T.);
#1281=ORIENTED_EDGE('',*,*,#2819,.T.);
#1282=ORIENTED_EDGE('',*,*,#2842,.F.);
#1283=ORIENTED_EDGE('',*,*,#2843,.F.);
#1284=ORIENTED_EDGE('',*,*,#2840,.T.);
#1285=ORIENTED_EDGE('',*,*,#2818,.T.);
#1286=ORIENTED_EDGE('',*,*,#2844,.F.);
#1287=ORIENTED_EDGE('',*,*,#2845,.F.);
#1288=ORIENTED_EDGE('',*,*,#2842,.T.);
#1289=ORIENTED_EDGE('',*,*,#2817,.T.);
#1290=ORIENTED_EDGE('',*,*,#2846,.F.);
#1291=ORIENTED_EDGE('',*,*,#2847,.F.);
#1292=ORIENTED_EDGE('',*,*,#2844,.T.);
#1293=ORIENTED_EDGE('',*,*,#2816,.T.);
#1294=ORIENTED_EDGE('',*,*,#2835,.F.);
#1295=ORIENTED_EDGE('',*,*,#2848,.F.);
#1296=ORIENTED_EDGE('',*,*,#2846,.T.);
#1297=ORIENTED_EDGE('',*,*,#2849,.T.);
#1298=ORIENTED_EDGE('',*,*,#2834,.T.);
#1299=ORIENTED_EDGE('',*,*,#2837,.T.);
#1300=ORIENTED_EDGE('',*,*,#2839,.T.);
#1301=ORIENTED_EDGE('',*,*,#2841,.T.);
#1302=ORIENTED_EDGE('',*,*,#2843,.T.);
#1303=ORIENTED_EDGE('',*,*,#2845,.T.);
#1304=ORIENTED_EDGE('',*,*,#2847,.T.);
#1305=ORIENTED_EDGE('',*,*,#2848,.T.);
#1306=ORIENTED_EDGE('',*,*,#2849,.F.);
#1307=ORIENTED_EDGE('',*,*,#2850,.T.);
#1308=ORIENTED_EDGE('',*,*,#2850,.F.);
#1309=ORIENTED_EDGE('',*,*,#2851,.T.);
#1310=ORIENTED_EDGE('',*,*,#2852,.F.);
#1311=ORIENTED_EDGE('',*,*,#2853,.F.);
#1312=ORIENTED_EDGE('',*,*,#2854,.F.);
#1313=ORIENTED_EDGE('',*,*,#2855,.F.);
#1314=ORIENTED_EDGE('',*,*,#2856,.F.);
#1315=ORIENTED_EDGE('',*,*,#2857,.F.);
#1316=ORIENTED_EDGE('',*,*,#2851,.F.);
#1317=ORIENTED_EDGE('',*,*,#2852,.T.);
#1318=ORIENTED_EDGE('',*,*,#2858,.F.);
#1319=ORIENTED_EDGE('',*,*,#2828,.F.);
#1320=ORIENTED_EDGE('',*,*,#2859,.T.);
#1321=ORIENTED_EDGE('',*,*,#2857,.T.);
#1322=ORIENTED_EDGE('',*,*,#2860,.F.);
#1323=ORIENTED_EDGE('',*,*,#2829,.F.);
#1324=ORIENTED_EDGE('',*,*,#2858,.T.);
#1325=ORIENTED_EDGE('',*,*,#2856,.T.);
#1326=ORIENTED_EDGE('',*,*,#2861,.F.);
#1327=ORIENTED_EDGE('',*,*,#2830,.F.);
#1328=ORIENTED_EDGE('',*,*,#2860,.T.);
#1329=ORIENTED_EDGE('',*,*,#2855,.T.);
#1330=ORIENTED_EDGE('',*,*,#2862,.F.);
#1331=ORIENTED_EDGE('',*,*,#2831,.F.);
#1332=ORIENTED_EDGE('',*,*,#2861,.T.);
#1333=ORIENTED_EDGE('',*,*,#2854,.T.);
#1334=ORIENTED_EDGE('',*,*,#2863,.F.);
#1335=ORIENTED_EDGE('',*,*,#2832,.F.);
#1336=ORIENTED_EDGE('',*,*,#2862,.T.);
#1337=ORIENTED_EDGE('',*,*,#2853,.T.);
#1338=ORIENTED_EDGE('',*,*,#2859,.F.);
#1339=ORIENTED_EDGE('',*,*,#2827,.F.);
#1340=ORIENTED_EDGE('',*,*,#2863,.T.);
#1341=ORIENTED_EDGE('',*,*,#2825,.F.);
#1342=ORIENTED_EDGE('',*,*,#2823,.F.);
#1343=ORIENTED_EDGE('',*,*,#2864,.F.);
#1344=ORIENTED_EDGE('',*,*,#2865,.T.);
#1345=ORIENTED_EDGE('',*,*,#2866,.F.);
#1346=ORIENTED_EDGE('',*,*,#2867,.T.);
#1347=ORIENTED_EDGE('',*,*,#2868,.F.);
#1348=ORIENTED_EDGE('',*,*,#2869,.T.);
#1349=ORIENTED_EDGE('',*,*,#2870,.F.);
#1350=ORIENTED_EDGE('',*,*,#2871,.T.);
#1351=ORIENTED_EDGE('',*,*,#2872,.F.);
#1352=ORIENTED_EDGE('',*,*,#2873,.F.);
#1353=ORIENTED_EDGE('',*,*,#2874,.F.);
#1354=ORIENTED_EDGE('',*,*,#2868,.T.);
#1355=ORIENTED_EDGE('',*,*,#2875,.T.);
#1356=ORIENTED_EDGE('',*,*,#2876,.T.);
#1357=ORIENTED_EDGE('',*,*,#2877,.F.);
#1358=ORIENTED_EDGE('',*,*,#2878,.F.);
#1359=ORIENTED_EDGE('',*,*,#2879,.F.);
#1360=ORIENTED_EDGE('',*,*,#2880,.T.);
#1361=ORIENTED_EDGE('',*,*,#2881,.T.);
#1362=ORIENTED_EDGE('',*,*,#2882,.T.);
#1363=ORIENTED_EDGE('',*,*,#2883,.F.);
#1364=ORIENTED_EDGE('',*,*,#2884,.T.);
#1365=ORIENTED_EDGE('',*,*,#2883,.T.);
#1366=ORIENTED_EDGE('',*,*,#2885,.T.);
#1367=ORIENTED_EDGE('',*,*,#2886,.F.);
#1368=ORIENTED_EDGE('',*,*,#2887,.T.);
#1369=ORIENTED_EDGE('',*,*,#2886,.T.);
#1370=ORIENTED_EDGE('',*,*,#2888,.T.);
#1371=ORIENTED_EDGE('',*,*,#2889,.F.);
#1372=ORIENTED_EDGE('',*,*,#2890,.T.);
#1373=ORIENTED_EDGE('',*,*,#2889,.T.);
#1374=ORIENTED_EDGE('',*,*,#2891,.T.);
#1375=ORIENTED_EDGE('',*,*,#2892,.F.);
#1376=ORIENTED_EDGE('',*,*,#2893,.T.);
#1377=ORIENTED_EDGE('',*,*,#2892,.T.);
#1378=ORIENTED_EDGE('',*,*,#2894,.T.);
#1379=ORIENTED_EDGE('',*,*,#2895,.F.);
#1380=ORIENTED_EDGE('',*,*,#2896,.T.);
#1381=ORIENTED_EDGE('',*,*,#2895,.T.);
#1382=ORIENTED_EDGE('',*,*,#2897,.T.);
#1383=ORIENTED_EDGE('',*,*,#2898,.F.);
#1384=ORIENTED_EDGE('',*,*,#2899,.T.);
#1385=ORIENTED_EDGE('',*,*,#2898,.T.);
#1386=ORIENTED_EDGE('',*,*,#2900,.T.);
#1387=ORIENTED_EDGE('',*,*,#2901,.F.);
#1388=ORIENTED_EDGE('',*,*,#2902,.T.);
#1389=ORIENTED_EDGE('',*,*,#2901,.T.);
#1390=ORIENTED_EDGE('',*,*,#2903,.T.);
#1391=ORIENTED_EDGE('',*,*,#2904,.F.);
#1392=ORIENTED_EDGE('',*,*,#2905,.T.);
#1393=ORIENTED_EDGE('',*,*,#2906,.T.);
#1394=ORIENTED_EDGE('',*,*,#2907,.T.);
#1395=ORIENTED_EDGE('',*,*,#2908,.F.);
#1396=ORIENTED_EDGE('',*,*,#2909,.T.);
#1397=ORIENTED_EDGE('',*,*,#2908,.T.);
#1398=ORIENTED_EDGE('',*,*,#2910,.T.);
#1399=ORIENTED_EDGE('',*,*,#2911,.F.);
#1400=ORIENTED_EDGE('',*,*,#2912,.T.);
#1401=ORIENTED_EDGE('',*,*,#2911,.T.);
#1402=ORIENTED_EDGE('',*,*,#2913,.T.);
#1403=ORIENTED_EDGE('',*,*,#2914,.F.);
#1404=ORIENTED_EDGE('',*,*,#2915,.T.);
#1405=ORIENTED_EDGE('',*,*,#2914,.T.);
#1406=ORIENTED_EDGE('',*,*,#2916,.T.);
#1407=ORIENTED_EDGE('',*,*,#2917,.F.);
#1408=ORIENTED_EDGE('',*,*,#2918,.T.);
#1409=ORIENTED_EDGE('',*,*,#2917,.T.);
#1410=ORIENTED_EDGE('',*,*,#2919,.T.);
#1411=ORIENTED_EDGE('',*,*,#2920,.F.);
#1412=ORIENTED_EDGE('',*,*,#2921,.T.);
#1413=ORIENTED_EDGE('',*,*,#2920,.T.);
#1414=ORIENTED_EDGE('',*,*,#2922,.T.);
#1415=ORIENTED_EDGE('',*,*,#2923,.F.);
#1416=ORIENTED_EDGE('',*,*,#2924,.T.);
#1417=ORIENTED_EDGE('',*,*,#2925,.F.);
#1418=ORIENTED_EDGE('',*,*,#2926,.F.);
#1419=ORIENTED_EDGE('',*,*,#2927,.F.);
#1420=ORIENTED_EDGE('',*,*,#2923,.T.);
#1421=ORIENTED_EDGE('',*,*,#2928,.F.);
#1422=ORIENTED_EDGE('',*,*,#2929,.F.);
#1423=ORIENTED_EDGE('',*,*,#2930,.F.);
#1424=ORIENTED_EDGE('',*,*,#2926,.T.);
#1425=ORIENTED_EDGE('',*,*,#2931,.F.);
#1426=ORIENTED_EDGE('',*,*,#2932,.F.);
#1427=ORIENTED_EDGE('',*,*,#2933,.F.);
#1428=ORIENTED_EDGE('',*,*,#2929,.T.);
#1429=ORIENTED_EDGE('',*,*,#2932,.T.);
#1430=ORIENTED_EDGE('',*,*,#2934,.T.);
#1431=ORIENTED_EDGE('',*,*,#2935,.F.);
#1432=ORIENTED_EDGE('',*,*,#2936,.T.);
#1433=ORIENTED_EDGE('',*,*,#2937,.T.);
#1434=ORIENTED_EDGE('',*,*,#2938,.T.);
#1435=ORIENTED_EDGE('',*,*,#2939,.F.);
#1436=ORIENTED_EDGE('',*,*,#2940,.T.);
#1437=ORIENTED_EDGE('',*,*,#2939,.T.);
#1438=ORIENTED_EDGE('',*,*,#2941,.T.);
#1439=ORIENTED_EDGE('',*,*,#2942,.F.);
#1440=ORIENTED_EDGE('',*,*,#2943,.T.);
#1441=ORIENTED_EDGE('',*,*,#2942,.T.);
#1442=ORIENTED_EDGE('',*,*,#2944,.T.);
#1443=ORIENTED_EDGE('',*,*,#2945,.F.);
#1444=ORIENTED_EDGE('',*,*,#2946,.T.);
#1445=ORIENTED_EDGE('',*,*,#2945,.T.);
#1446=ORIENTED_EDGE('',*,*,#2947,.T.);
#1447=ORIENTED_EDGE('',*,*,#2948,.F.);
#1448=ORIENTED_EDGE('',*,*,#2949,.T.);
#1449=ORIENTED_EDGE('',*,*,#2950,.F.);
#1450=ORIENTED_EDGE('',*,*,#2951,.F.);
#1451=ORIENTED_EDGE('',*,*,#2952,.F.);
#1452=ORIENTED_EDGE('',*,*,#2948,.T.);
#1453=ORIENTED_EDGE('',*,*,#2953,.F.);
#1454=ORIENTED_EDGE('',*,*,#2954,.F.);
#1455=ORIENTED_EDGE('',*,*,#2955,.F.);
#1456=ORIENTED_EDGE('',*,*,#2951,.T.);
#1457=ORIENTED_EDGE('',*,*,#2954,.T.);
#1458=ORIENTED_EDGE('',*,*,#2956,.T.);
#1459=ORIENTED_EDGE('',*,*,#2957,.F.);
#1460=ORIENTED_EDGE('',*,*,#2958,.T.);
#1461=ORIENTED_EDGE('',*,*,#2957,.T.);
#1462=ORIENTED_EDGE('',*,*,#2959,.T.);
#1463=ORIENTED_EDGE('',*,*,#2960,.F.);
#1464=ORIENTED_EDGE('',*,*,#2961,.T.);
#1465=ORIENTED_EDGE('',*,*,#2962,.T.);
#1466=ORIENTED_EDGE('',*,*,#2963,.T.);
#1467=ORIENTED_EDGE('',*,*,#2964,.F.);
#1468=ORIENTED_EDGE('',*,*,#2965,.T.);
#1469=ORIENTED_EDGE('',*,*,#2964,.T.);
#1470=ORIENTED_EDGE('',*,*,#2966,.T.);
#1471=ORIENTED_EDGE('',*,*,#2967,.F.);
#1472=ORIENTED_EDGE('',*,*,#2968,.T.);
#1473=ORIENTED_EDGE('',*,*,#2967,.T.);
#1474=ORIENTED_EDGE('',*,*,#2969,.T.);
#1475=ORIENTED_EDGE('',*,*,#2970,.F.);
#1476=ORIENTED_EDGE('',*,*,#2971,.T.);
#1477=ORIENTED_EDGE('',*,*,#2970,.T.);
#1478=ORIENTED_EDGE('',*,*,#2972,.T.);
#1479=ORIENTED_EDGE('',*,*,#2973,.F.);
#1480=ORIENTED_EDGE('',*,*,#2974,.T.);
#1481=ORIENTED_EDGE('',*,*,#2973,.T.);
#1482=ORIENTED_EDGE('',*,*,#2975,.T.);
#1483=ORIENTED_EDGE('',*,*,#2976,.F.);
#1484=ORIENTED_EDGE('',*,*,#2977,.T.);
#1485=ORIENTED_EDGE('',*,*,#2976,.T.);
#1486=ORIENTED_EDGE('',*,*,#2978,.T.);
#1487=ORIENTED_EDGE('',*,*,#2979,.F.);
#1488=ORIENTED_EDGE('',*,*,#2980,.T.);
#1489=ORIENTED_EDGE('',*,*,#2979,.T.);
#1490=ORIENTED_EDGE('',*,*,#2981,.T.);
#1491=ORIENTED_EDGE('',*,*,#2982,.F.);
#1492=ORIENTED_EDGE('',*,*,#2983,.T.);
#1493=ORIENTED_EDGE('',*,*,#2982,.T.);
#1494=ORIENTED_EDGE('',*,*,#2984,.T.);
#1495=ORIENTED_EDGE('',*,*,#2985,.F.);
#1496=ORIENTED_EDGE('',*,*,#2986,.T.);
#1497=ORIENTED_EDGE('',*,*,#2985,.T.);
#1498=ORIENTED_EDGE('',*,*,#2987,.T.);
#1499=ORIENTED_EDGE('',*,*,#2988,.F.);
#1500=ORIENTED_EDGE('',*,*,#2989,.T.);
#1501=ORIENTED_EDGE('',*,*,#2990,.F.);
#1502=ORIENTED_EDGE('',*,*,#2991,.F.);
#1503=ORIENTED_EDGE('',*,*,#2992,.F.);
#1504=ORIENTED_EDGE('',*,*,#2988,.T.);
#1505=ORIENTED_EDGE('',*,*,#2993,.F.);
#1506=ORIENTED_EDGE('',*,*,#2994,.F.);
#1507=ORIENTED_EDGE('',*,*,#2995,.F.);
#1508=ORIENTED_EDGE('',*,*,#2991,.T.);
#1509=ORIENTED_EDGE('',*,*,#2996,.F.);
#1510=ORIENTED_EDGE('',*,*,#2997,.F.);
#1511=ORIENTED_EDGE('',*,*,#2998,.F.);
#1512=ORIENTED_EDGE('',*,*,#2994,.T.);
#1513=ORIENTED_EDGE('',*,*,#2999,.F.);
#1514=ORIENTED_EDGE('',*,*,#3000,.F.);
#1515=ORIENTED_EDGE('',*,*,#3001,.F.);
#1516=ORIENTED_EDGE('',*,*,#2997,.T.);
#1517=ORIENTED_EDGE('',*,*,#3000,.T.);
#1518=ORIENTED_EDGE('',*,*,#3002,.T.);
#1519=ORIENTED_EDGE('',*,*,#3003,.F.);
#1520=ORIENTED_EDGE('',*,*,#3004,.T.);
#1521=ORIENTED_EDGE('',*,*,#3005,.T.);
#1522=ORIENTED_EDGE('',*,*,#3006,.T.);
#1523=ORIENTED_EDGE('',*,*,#3007,.F.);
#1524=ORIENTED_EDGE('',*,*,#3008,.T.);
#1525=ORIENTED_EDGE('',*,*,#3007,.T.);
#1526=ORIENTED_EDGE('',*,*,#3009,.T.);
#1527=ORIENTED_EDGE('',*,*,#3010,.F.);
#1528=ORIENTED_EDGE('',*,*,#3011,.T.);
#1529=ORIENTED_EDGE('',*,*,#3010,.T.);
#1530=ORIENTED_EDGE('',*,*,#3012,.T.);
#1531=ORIENTED_EDGE('',*,*,#3013,.F.);
#1532=ORIENTED_EDGE('',*,*,#3014,.T.);
#1533=ORIENTED_EDGE('',*,*,#3013,.T.);
#1534=ORIENTED_EDGE('',*,*,#3015,.T.);
#1535=ORIENTED_EDGE('',*,*,#3016,.F.);
#1536=ORIENTED_EDGE('',*,*,#3017,.T.);
#1537=ORIENTED_EDGE('',*,*,#3018,.F.);
#1538=ORIENTED_EDGE('',*,*,#3019,.F.);
#1539=ORIENTED_EDGE('',*,*,#3020,.F.);
#1540=ORIENTED_EDGE('',*,*,#3016,.T.);
#1541=ORIENTED_EDGE('',*,*,#3021,.F.);
#1542=ORIENTED_EDGE('',*,*,#3022,.F.);
#1543=ORIENTED_EDGE('',*,*,#3023,.F.);
#1544=ORIENTED_EDGE('',*,*,#3019,.T.);
#1545=ORIENTED_EDGE('',*,*,#3022,.T.);
#1546=ORIENTED_EDGE('',*,*,#3024,.T.);
#1547=ORIENTED_EDGE('',*,*,#3025,.F.);
#1548=ORIENTED_EDGE('',*,*,#3026,.T.);
#1549=ORIENTED_EDGE('',*,*,#3025,.T.);
#1550=ORIENTED_EDGE('',*,*,#3027,.T.);
#1551=ORIENTED_EDGE('',*,*,#3028,.F.);
#1552=ORIENTED_EDGE('',*,*,#3029,.T.);
#1553=ORIENTED_EDGE('',*,*,#3030,.T.);
#1554=ORIENTED_EDGE('',*,*,#3031,.T.);
#1555=ORIENTED_EDGE('',*,*,#3032,.F.);
#1556=ORIENTED_EDGE('',*,*,#3033,.T.);
#1557=ORIENTED_EDGE('',*,*,#3032,.T.);
#1558=ORIENTED_EDGE('',*,*,#3034,.T.);
#1559=ORIENTED_EDGE('',*,*,#3035,.F.);
#1560=ORIENTED_EDGE('',*,*,#3036,.T.);
#1561=ORIENTED_EDGE('',*,*,#3035,.T.);
#1562=ORIENTED_EDGE('',*,*,#3037,.T.);
#1563=ORIENTED_EDGE('',*,*,#3038,.F.);
#1564=ORIENTED_EDGE('',*,*,#3039,.T.);
#1565=ORIENTED_EDGE('',*,*,#3038,.T.);
#1566=ORIENTED_EDGE('',*,*,#3040,.T.);
#1567=ORIENTED_EDGE('',*,*,#3041,.F.);
#1568=ORIENTED_EDGE('',*,*,#3042,.T.);
#1569=ORIENTED_EDGE('',*,*,#3041,.T.);
#1570=ORIENTED_EDGE('',*,*,#3043,.T.);
#1571=ORIENTED_EDGE('',*,*,#3044,.F.);
#1572=ORIENTED_EDGE('',*,*,#3045,.T.);
#1573=ORIENTED_EDGE('',*,*,#3044,.T.);
#1574=ORIENTED_EDGE('',*,*,#3046,.T.);
#1575=ORIENTED_EDGE('',*,*,#3047,.F.);
#1576=ORIENTED_EDGE('',*,*,#3048,.T.);
#1577=ORIENTED_EDGE('',*,*,#3047,.T.);
#1578=ORIENTED_EDGE('',*,*,#3049,.T.);
#1579=ORIENTED_EDGE('',*,*,#3050,.F.);
#1580=ORIENTED_EDGE('',*,*,#3051,.T.);
#1581=ORIENTED_EDGE('',*,*,#3050,.T.);
#1582=ORIENTED_EDGE('',*,*,#3052,.T.);
#1583=ORIENTED_EDGE('',*,*,#3053,.F.);
#1584=ORIENTED_EDGE('',*,*,#3054,.T.);
#1585=ORIENTED_EDGE('',*,*,#3055,.T.);
#1586=ORIENTED_EDGE('',*,*,#3056,.T.);
#1587=ORIENTED_EDGE('',*,*,#3057,.F.);
#1588=ORIENTED_EDGE('',*,*,#3058,.T.);
#1589=ORIENTED_EDGE('',*,*,#3057,.T.);
#1590=ORIENTED_EDGE('',*,*,#3059,.T.);
#1591=ORIENTED_EDGE('',*,*,#3060,.F.);
#1592=ORIENTED_EDGE('',*,*,#3061,.T.);
#1593=ORIENTED_EDGE('',*,*,#3060,.T.);
#1594=ORIENTED_EDGE('',*,*,#3062,.T.);
#1595=ORIENTED_EDGE('',*,*,#3063,.F.);
#1596=ORIENTED_EDGE('',*,*,#3064,.T.);
#1597=ORIENTED_EDGE('',*,*,#3063,.T.);
#1598=ORIENTED_EDGE('',*,*,#3065,.T.);
#1599=ORIENTED_EDGE('',*,*,#3066,.F.);
#1600=ORIENTED_EDGE('',*,*,#3067,.T.);
#1601=ORIENTED_EDGE('',*,*,#3066,.T.);
#1602=ORIENTED_EDGE('',*,*,#3068,.T.);
#1603=ORIENTED_EDGE('',*,*,#3069,.F.);
#1604=ORIENTED_EDGE('',*,*,#3070,.T.);
#1605=ORIENTED_EDGE('',*,*,#3069,.T.);
#1606=ORIENTED_EDGE('',*,*,#3071,.T.);
#1607=ORIENTED_EDGE('',*,*,#3072,.F.);
#1608=ORIENTED_EDGE('',*,*,#3073,.T.);
#1609=ORIENTED_EDGE('',*,*,#3072,.T.);
#1610=ORIENTED_EDGE('',*,*,#3074,.T.);
#1611=ORIENTED_EDGE('',*,*,#3075,.F.);
#1612=ORIENTED_EDGE('',*,*,#3076,.T.);
#1613=ORIENTED_EDGE('',*,*,#3075,.T.);
#1614=ORIENTED_EDGE('',*,*,#3077,.T.);
#1615=ORIENTED_EDGE('',*,*,#3078,.F.);
#1616=ORIENTED_EDGE('',*,*,#3079,.T.);
#1617=ORIENTED_EDGE('',*,*,#3078,.T.);
#1618=ORIENTED_EDGE('',*,*,#3080,.T.);
#1619=ORIENTED_EDGE('',*,*,#3081,.F.);
#1620=ORIENTED_EDGE('',*,*,#3082,.T.);
#1621=ORIENTED_EDGE('',*,*,#3083,.F.);
#1622=ORIENTED_EDGE('',*,*,#3084,.F.);
#1623=ORIENTED_EDGE('',*,*,#3085,.F.);
#1624=ORIENTED_EDGE('',*,*,#3081,.T.);
#1625=ORIENTED_EDGE('',*,*,#3086,.F.);
#1626=ORIENTED_EDGE('',*,*,#3087,.F.);
#1627=ORIENTED_EDGE('',*,*,#3088,.F.);
#1628=ORIENTED_EDGE('',*,*,#3084,.T.);
#1629=ORIENTED_EDGE('',*,*,#3089,.F.);
#1630=ORIENTED_EDGE('',*,*,#3090,.F.);
#1631=ORIENTED_EDGE('',*,*,#3091,.F.);
#1632=ORIENTED_EDGE('',*,*,#3087,.T.);
#1633=ORIENTED_EDGE('',*,*,#3092,.F.);
#1634=ORIENTED_EDGE('',*,*,#3093,.F.);
#1635=ORIENTED_EDGE('',*,*,#3094,.F.);
#1636=ORIENTED_EDGE('',*,*,#3090,.T.);
#1637=ORIENTED_EDGE('',*,*,#3093,.T.);
#1638=ORIENTED_EDGE('',*,*,#3095,.T.);
#1639=ORIENTED_EDGE('',*,*,#3096,.F.);
#1640=ORIENTED_EDGE('',*,*,#3097,.T.);
#1641=ORIENTED_EDGE('',*,*,#3098,.T.);
#1642=ORIENTED_EDGE('',*,*,#3099,.T.);
#1643=ORIENTED_EDGE('',*,*,#3100,.F.);
#1644=ORIENTED_EDGE('',*,*,#3101,.T.);
#1645=ORIENTED_EDGE('',*,*,#3102,.F.);
#1646=ORIENTED_EDGE('',*,*,#3103,.F.);
#1647=ORIENTED_EDGE('',*,*,#3104,.F.);
#1648=ORIENTED_EDGE('',*,*,#3100,.T.);
#1649=ORIENTED_EDGE('',*,*,#3105,.F.);
#1650=ORIENTED_EDGE('',*,*,#3106,.F.);
#1651=ORIENTED_EDGE('',*,*,#3107,.F.);
#1652=ORIENTED_EDGE('',*,*,#3103,.T.);
#1653=ORIENTED_EDGE('',*,*,#3108,.F.);
#1654=ORIENTED_EDGE('',*,*,#3109,.F.);
#1655=ORIENTED_EDGE('',*,*,#3110,.F.);
#1656=ORIENTED_EDGE('',*,*,#3106,.T.);
#1657=ORIENTED_EDGE('',*,*,#3109,.T.);
#1658=ORIENTED_EDGE('',*,*,#3111,.T.);
#1659=ORIENTED_EDGE('',*,*,#3112,.F.);
#1660=ORIENTED_EDGE('',*,*,#3113,.T.);
#1661=ORIENTED_EDGE('',*,*,#3112,.T.);
#1662=ORIENTED_EDGE('',*,*,#3114,.T.);
#1663=ORIENTED_EDGE('',*,*,#3115,.F.);
#1664=ORIENTED_EDGE('',*,*,#3116,.T.);
#1665=ORIENTED_EDGE('',*,*,#3115,.T.);
#1666=ORIENTED_EDGE('',*,*,#3117,.T.);
#1667=ORIENTED_EDGE('',*,*,#3118,.F.);
#1668=ORIENTED_EDGE('',*,*,#3119,.T.);
#1669=ORIENTED_EDGE('',*,*,#3118,.T.);
#1670=ORIENTED_EDGE('',*,*,#3120,.T.);
#1671=ORIENTED_EDGE('',*,*,#3121,.F.);
#1672=ORIENTED_EDGE('',*,*,#3122,.T.);
#1673=ORIENTED_EDGE('',*,*,#3121,.T.);
#1674=ORIENTED_EDGE('',*,*,#3123,.T.);
#1675=ORIENTED_EDGE('',*,*,#3124,.F.);
#1676=ORIENTED_EDGE('',*,*,#3125,.T.);
#1677=ORIENTED_EDGE('',*,*,#3126,.F.);
#1678=ORIENTED_EDGE('',*,*,#3127,.F.);
#1679=ORIENTED_EDGE('',*,*,#3128,.F.);
#1680=ORIENTED_EDGE('',*,*,#3124,.T.);
#1681=ORIENTED_EDGE('',*,*,#3129,.F.);
#1682=ORIENTED_EDGE('',*,*,#3130,.F.);
#1683=ORIENTED_EDGE('',*,*,#3131,.F.);
#1684=ORIENTED_EDGE('',*,*,#3127,.T.);
#1685=ORIENTED_EDGE('',*,*,#3132,.F.);
#1686=ORIENTED_EDGE('',*,*,#3133,.F.);
#1687=ORIENTED_EDGE('',*,*,#3134,.F.);
#1688=ORIENTED_EDGE('',*,*,#3130,.T.);
#1689=ORIENTED_EDGE('',*,*,#3135,.F.);
#1690=ORIENTED_EDGE('',*,*,#3136,.F.);
#1691=ORIENTED_EDGE('',*,*,#3137,.F.);
#1692=ORIENTED_EDGE('',*,*,#3133,.T.);
#1693=ORIENTED_EDGE('',*,*,#3136,.T.);
#1694=ORIENTED_EDGE('',*,*,#3138,.T.);
#1695=ORIENTED_EDGE('',*,*,#3139,.F.);
#1696=ORIENTED_EDGE('',*,*,#3140,.T.);
#1697=ORIENTED_EDGE('',*,*,#3139,.T.);
#1698=ORIENTED_EDGE('',*,*,#3141,.T.);
#1699=ORIENTED_EDGE('',*,*,#3142,.F.);
#1700=ORIENTED_EDGE('',*,*,#3143,.T.);
#1701=ORIENTED_EDGE('',*,*,#2904,.T.);
#1702=ORIENTED_EDGE('',*,*,#3144,.T.);
#1703=ORIENTED_EDGE('',*,*,#2881,.F.);
#1704=ORIENTED_EDGE('',*,*,#3145,.T.);
#1705=ORIENTED_EDGE('',*,*,#2935,.T.);
#1706=ORIENTED_EDGE('',*,*,#3146,.T.);
#1707=ORIENTED_EDGE('',*,*,#2906,.F.);
#1708=ORIENTED_EDGE('',*,*,#3147,.T.);
#1709=ORIENTED_EDGE('',*,*,#2960,.T.);
#1710=ORIENTED_EDGE('',*,*,#3148,.T.);
#1711=ORIENTED_EDGE('',*,*,#2937,.F.);
#1712=ORIENTED_EDGE('',*,*,#3149,.T.);
#1713=ORIENTED_EDGE('',*,*,#3003,.T.);
#1714=ORIENTED_EDGE('',*,*,#3150,.T.);
#1715=ORIENTED_EDGE('',*,*,#2962,.F.);
#1716=ORIENTED_EDGE('',*,*,#3151,.T.);
#1717=ORIENTED_EDGE('',*,*,#3028,.T.);
#1718=ORIENTED_EDGE('',*,*,#3152,.T.);
#1719=ORIENTED_EDGE('',*,*,#3005,.F.);
#1720=ORIENTED_EDGE('',*,*,#3153,.T.);
#1721=ORIENTED_EDGE('',*,*,#3053,.T.);
#1722=ORIENTED_EDGE('',*,*,#3154,.T.);
#1723=ORIENTED_EDGE('',*,*,#3030,.F.);
#1724=ORIENTED_EDGE('',*,*,#3155,.T.);
#1725=ORIENTED_EDGE('',*,*,#3096,.T.);
#1726=ORIENTED_EDGE('',*,*,#3156,.T.);
#1727=ORIENTED_EDGE('',*,*,#3055,.F.);
#1728=ORIENTED_EDGE('',*,*,#3157,.T.);
#1729=ORIENTED_EDGE('',*,*,#3142,.T.);
#1730=ORIENTED_EDGE('',*,*,#3158,.T.);
#1731=ORIENTED_EDGE('',*,*,#3098,.F.);
#1732=ORIENTED_EDGE('',*,*,#3159,.T.);
#1733=ORIENTED_EDGE('',*,*,#3160,.F.);
#1734=ORIENTED_EDGE('',*,*,#3161,.T.);
#1735=ORIENTED_EDGE('',*,*,#2879,.T.);
#1736=ORIENTED_EDGE('',*,*,#3162,.T.);
#1737=ORIENTED_EDGE('',*,*,#3163,.T.);
#1738=ORIENTED_EDGE('',*,*,#2873,.T.);
#1739=ORIENTED_EDGE('',*,*,#3164,.T.);
#1740=ORIENTED_EDGE('',*,*,#3101,.F.);
#1741=ORIENTED_EDGE('',*,*,#3104,.T.);
#1742=ORIENTED_EDGE('',*,*,#3107,.T.);
#1743=ORIENTED_EDGE('',*,*,#3110,.T.);
#1744=ORIENTED_EDGE('',*,*,#3113,.F.);
#1745=ORIENTED_EDGE('',*,*,#3116,.F.);
#1746=ORIENTED_EDGE('',*,*,#3119,.F.);
#1747=ORIENTED_EDGE('',*,*,#3122,.F.);
#1748=ORIENTED_EDGE('',*,*,#3125,.F.);
#1749=ORIENTED_EDGE('',*,*,#3128,.T.);
#1750=ORIENTED_EDGE('',*,*,#3131,.T.);
#1751=ORIENTED_EDGE('',*,*,#3134,.T.);
#1752=ORIENTED_EDGE('',*,*,#3137,.T.);
#1753=ORIENTED_EDGE('',*,*,#3140,.F.);
#1754=ORIENTED_EDGE('',*,*,#3143,.F.);
#1755=ORIENTED_EDGE('',*,*,#3159,.F.);
#1756=ORIENTED_EDGE('',*,*,#3058,.F.);
#1757=ORIENTED_EDGE('',*,*,#3061,.F.);
#1758=ORIENTED_EDGE('',*,*,#3064,.F.);
#1759=ORIENTED_EDGE('',*,*,#3067,.F.);
#1760=ORIENTED_EDGE('',*,*,#3070,.F.);
#1761=ORIENTED_EDGE('',*,*,#3073,.F.);
#1762=ORIENTED_EDGE('',*,*,#3076,.F.);
#1763=ORIENTED_EDGE('',*,*,#3079,.F.);
#1764=ORIENTED_EDGE('',*,*,#3082,.F.);
#1765=ORIENTED_EDGE('',*,*,#3085,.T.);
#1766=ORIENTED_EDGE('',*,*,#3088,.T.);
#1767=ORIENTED_EDGE('',*,*,#3091,.T.);
#1768=ORIENTED_EDGE('',*,*,#3094,.T.);
#1769=ORIENTED_EDGE('',*,*,#3097,.F.);
#1770=ORIENTED_EDGE('',*,*,#3157,.F.);
#1771=ORIENTED_EDGE('',*,*,#3033,.F.);
#1772=ORIENTED_EDGE('',*,*,#3036,.F.);
#1773=ORIENTED_EDGE('',*,*,#3039,.F.);
#1774=ORIENTED_EDGE('',*,*,#3042,.F.);
#1775=ORIENTED_EDGE('',*,*,#3045,.F.);
#1776=ORIENTED_EDGE('',*,*,#3048,.F.);
#1777=ORIENTED_EDGE('',*,*,#3051,.F.);
#1778=ORIENTED_EDGE('',*,*,#3054,.F.);
#1779=ORIENTED_EDGE('',*,*,#3155,.F.);
#1780=ORIENTED_EDGE('',*,*,#3008,.F.);
#1781=ORIENTED_EDGE('',*,*,#3011,.F.);
#1782=ORIENTED_EDGE('',*,*,#3014,.F.);
#1783=ORIENTED_EDGE('',*,*,#3017,.F.);
#1784=ORIENTED_EDGE('',*,*,#3020,.T.);
#1785=ORIENTED_EDGE('',*,*,#3023,.T.);
#1786=ORIENTED_EDGE('',*,*,#3026,.F.);
#1787=ORIENTED_EDGE('',*,*,#3029,.F.);
#1788=ORIENTED_EDGE('',*,*,#3153,.F.);
#1789=ORIENTED_EDGE('',*,*,#2965,.F.);
#1790=ORIENTED_EDGE('',*,*,#2968,.F.);
#1791=ORIENTED_EDGE('',*,*,#2971,.F.);
#1792=ORIENTED_EDGE('',*,*,#2974,.F.);
#1793=ORIENTED_EDGE('',*,*,#2977,.F.);
#1794=ORIENTED_EDGE('',*,*,#2980,.F.);
#1795=ORIENTED_EDGE('',*,*,#2983,.F.);
#1796=ORIENTED_EDGE('',*,*,#2986,.F.);
#1797=ORIENTED_EDGE('',*,*,#2989,.F.);
#1798=ORIENTED_EDGE('',*,*,#2992,.T.);
#1799=ORIENTED_EDGE('',*,*,#2995,.T.);
#1800=ORIENTED_EDGE('',*,*,#2998,.T.);
#1801=ORIENTED_EDGE('',*,*,#3001,.T.);
#1802=ORIENTED_EDGE('',*,*,#3004,.F.);
#1803=ORIENTED_EDGE('',*,*,#3151,.F.);
#1804=ORIENTED_EDGE('',*,*,#2940,.F.);
#1805=ORIENTED_EDGE('',*,*,#2943,.F.);
#1806=ORIENTED_EDGE('',*,*,#2946,.F.);
#1807=ORIENTED_EDGE('',*,*,#2949,.F.);
#1808=ORIENTED_EDGE('',*,*,#2952,.T.);
#1809=ORIENTED_EDGE('',*,*,#2955,.T.);
#1810=ORIENTED_EDGE('',*,*,#2958,.F.);
#1811=ORIENTED_EDGE('',*,*,#2961,.F.);
#1812=ORIENTED_EDGE('',*,*,#3149,.F.);
#1813=ORIENTED_EDGE('',*,*,#2909,.F.);
#1814=ORIENTED_EDGE('',*,*,#2912,.F.);
#1815=ORIENTED_EDGE('',*,*,#2915,.F.);
#1816=ORIENTED_EDGE('',*,*,#2918,.F.);
#1817=ORIENTED_EDGE('',*,*,#2921,.F.);
#1818=ORIENTED_EDGE('',*,*,#2924,.F.);
#1819=ORIENTED_EDGE('',*,*,#2927,.T.);
#1820=ORIENTED_EDGE('',*,*,#2930,.T.);
#1821=ORIENTED_EDGE('',*,*,#2933,.T.);
#1822=ORIENTED_EDGE('',*,*,#2936,.F.);
#1823=ORIENTED_EDGE('',*,*,#3147,.F.);
#1824=ORIENTED_EDGE('',*,*,#2884,.F.);
#1825=ORIENTED_EDGE('',*,*,#2887,.F.);
#1826=ORIENTED_EDGE('',*,*,#2890,.F.);
#1827=ORIENTED_EDGE('',*,*,#2893,.F.);
#1828=ORIENTED_EDGE('',*,*,#2896,.F.);
#1829=ORIENTED_EDGE('',*,*,#2899,.F.);
#1830=ORIENTED_EDGE('',*,*,#2902,.F.);
#1831=ORIENTED_EDGE('',*,*,#2905,.F.);
#1832=ORIENTED_EDGE('',*,*,#3145,.F.);
#1833=ORIENTED_EDGE('',*,*,#2864,.T.);
#1834=ORIENTED_EDGE('',*,*,#3165,.F.);
#1835=ORIENTED_EDGE('',*,*,#3166,.T.);
#1836=ORIENTED_EDGE('',*,*,#3167,.T.);
#1837=ORIENTED_EDGE('',*,*,#3168,.T.);
#1838=ORIENTED_EDGE('',*,*,#3169,.F.);
#1839=ORIENTED_EDGE('',*,*,#3170,.T.);
#1840=ORIENTED_EDGE('',*,*,#2869,.F.);
#1841=ORIENTED_EDGE('',*,*,#2874,.T.);
#1842=ORIENTED_EDGE('',*,*,#3163,.F.);
#1843=ORIENTED_EDGE('',*,*,#3171,.F.);
#1844=ORIENTED_EDGE('',*,*,#3165,.T.);
#1845=ORIENTED_EDGE('',*,*,#3172,.F.);
#1846=ORIENTED_EDGE('',*,*,#3173,.F.);
#1847=ORIENTED_EDGE('',*,*,#3174,.F.);
#1848=ORIENTED_EDGE('',*,*,#3175,.T.);
#1849=ORIENTED_EDGE('',*,*,#3176,.T.);
#1850=ORIENTED_EDGE('',*,*,#3177,.T.);
#1851=ORIENTED_EDGE('',*,*,#3178,.T.);
#1852=ORIENTED_EDGE('',*,*,#3169,.T.);
#1853=ORIENTED_EDGE('',*,*,#3162,.F.);
#1854=ORIENTED_EDGE('',*,*,#2878,.T.);
#1855=ORIENTED_EDGE('',*,*,#3179,.T.);
#1856=ORIENTED_EDGE('',*,*,#3166,.F.);
#1857=ORIENTED_EDGE('',*,*,#3171,.T.);
#1858=ORIENTED_EDGE('',*,*,#3180,.F.);
#1859=ORIENTED_EDGE('',*,*,#3181,.T.);
#1860=ORIENTED_EDGE('',*,*,#3174,.T.);
#1861=ORIENTED_EDGE('',*,*,#3172,.T.);
#1862=ORIENTED_EDGE('',*,*,#3168,.F.);
#1863=ORIENTED_EDGE('',*,*,#3180,.T.);
#1864=ORIENTED_EDGE('',*,*,#3167,.F.);
#1865=ORIENTED_EDGE('',*,*,#3179,.F.);
#1866=ORIENTED_EDGE('',*,*,#2877,.T.);
#1867=ORIENTED_EDGE('',*,*,#3182,.T.);
#1868=ORIENTED_EDGE('',*,*,#3183,.T.);
#1869=ORIENTED_EDGE('',*,*,#3184,.T.);
#1870=ORIENTED_EDGE('',*,*,#3185,.T.);
#1871=ORIENTED_EDGE('',*,*,#3186,.T.);
#1872=ORIENTED_EDGE('',*,*,#3187,.T.);
#1873=ORIENTED_EDGE('',*,*,#2882,.F.);
#1874=ORIENTED_EDGE('',*,*,#3144,.F.);
#1875=ORIENTED_EDGE('',*,*,#2903,.F.);
#1876=ORIENTED_EDGE('',*,*,#2900,.F.);
#1877=ORIENTED_EDGE('',*,*,#2897,.F.);
#1878=ORIENTED_EDGE('',*,*,#2894,.F.);
#1879=ORIENTED_EDGE('',*,*,#2891,.F.);
#1880=ORIENTED_EDGE('',*,*,#2888,.F.);
#1881=ORIENTED_EDGE('',*,*,#2885,.F.);
#1882=ORIENTED_EDGE('',*,*,#3188,.T.);
#1883=ORIENTED_EDGE('',*,*,#3189,.T.);
#1884=ORIENTED_EDGE('',*,*,#3190,.T.);
#1885=ORIENTED_EDGE('',*,*,#3191,.T.);
#1886=ORIENTED_EDGE('',*,*,#3186,.F.);
#1887=ORIENTED_EDGE('',*,*,#3192,.F.);
#1888=ORIENTED_EDGE('',*,*,#3189,.F.);
#1889=ORIENTED_EDGE('',*,*,#3193,.T.);
#1890=ORIENTED_EDGE('',*,*,#3187,.F.);
#1891=ORIENTED_EDGE('',*,*,#3193,.F.);
#1892=ORIENTED_EDGE('',*,*,#3188,.F.);
#1893=ORIENTED_EDGE('',*,*,#3194,.T.);
#1894=ORIENTED_EDGE('',*,*,#3184,.F.);
#1895=ORIENTED_EDGE('',*,*,#3194,.F.);
#1896=ORIENTED_EDGE('',*,*,#3191,.F.);
#1897=ORIENTED_EDGE('',*,*,#3195,.T.);
#1898=ORIENTED_EDGE('',*,*,#3185,.F.);
#1899=ORIENTED_EDGE('',*,*,#3195,.F.);
#1900=ORIENTED_EDGE('',*,*,#3190,.F.);
#1901=ORIENTED_EDGE('',*,*,#3192,.T.);
#1902=ORIENTED_EDGE('',*,*,#3196,.T.);
#1903=ORIENTED_EDGE('',*,*,#3197,.T.);
#1904=ORIENTED_EDGE('',*,*,#3198,.T.);
#1905=ORIENTED_EDGE('',*,*,#2938,.F.);
#1906=ORIENTED_EDGE('',*,*,#3148,.F.);
#1907=ORIENTED_EDGE('',*,*,#2959,.F.);
#1908=ORIENTED_EDGE('',*,*,#2956,.F.);
#1909=ORIENTED_EDGE('',*,*,#2953,.T.);
#1910=ORIENTED_EDGE('',*,*,#2950,.T.);
#1911=ORIENTED_EDGE('',*,*,#2947,.F.);
#1912=ORIENTED_EDGE('',*,*,#2944,.F.);
#1913=ORIENTED_EDGE('',*,*,#2941,.F.);
#1914=ORIENTED_EDGE('',*,*,#3199,.T.);
#1915=ORIENTED_EDGE('',*,*,#3200,.T.);
#1916=ORIENTED_EDGE('',*,*,#3201,.T.);
#1917=ORIENTED_EDGE('',*,*,#3198,.F.);
#1918=ORIENTED_EDGE('',*,*,#3202,.F.);
#1919=ORIENTED_EDGE('',*,*,#3200,.F.);
#1920=ORIENTED_EDGE('',*,*,#3203,.T.);
#1921=ORIENTED_EDGE('',*,*,#3196,.F.);
#1922=ORIENTED_EDGE('',*,*,#3203,.F.);
#1923=ORIENTED_EDGE('',*,*,#3199,.F.);
#1924=ORIENTED_EDGE('',*,*,#3204,.T.);
#1925=ORIENTED_EDGE('',*,*,#3197,.F.);
#1926=ORIENTED_EDGE('',*,*,#3204,.F.);
#1927=ORIENTED_EDGE('',*,*,#3201,.F.);
#1928=ORIENTED_EDGE('',*,*,#3202,.T.);
#1929=ORIENTED_EDGE('',*,*,#3205,.T.);
#1930=ORIENTED_EDGE('',*,*,#3206,.T.);
#1931=ORIENTED_EDGE('',*,*,#3207,.T.);
#1932=ORIENTED_EDGE('',*,*,#3006,.F.);
#1933=ORIENTED_EDGE('',*,*,#3152,.F.);
#1934=ORIENTED_EDGE('',*,*,#3027,.F.);
#1935=ORIENTED_EDGE('',*,*,#3024,.F.);
#1936=ORIENTED_EDGE('',*,*,#3021,.T.);
#1937=ORIENTED_EDGE('',*,*,#3018,.T.);
#1938=ORIENTED_EDGE('',*,*,#3015,.F.);
#1939=ORIENTED_EDGE('',*,*,#3012,.F.);
#1940=ORIENTED_EDGE('',*,*,#3009,.F.);
#1941=ORIENTED_EDGE('',*,*,#3208,.T.);
#1942=ORIENTED_EDGE('',*,*,#3209,.T.);
#1943=ORIENTED_EDGE('',*,*,#3210,.T.);
#1944=ORIENTED_EDGE('',*,*,#3207,.F.);
#1945=ORIENTED_EDGE('',*,*,#3211,.F.);
#1946=ORIENTED_EDGE('',*,*,#3209,.F.);
#1947=ORIENTED_EDGE('',*,*,#3212,.T.);
#1948=ORIENTED_EDGE('',*,*,#3205,.F.);
#1949=ORIENTED_EDGE('',*,*,#3212,.F.);
#1950=ORIENTED_EDGE('',*,*,#3208,.F.);
#1951=ORIENTED_EDGE('',*,*,#3213,.T.);
#1952=ORIENTED_EDGE('',*,*,#3206,.F.);
#1953=ORIENTED_EDGE('',*,*,#3213,.F.);
#1954=ORIENTED_EDGE('',*,*,#3210,.F.);
#1955=ORIENTED_EDGE('',*,*,#3211,.T.);
#1956=ORIENTED_EDGE('',*,*,#3214,.T.);
#1957=ORIENTED_EDGE('',*,*,#3215,.T.);
#1958=ORIENTED_EDGE('',*,*,#3216,.T.);
#1959=ORIENTED_EDGE('',*,*,#3217,.T.);
#1960=ORIENTED_EDGE('',*,*,#3031,.F.);
#1961=ORIENTED_EDGE('',*,*,#3154,.F.);
#1962=ORIENTED_EDGE('',*,*,#3052,.F.);
#1963=ORIENTED_EDGE('',*,*,#3049,.F.);
#1964=ORIENTED_EDGE('',*,*,#3046,.F.);
#1965=ORIENTED_EDGE('',*,*,#3043,.F.);
#1966=ORIENTED_EDGE('',*,*,#3040,.F.);
#1967=ORIENTED_EDGE('',*,*,#3037,.F.);
#1968=ORIENTED_EDGE('',*,*,#3034,.F.);
#1969=ORIENTED_EDGE('',*,*,#3218,.T.);
#1970=ORIENTED_EDGE('',*,*,#3219,.T.);
#1971=ORIENTED_EDGE('',*,*,#3220,.T.);
#1972=ORIENTED_EDGE('',*,*,#3221,.T.);
#1973=ORIENTED_EDGE('',*,*,#3216,.F.);
#1974=ORIENTED_EDGE('',*,*,#3222,.F.);
#1975=ORIENTED_EDGE('',*,*,#3219,.F.);
#1976=ORIENTED_EDGE('',*,*,#3223,.T.);
#1977=ORIENTED_EDGE('',*,*,#3217,.F.);
#1978=ORIENTED_EDGE('',*,*,#3223,.F.);
#1979=ORIENTED_EDGE('',*,*,#3218,.F.);
#1980=ORIENTED_EDGE('',*,*,#3224,.T.);
#1981=ORIENTED_EDGE('',*,*,#3214,.F.);
#1982=ORIENTED_EDGE('',*,*,#3224,.F.);
#1983=ORIENTED_EDGE('',*,*,#3221,.F.);
#1984=ORIENTED_EDGE('',*,*,#3225,.T.);
#1985=ORIENTED_EDGE('',*,*,#3215,.F.);
#1986=ORIENTED_EDGE('',*,*,#3225,.F.);
#1987=ORIENTED_EDGE('',*,*,#3220,.F.);
#1988=ORIENTED_EDGE('',*,*,#3222,.T.);
#1989=ORIENTED_EDGE('',*,*,#3099,.F.);
#1990=ORIENTED_EDGE('',*,*,#3158,.F.);
#1991=ORIENTED_EDGE('',*,*,#3141,.F.);
#1992=ORIENTED_EDGE('',*,*,#3138,.F.);
#1993=ORIENTED_EDGE('',*,*,#3135,.T.);
#1994=ORIENTED_EDGE('',*,*,#3132,.T.);
#1995=ORIENTED_EDGE('',*,*,#3129,.T.);
#1996=ORIENTED_EDGE('',*,*,#3126,.T.);
#1997=ORIENTED_EDGE('',*,*,#3123,.F.);
#1998=ORIENTED_EDGE('',*,*,#3120,.F.);
#1999=ORIENTED_EDGE('',*,*,#3117,.F.);
#2000=ORIENTED_EDGE('',*,*,#3114,.F.);
#2001=ORIENTED_EDGE('',*,*,#3111,.F.);
#2002=ORIENTED_EDGE('',*,*,#3108,.T.);
#2003=ORIENTED_EDGE('',*,*,#3105,.T.);
#2004=ORIENTED_EDGE('',*,*,#3102,.T.);
#2005=ORIENTED_EDGE('',*,*,#3056,.F.);
#2006=ORIENTED_EDGE('',*,*,#3156,.F.);
#2007=ORIENTED_EDGE('',*,*,#3095,.F.);
#2008=ORIENTED_EDGE('',*,*,#3092,.T.);
#2009=ORIENTED_EDGE('',*,*,#3089,.T.);
#2010=ORIENTED_EDGE('',*,*,#3086,.T.);
#2011=ORIENTED_EDGE('',*,*,#3083,.T.);
#2012=ORIENTED_EDGE('',*,*,#3080,.F.);
#2013=ORIENTED_EDGE('',*,*,#3077,.F.);
#2014=ORIENTED_EDGE('',*,*,#3074,.F.);
#2015=ORIENTED_EDGE('',*,*,#3071,.F.);
#2016=ORIENTED_EDGE('',*,*,#3068,.F.);
#2017=ORIENTED_EDGE('',*,*,#3065,.F.);
#2018=ORIENTED_EDGE('',*,*,#3062,.F.);
#2019=ORIENTED_EDGE('',*,*,#3059,.F.);
#2020=ORIENTED_EDGE('',*,*,#2963,.F.);
#2021=ORIENTED_EDGE('',*,*,#3150,.F.);
#2022=ORIENTED_EDGE('',*,*,#3002,.F.);
#2023=ORIENTED_EDGE('',*,*,#2999,.T.);
#2024=ORIENTED_EDGE('',*,*,#2996,.T.);
#2025=ORIENTED_EDGE('',*,*,#2993,.T.);
#2026=ORIENTED_EDGE('',*,*,#2990,.T.);
#2027=ORIENTED_EDGE('',*,*,#2987,.F.);
#2028=ORIENTED_EDGE('',*,*,#2984,.F.);
#2029=ORIENTED_EDGE('',*,*,#2981,.F.);
#2030=ORIENTED_EDGE('',*,*,#2978,.F.);
#2031=ORIENTED_EDGE('',*,*,#2975,.F.);
#2032=ORIENTED_EDGE('',*,*,#2972,.F.);
#2033=ORIENTED_EDGE('',*,*,#2969,.F.);
#2034=ORIENTED_EDGE('',*,*,#2966,.F.);
#2035=ORIENTED_EDGE('',*,*,#2907,.F.);
#2036=ORIENTED_EDGE('',*,*,#3146,.F.);
#2037=ORIENTED_EDGE('',*,*,#2934,.F.);
#2038=ORIENTED_EDGE('',*,*,#2931,.T.);
#2039=ORIENTED_EDGE('',*,*,#2928,.T.);
#2040=ORIENTED_EDGE('',*,*,#2925,.T.);
#2041=ORIENTED_EDGE('',*,*,#2922,.F.);
#2042=ORIENTED_EDGE('',*,*,#2919,.F.);
#2043=ORIENTED_EDGE('',*,*,#2916,.F.);
#2044=ORIENTED_EDGE('',*,*,#2913,.F.);
#2045=ORIENTED_EDGE('',*,*,#2910,.F.);
#2046=ORIENTED_EDGE('',*,*,#3177,.F.);
#2047=ORIENTED_EDGE('',*,*,#3226,.F.);
#2048=ORIENTED_EDGE('',*,*,#3227,.T.);
#2049=ORIENTED_EDGE('',*,*,#3228,.T.);
#2050=ORIENTED_EDGE('',*,*,#2872,.T.);
#2051=ORIENTED_EDGE('',*,*,#3229,.T.);
#2052=ORIENTED_EDGE('',*,*,#3230,.F.);
#2053=ORIENTED_EDGE('',*,*,#3164,.F.);
#2054=ORIENTED_EDGE('',*,*,#3231,.F.);
#2055=ORIENTED_EDGE('',*,*,#2866,.T.);
#2056=ORIENTED_EDGE('',*,*,#3170,.F.);
#2057=ORIENTED_EDGE('',*,*,#3178,.F.);
#2058=ORIENTED_EDGE('',*,*,#3228,.F.);
#2059=ORIENTED_EDGE('',*,*,#3232,.T.);
#2060=ORIENTED_EDGE('',*,*,#3183,.F.);
#2061=ORIENTED_EDGE('',*,*,#3233,.T.);
#2062=ORIENTED_EDGE('',*,*,#3234,.T.);
#2063=ORIENTED_EDGE('',*,*,#3235,.T.);
#2064=ORIENTED_EDGE('',*,*,#3175,.F.);
#2065=ORIENTED_EDGE('',*,*,#3181,.F.);
#2066=ORIENTED_EDGE('',*,*,#3230,.T.);
#2067=ORIENTED_EDGE('',*,*,#3236,.T.);
#2068=ORIENTED_EDGE('',*,*,#2880,.F.);
#2069=ORIENTED_EDGE('',*,*,#3161,.F.);
#2070=ORIENTED_EDGE('',*,*,#3235,.F.);
#2071=ORIENTED_EDGE('',*,*,#3237,.T.);
#2072=ORIENTED_EDGE('',*,*,#3226,.T.);
#2073=ORIENTED_EDGE('',*,*,#3176,.F.);
#2074=ORIENTED_EDGE('',*,*,#3238,.F.);
#2075=ORIENTED_EDGE('',*,*,#3239,.F.);
#2076=ORIENTED_EDGE('',*,*,#3234,.F.);
#2077=ORIENTED_EDGE('',*,*,#3240,.F.);
#2078=ORIENTED_EDGE('',*,*,#2875,.F.);
#2079=ORIENTED_EDGE('',*,*,#3241,.T.);
#2080=ORIENTED_EDGE('',*,*,#3242,.F.);
#2081=ORIENTED_EDGE('',*,*,#3243,.T.);
#2082=ORIENTED_EDGE('',*,*,#3232,.F.);
#2083=ORIENTED_EDGE('',*,*,#3227,.F.);
#2084=ORIENTED_EDGE('',*,*,#3237,.F.);
#2085=ORIENTED_EDGE('',*,*,#3239,.T.);
#2086=ORIENTED_EDGE('',*,*,#3244,.T.);
#2087=ORIENTED_EDGE('',*,*,#3245,.F.);
#2088=ORIENTED_EDGE('',*,*,#3241,.F.);
#2089=ORIENTED_EDGE('',*,*,#3236,.F.);
#2090=ORIENTED_EDGE('',*,*,#3229,.F.);
#2091=ORIENTED_EDGE('',*,*,#2871,.F.);
#2092=ORIENTED_EDGE('',*,*,#3246,.T.);
#2093=ORIENTED_EDGE('',*,*,#3247,.T.);
#2094=ORIENTED_EDGE('',*,*,#2876,.F.);
#2095=ORIENTED_EDGE('',*,*,#3240,.T.);
#2096=ORIENTED_EDGE('',*,*,#3233,.F.);
#2097=ORIENTED_EDGE('',*,*,#3182,.F.);
#2098=ORIENTED_EDGE('',*,*,#3247,.F.);
#2099=ORIENTED_EDGE('',*,*,#3160,.T.);
#2100=ORIENTED_EDGE('',*,*,#3244,.F.);
#2101=ORIENTED_EDGE('',*,*,#3173,.T.);
#2102=ORIENTED_EDGE('',*,*,#3248,.T.);
#2103=ORIENTED_EDGE('',*,*,#3249,.T.);
#2104=ORIENTED_EDGE('',*,*,#3242,.T.);
#2105=ORIENTED_EDGE('',*,*,#3238,.T.);
#2106=ORIENTED_EDGE('',*,*,#3245,.T.);
#2107=ORIENTED_EDGE('',*,*,#3250,.T.);
#2108=ORIENTED_EDGE('',*,*,#3249,.F.);
#2109=ORIENTED_EDGE('',*,*,#3250,.F.);
#2110=ORIENTED_EDGE('',*,*,#3246,.F.);
#2111=ORIENTED_EDGE('',*,*,#2870,.T.);
#2112=ORIENTED_EDGE('',*,*,#2867,.F.);
#2113=ORIENTED_EDGE('',*,*,#3231,.T.);
#2114=ORIENTED_EDGE('',*,*,#3243,.F.);
#2115=ORIENTED_EDGE('',*,*,#3251,.F.);
#2116=ORIENTED_EDGE('',*,*,#2865,.F.);
#2117=ORIENTED_EDGE('',*,*,#3252,.F.);
#2118=ORIENTED_EDGE('',*,*,#3251,.T.);
#2119=ORIENTED_EDGE('',*,*,#3248,.F.);
#2120=ORIENTED_EDGE('',*,*,#3252,.T.);
#2121=ORIENTED_EDGE('',*,*,#3253,.F.);
#2122=ORIENTED_EDGE('',*,*,#3253,.T.);
#2123=ORIENTED_EDGE('',*,*,#3254,.F.);
#2124=ORIENTED_EDGE('',*,*,#3255,.F.);
#2125=ORIENTED_EDGE('',*,*,#3254,.T.);
#2126=ORIENTED_EDGE('',*,*,#3256,.F.);
#2127=ORIENTED_EDGE('',*,*,#3255,.T.);
#2128=ORIENTED_EDGE('',*,*,#3257,.F.);
#2129=ORIENTED_EDGE('',*,*,#3256,.T.);
#2130=ORIENTED_EDGE('',*,*,#3258,.F.);
#2131=ORIENTED_EDGE('',*,*,#3257,.T.);
#2132=ORIENTED_EDGE('',*,*,#3258,.T.);
#2133=ORIENTED_EDGE('',*,*,#3259,.T.);
#2134=ORIENTED_EDGE('',*,*,#3260,.F.);
#2135=ORIENTED_EDGE('',*,*,#3261,.T.);
#2136=ORIENTED_EDGE('',*,*,#3259,.F.);
#2137=ORIENTED_EDGE('',*,*,#3262,.T.);
#2138=ORIENTED_EDGE('',*,*,#3261,.F.);
#2139=ORIENTED_EDGE('',*,*,#3263,.T.);
#2140=ORIENTED_EDGE('',*,*,#3262,.F.);
#2141=ORIENTED_EDGE('',*,*,#3263,.F.);
#2142=ORIENTED_EDGE('',*,*,#3264,.T.);
#2143=ORIENTED_EDGE('',*,*,#3265,.T.);
#2144=ORIENTED_EDGE('',*,*,#3264,.F.);
#2145=ORIENTED_EDGE('',*,*,#3266,.T.);
#2146=ORIENTED_EDGE('',*,*,#3265,.F.);
#2147=ORIENTED_EDGE('',*,*,#3267,.T.);
#2148=ORIENTED_EDGE('',*,*,#3266,.F.);
#2149=ORIENTED_EDGE('',*,*,#3267,.F.);
#2150=ORIENTED_EDGE('',*,*,#3268,.T.);
#2151=ORIENTED_EDGE('',*,*,#3269,.T.);
#2152=ORIENTED_EDGE('',*,*,#3268,.F.);
#2153=ORIENTED_EDGE('',*,*,#3270,.T.);
#2154=ORIENTED_EDGE('',*,*,#3269,.F.);
#2155=ORIENTED_EDGE('',*,*,#3271,.T.);
#2156=ORIENTED_EDGE('',*,*,#3270,.F.);
#2157=ORIENTED_EDGE('',*,*,#3272,.T.);
#2158=ORIENTED_EDGE('',*,*,#3271,.F.);
#2159=ORIENTED_EDGE('',*,*,#3273,.T.);
#2160=ORIENTED_EDGE('',*,*,#3272,.F.);
#2161=ORIENTED_EDGE('',*,*,#3273,.F.);
#2162=ORIENTED_EDGE('',*,*,#3274,.T.);
#2163=ORIENTED_EDGE('',*,*,#3275,.T.);
#2164=ORIENTED_EDGE('',*,*,#3274,.F.);
#2165=ORIENTED_EDGE('',*,*,#3276,.T.);
#2166=ORIENTED_EDGE('',*,*,#3275,.F.);
#2167=ORIENTED_EDGE('',*,*,#3277,.T.);
#2168=ORIENTED_EDGE('',*,*,#3276,.F.);
#2169=ORIENTED_EDGE('',*,*,#3277,.F.);
#2170=ORIENTED_EDGE('',*,*,#3278,.T.);
#2171=ORIENTED_EDGE('',*,*,#3260,.T.);
#2172=ORIENTED_EDGE('',*,*,#3278,.F.);
#2173=ORIENTED_EDGE('',*,*,#3279,.T.);
#2174=ORIENTED_EDGE('',*,*,#3280,.F.);
#2175=ORIENTED_EDGE('',*,*,#3281,.T.);
#2176=ORIENTED_EDGE('',*,*,#3279,.F.);
#2177=ORIENTED_EDGE('',*,*,#3282,.T.);
#2178=ORIENTED_EDGE('',*,*,#3281,.F.);
#2179=ORIENTED_EDGE('',*,*,#3283,.T.);
#2180=ORIENTED_EDGE('',*,*,#3282,.F.);
#2181=ORIENTED_EDGE('',*,*,#3284,.T.);
#2182=ORIENTED_EDGE('',*,*,#3283,.F.);
#2183=ORIENTED_EDGE('',*,*,#3285,.T.);
#2184=ORIENTED_EDGE('',*,*,#3284,.F.);
#2185=ORIENTED_EDGE('',*,*,#3286,.T.);
#2186=ORIENTED_EDGE('',*,*,#3285,.F.);
#2187=ORIENTED_EDGE('',*,*,#3287,.T.);
#2188=ORIENTED_EDGE('',*,*,#3286,.F.);
#2189=ORIENTED_EDGE('',*,*,#3288,.T.);
#2190=ORIENTED_EDGE('',*,*,#3287,.F.);
#2191=ORIENTED_EDGE('',*,*,#3289,.T.);
#2192=ORIENTED_EDGE('',*,*,#3288,.F.);
#2193=ORIENTED_EDGE('',*,*,#3290,.T.);
#2194=ORIENTED_EDGE('',*,*,#3289,.F.);
#2195=ORIENTED_EDGE('',*,*,#3291,.T.);
#2196=ORIENTED_EDGE('',*,*,#3290,.F.);
#2197=ORIENTED_EDGE('',*,*,#3292,.T.);
#2198=ORIENTED_EDGE('',*,*,#3291,.F.);
#2199=ORIENTED_EDGE('',*,*,#3293,.T.);
#2200=ORIENTED_EDGE('',*,*,#3292,.F.);
#2201=ORIENTED_EDGE('',*,*,#3280,.T.);
#2202=ORIENTED_EDGE('',*,*,#3293,.F.);
#2203=ORIENTED_EDGE('',*,*,#3294,.T.);
#2204=ORIENTED_EDGE('',*,*,#3295,.T.);
#2205=ORIENTED_EDGE('',*,*,#3296,.T.);
#2206=ORIENTED_EDGE('',*,*,#3297,.T.);
#2207=ORIENTED_EDGE('',*,*,#3298,.T.);
#2208=ORIENTED_EDGE('',*,*,#3299,.T.);
#2209=ORIENTED_EDGE('',*,*,#3300,.T.);
#2210=ORIENTED_EDGE('',*,*,#3301,.T.);
#2211=ORIENTED_EDGE('',*,*,#3302,.F.);
#2212=ORIENTED_EDGE('',*,*,#3303,.T.);
#2213=ORIENTED_EDGE('',*,*,#3304,.F.);
#2214=ORIENTED_EDGE('',*,*,#3305,.T.);
#2215=ORIENTED_EDGE('',*,*,#3306,.F.);
#2216=ORIENTED_EDGE('',*,*,#3307,.T.);
#2217=ORIENTED_EDGE('',*,*,#3308,.F.);
#2218=ORIENTED_EDGE('',*,*,#3309,.T.);
#2219=ORIENTED_EDGE('',*,*,#3310,.F.);
#2220=ORIENTED_EDGE('',*,*,#3311,.F.);
#2221=ORIENTED_EDGE('',*,*,#3312,.T.);
#2222=ORIENTED_EDGE('',*,*,#3313,.T.);
#2223=ORIENTED_EDGE('',*,*,#3314,.T.);
#2224=ORIENTED_EDGE('',*,*,#3315,.T.);
#2225=ORIENTED_EDGE('',*,*,#3316,.T.);
#2226=ORIENTED_EDGE('',*,*,#3317,.T.);
#2227=ORIENTED_EDGE('',*,*,#3318,.T.);
#2228=ORIENTED_EDGE('',*,*,#3319,.F.);
#2229=ORIENTED_EDGE('',*,*,#3320,.F.);
#2230=ORIENTED_EDGE('',*,*,#3321,.F.);
#2231=ORIENTED_EDGE('',*,*,#3322,.F.);
#2232=ORIENTED_EDGE('',*,*,#3298,.F.);
#2233=ORIENTED_EDGE('',*,*,#3323,.F.);
#2234=ORIENTED_EDGE('',*,*,#3319,.T.);
#2235=ORIENTED_EDGE('',*,*,#3324,.F.);
#2236=ORIENTED_EDGE('',*,*,#3325,.F.);
#2237=ORIENTED_EDGE('',*,*,#3326,.F.);
#2238=ORIENTED_EDGE('',*,*,#3327,.F.);
#2239=ORIENTED_EDGE('',*,*,#3328,.F.);
#2240=ORIENTED_EDGE('',*,*,#3329,.F.);
#2241=ORIENTED_EDGE('',*,*,#3330,.F.);
#2242=ORIENTED_EDGE('',*,*,#3331,.F.);
#2243=ORIENTED_EDGE('',*,*,#3332,.F.);
#2244=ORIENTED_EDGE('',*,*,#3333,.F.);
#2245=ORIENTED_EDGE('',*,*,#3334,.F.);
#2246=ORIENTED_EDGE('',*,*,#3311,.T.);
#2247=ORIENTED_EDGE('',*,*,#3335,.F.);
#2248=ORIENTED_EDGE('',*,*,#3300,.F.);
#2249=ORIENTED_EDGE('',*,*,#3336,.F.);
#2250=ORIENTED_EDGE('',*,*,#3294,.F.);
#2251=ORIENTED_EDGE('',*,*,#3337,.F.);
#2252=ORIENTED_EDGE('',*,*,#3296,.F.);
#2253=ORIENTED_EDGE('',*,*,#3338,.F.);
#2254=ORIENTED_EDGE('',*,*,#3339,.T.);
#2255=ORIENTED_EDGE('',*,*,#3340,.T.);
#2256=ORIENTED_EDGE('',*,*,#3341,.T.);
#2257=ORIENTED_EDGE('',*,*,#3342,.F.);
#2258=ORIENTED_EDGE('',*,*,#3343,.F.);
#2259=ORIENTED_EDGE('',*,*,#3344,.T.);
#2260=ORIENTED_EDGE('',*,*,#3345,.T.);
#2261=ORIENTED_EDGE('',*,*,#3346,.T.);
#2262=ORIENTED_EDGE('',*,*,#3347,.T.);
#2263=ORIENTED_EDGE('',*,*,#3348,.F.);
#2264=ORIENTED_EDGE('',*,*,#3349,.F.);
#2265=ORIENTED_EDGE('',*,*,#3350,.F.);
#2266=ORIENTED_EDGE('',*,*,#3305,.F.);
#2267=ORIENTED_EDGE('',*,*,#3351,.F.);
#2268=ORIENTED_EDGE('',*,*,#3303,.F.);
#2269=ORIENTED_EDGE('',*,*,#3352,.F.);
#2270=ORIENTED_EDGE('',*,*,#3309,.F.);
#2271=ORIENTED_EDGE('',*,*,#3353,.F.);
#2272=ORIENTED_EDGE('',*,*,#3347,.F.);
#2273=ORIENTED_EDGE('',*,*,#3354,.T.);
#2274=ORIENTED_EDGE('',*,*,#3355,.T.);
#2275=ORIENTED_EDGE('',*,*,#3356,.T.);
#2276=ORIENTED_EDGE('',*,*,#3357,.T.);
#2277=ORIENTED_EDGE('',*,*,#3358,.T.);
#2278=ORIENTED_EDGE('',*,*,#3359,.F.);
#2279=ORIENTED_EDGE('',*,*,#3360,.T.);
#2280=ORIENTED_EDGE('',*,*,#3361,.T.);
#2281=ORIENTED_EDGE('',*,*,#3362,.T.);
#2282=ORIENTED_EDGE('',*,*,#3363,.T.);
#2283=ORIENTED_EDGE('',*,*,#3364,.T.);
#2284=ORIENTED_EDGE('',*,*,#3339,.F.);
#2285=ORIENTED_EDGE('',*,*,#3365,.F.);
#2286=ORIENTED_EDGE('',*,*,#3307,.F.);
#2287=ORIENTED_EDGE('',*,*,#3366,.T.);
#2288=ORIENTED_EDGE('',*,*,#3367,.F.);
#2289=ORIENTED_EDGE('',*,*,#3368,.T.);
#2290=ORIENTED_EDGE('',*,*,#3342,.T.);
#2291=ORIENTED_EDGE('',*,*,#3369,.T.);
#2292=ORIENTED_EDGE('',*,*,#3316,.F.);
#2293=ORIENTED_EDGE('',*,*,#3328,.T.);
#2294=ORIENTED_EDGE('',*,*,#3370,.F.);
#2295=ORIENTED_EDGE('',*,*,#3360,.F.);
#2296=ORIENTED_EDGE('',*,*,#3371,.T.);
#2297=ORIENTED_EDGE('',*,*,#3372,.T.);
#2298=ORIENTED_EDGE('',*,*,#3373,.T.);
#2299=ORIENTED_EDGE('',*,*,#3370,.T.);
#2300=ORIENTED_EDGE('',*,*,#3327,.T.);
#2301=ORIENTED_EDGE('',*,*,#3374,.F.);
#2302=ORIENTED_EDGE('',*,*,#3361,.F.);
#2303=ORIENTED_EDGE('',*,*,#3374,.T.);
#2304=ORIENTED_EDGE('',*,*,#3326,.T.);
#2305=ORIENTED_EDGE('',*,*,#3375,.F.);
#2306=ORIENTED_EDGE('',*,*,#3362,.F.);
#2307=ORIENTED_EDGE('',*,*,#3375,.T.);
#2308=ORIENTED_EDGE('',*,*,#3325,.T.);
#2309=ORIENTED_EDGE('',*,*,#3376,.F.);
#2310=ORIENTED_EDGE('',*,*,#3363,.F.);
#2311=ORIENTED_EDGE('',*,*,#3376,.T.);
#2312=ORIENTED_EDGE('',*,*,#3324,.T.);
#2313=ORIENTED_EDGE('',*,*,#3318,.F.);
#2314=ORIENTED_EDGE('',*,*,#3377,.F.);
#2315=ORIENTED_EDGE('',*,*,#3340,.F.);
#2316=ORIENTED_EDGE('',*,*,#3364,.F.);
#2317=ORIENTED_EDGE('',*,*,#3377,.T.);
#2318=ORIENTED_EDGE('',*,*,#3317,.F.);
#2319=ORIENTED_EDGE('',*,*,#3369,.F.);
#2320=ORIENTED_EDGE('',*,*,#3341,.F.);
#2321=ORIENTED_EDGE('',*,*,#3378,.T.);
#2322=ORIENTED_EDGE('',*,*,#3379,.T.);
#2323=ORIENTED_EDGE('',*,*,#3313,.F.);
#2324=ORIENTED_EDGE('',*,*,#3380,.F.);
#2325=ORIENTED_EDGE('',*,*,#3345,.F.);
#2326=ORIENTED_EDGE('',*,*,#3381,.F.);
#2327=ORIENTED_EDGE('',*,*,#3382,.T.);
#2328=ORIENTED_EDGE('',*,*,#3378,.F.);
#2329=ORIENTED_EDGE('',*,*,#3344,.F.);
#2330=ORIENTED_EDGE('',*,*,#3315,.F.);
#2331=ORIENTED_EDGE('',*,*,#3383,.T.);
#2332=ORIENTED_EDGE('',*,*,#3384,.T.);
#2333=ORIENTED_EDGE('',*,*,#3385,.T.);
#2334=ORIENTED_EDGE('',*,*,#3386,.T.);
#2335=ORIENTED_EDGE('',*,*,#3366,.F.);
#2336=ORIENTED_EDGE('',*,*,#3387,.F.);
#2337=ORIENTED_EDGE('',*,*,#3388,.F.);
#2338=ORIENTED_EDGE('',*,*,#3389,.F.);
#2339=ORIENTED_EDGE('',*,*,#3390,.F.);
#2340=ORIENTED_EDGE('',*,*,#3391,.F.);
#2341=ORIENTED_EDGE('',*,*,#3392,.F.);
#2342=ORIENTED_EDGE('',*,*,#3393,.F.);
#2343=ORIENTED_EDGE('',*,*,#3394,.F.);
#2344=ORIENTED_EDGE('',*,*,#3395,.F.);
#2345=ORIENTED_EDGE('',*,*,#3396,.F.);
#2346=ORIENTED_EDGE('',*,*,#3397,.F.);
#2347=ORIENTED_EDGE('',*,*,#3398,.F.);
#2348=ORIENTED_EDGE('',*,*,#3399,.F.);
#2349=ORIENTED_EDGE('',*,*,#3400,.F.);
#2350=ORIENTED_EDGE('',*,*,#3401,.F.);
#2351=ORIENTED_EDGE('',*,*,#3402,.F.);
#2352=ORIENTED_EDGE('',*,*,#3403,.F.);
#2353=ORIENTED_EDGE('',*,*,#3404,.F.);
#2354=ORIENTED_EDGE('',*,*,#3405,.F.);
#2355=ORIENTED_EDGE('',*,*,#3406,.F.);
#2356=ORIENTED_EDGE('',*,*,#3407,.F.);
#2357=ORIENTED_EDGE('',*,*,#3408,.F.);
#2358=ORIENTED_EDGE('',*,*,#3409,.F.);
#2359=ORIENTED_EDGE('',*,*,#3410,.F.);
#2360=ORIENTED_EDGE('',*,*,#3411,.F.);
#2361=ORIENTED_EDGE('',*,*,#3412,.F.);
#2362=ORIENTED_EDGE('',*,*,#3413,.F.);
#2363=ORIENTED_EDGE('',*,*,#3414,.F.);
#2364=ORIENTED_EDGE('',*,*,#3415,.T.);
#2365=ORIENTED_EDGE('',*,*,#3329,.T.);
#2366=ORIENTED_EDGE('',*,*,#3373,.F.);
#2367=ORIENTED_EDGE('',*,*,#3416,.T.);
#2368=ORIENTED_EDGE('',*,*,#3417,.T.);
#2369=ORIENTED_EDGE('',*,*,#3418,.T.);
#2370=ORIENTED_EDGE('',*,*,#3419,.F.);
#2371=ORIENTED_EDGE('',*,*,#3420,.F.);
#2372=ORIENTED_EDGE('',*,*,#3421,.F.);
#2373=ORIENTED_EDGE('',*,*,#3422,.F.);
#2374=ORIENTED_EDGE('',*,*,#3423,.F.);
#2375=ORIENTED_EDGE('',*,*,#3424,.F.);
#2376=ORIENTED_EDGE('',*,*,#3425,.F.);
#2377=ORIENTED_EDGE('',*,*,#3426,.F.);
#2378=ORIENTED_EDGE('',*,*,#3427,.F.);
#2379=ORIENTED_EDGE('',*,*,#3428,.F.);
#2380=ORIENTED_EDGE('',*,*,#3429,.F.);
#2381=ORIENTED_EDGE('',*,*,#3430,.F.);
#2382=ORIENTED_EDGE('',*,*,#3431,.F.);
#2383=ORIENTED_EDGE('',*,*,#3432,.F.);
#2384=ORIENTED_EDGE('',*,*,#3433,.F.);
#2385=ORIENTED_EDGE('',*,*,#3434,.F.);
#2386=ORIENTED_EDGE('',*,*,#3435,.F.);
#2387=ORIENTED_EDGE('',*,*,#3436,.F.);
#2388=ORIENTED_EDGE('',*,*,#3415,.F.);
#2389=ORIENTED_EDGE('',*,*,#3437,.F.);
#2390=ORIENTED_EDGE('',*,*,#3438,.T.);
#2391=ORIENTED_EDGE('',*,*,#3358,.F.);
#2392=ORIENTED_EDGE('',*,*,#3439,.T.);
#2393=ORIENTED_EDGE('',*,*,#3330,.T.);
#2394=ORIENTED_EDGE('',*,*,#3440,.T.);
#2395=ORIENTED_EDGE('',*,*,#3331,.T.);
#2396=ORIENTED_EDGE('',*,*,#3439,.F.);
#2397=ORIENTED_EDGE('',*,*,#3357,.F.);
#2398=ORIENTED_EDGE('',*,*,#3441,.T.);
#2399=ORIENTED_EDGE('',*,*,#3332,.T.);
#2400=ORIENTED_EDGE('',*,*,#3440,.F.);
#2401=ORIENTED_EDGE('',*,*,#3356,.F.);
#2402=ORIENTED_EDGE('',*,*,#3442,.T.);
#2403=ORIENTED_EDGE('',*,*,#3333,.T.);
#2404=ORIENTED_EDGE('',*,*,#3441,.F.);
#2405=ORIENTED_EDGE('',*,*,#3355,.F.);
#2406=ORIENTED_EDGE('',*,*,#3346,.F.);
#2407=ORIENTED_EDGE('',*,*,#3380,.T.);
#2408=ORIENTED_EDGE('',*,*,#3312,.F.);
#2409=ORIENTED_EDGE('',*,*,#3334,.T.);
#2410=ORIENTED_EDGE('',*,*,#3442,.F.);
#2411=ORIENTED_EDGE('',*,*,#3354,.F.);
#2412=ORIENTED_EDGE('',*,*,#3381,.T.);
#2413=ORIENTED_EDGE('',*,*,#3343,.T.);
#2414=ORIENTED_EDGE('',*,*,#3368,.F.);
#2415=ORIENTED_EDGE('',*,*,#3443,.F.);
#2416=ORIENTED_EDGE('',*,*,#3444,.F.);
#2417=ORIENTED_EDGE('',*,*,#3445,.F.);
#2418=ORIENTED_EDGE('',*,*,#3446,.F.);
#2419=ORIENTED_EDGE('',*,*,#3447,.T.);
#2420=ORIENTED_EDGE('',*,*,#3383,.F.);
#2421=ORIENTED_EDGE('',*,*,#3314,.F.);
#2422=ORIENTED_EDGE('',*,*,#3379,.F.);
#2423=ORIENTED_EDGE('',*,*,#3382,.F.);
#2424=ORIENTED_EDGE('',*,*,#3446,.T.);
#2425=ORIENTED_EDGE('',*,*,#3384,.F.);
#2426=ORIENTED_EDGE('',*,*,#3447,.F.);
#2427=ORIENTED_EDGE('',*,*,#3445,.T.);
#2428=ORIENTED_EDGE('',*,*,#3448,.T.);
#2429=ORIENTED_EDGE('',*,*,#3385,.F.);
#2430=ORIENTED_EDGE('',*,*,#3448,.F.);
#2431=ORIENTED_EDGE('',*,*,#3444,.T.);
#2432=ORIENTED_EDGE('',*,*,#3449,.T.);
#2433=ORIENTED_EDGE('',*,*,#3386,.F.);
#2434=ORIENTED_EDGE('',*,*,#3449,.F.);
#2435=ORIENTED_EDGE('',*,*,#3443,.T.);
#2436=ORIENTED_EDGE('',*,*,#3367,.T.);
#2437=ORIENTED_EDGE('',*,*,#3371,.F.);
#2438=ORIENTED_EDGE('',*,*,#3359,.T.);
#2439=ORIENTED_EDGE('',*,*,#3438,.F.);
#2440=ORIENTED_EDGE('',*,*,#3450,.F.);
#2441=ORIENTED_EDGE('',*,*,#3451,.F.);
#2442=ORIENTED_EDGE('',*,*,#3452,.F.);
#2443=ORIENTED_EDGE('',*,*,#3416,.F.);
#2444=ORIENTED_EDGE('',*,*,#3372,.F.);
#2445=ORIENTED_EDGE('',*,*,#3452,.T.);
#2446=ORIENTED_EDGE('',*,*,#3453,.T.);
#2447=ORIENTED_EDGE('',*,*,#3417,.F.);
#2448=ORIENTED_EDGE('',*,*,#3453,.F.);
#2449=ORIENTED_EDGE('',*,*,#3451,.T.);
#2450=ORIENTED_EDGE('',*,*,#3454,.T.);
#2451=ORIENTED_EDGE('',*,*,#3418,.F.);
#2452=ORIENTED_EDGE('',*,*,#3454,.F.);
#2453=ORIENTED_EDGE('',*,*,#3450,.T.);
#2454=ORIENTED_EDGE('',*,*,#3437,.T.);
#2455=ORIENTED_EDGE('',*,*,#3304,.T.);
#2456=ORIENTED_EDGE('',*,*,#3351,.T.);
#2457=ORIENTED_EDGE('',*,*,#3365,.T.);
#2458=ORIENTED_EDGE('',*,*,#3338,.T.);
#2459=ORIENTED_EDGE('',*,*,#3455,.T.);
#2460=ORIENTED_EDGE('',*,*,#3348,.T.);
#2461=ORIENTED_EDGE('',*,*,#3353,.T.);
#2462=ORIENTED_EDGE('',*,*,#3308,.T.);
#2463=ORIENTED_EDGE('',*,*,#3455,.F.);
#2464=ORIENTED_EDGE('',*,*,#3349,.T.);
#2465=ORIENTED_EDGE('',*,*,#3337,.T.);
#2466=ORIENTED_EDGE('',*,*,#3297,.F.);
#2467=ORIENTED_EDGE('',*,*,#3321,.T.);
#2468=ORIENTED_EDGE('',*,*,#3456,.T.);
#2469=ORIENTED_EDGE('',*,*,#3310,.T.);
#2470=ORIENTED_EDGE('',*,*,#3456,.F.);
#2471=ORIENTED_EDGE('',*,*,#3320,.T.);
#2472=ORIENTED_EDGE('',*,*,#3323,.T.);
#2473=ORIENTED_EDGE('',*,*,#3301,.F.);
#2474=ORIENTED_EDGE('',*,*,#3335,.T.);
#2475=ORIENTED_EDGE('',*,*,#3350,.T.);
#2476=ORIENTED_EDGE('',*,*,#3306,.T.);
#2477=ORIENTED_EDGE('',*,*,#3352,.T.);
#2478=ORIENTED_EDGE('',*,*,#3302,.T.);
#2479=ORIENTED_EDGE('',*,*,#3322,.T.);
#2480=ORIENTED_EDGE('',*,*,#3295,.F.);
#2481=ORIENTED_EDGE('',*,*,#3336,.T.);
#2482=ORIENTED_EDGE('',*,*,#3299,.F.);
#2483=ORIENTED_EDGE('',*,*,#3427,.T.);
#2484=ORIENTED_EDGE('',*,*,#3457,.F.);
#2485=ORIENTED_EDGE('',*,*,#3458,.F.);
#2486=ORIENTED_EDGE('',*,*,#3459,.T.);
#2487=ORIENTED_EDGE('',*,*,#3428,.T.);
#2488=ORIENTED_EDGE('',*,*,#3459,.F.);
#2489=ORIENTED_EDGE('',*,*,#3460,.F.);
#2490=ORIENTED_EDGE('',*,*,#3461,.T.);
#2491=ORIENTED_EDGE('',*,*,#3429,.T.);
#2492=ORIENTED_EDGE('',*,*,#3461,.F.);
#2493=ORIENTED_EDGE('',*,*,#3462,.F.);
#2494=ORIENTED_EDGE('',*,*,#3463,.T.);
#2495=ORIENTED_EDGE('',*,*,#3430,.T.);
#2496=ORIENTED_EDGE('',*,*,#3463,.F.);
#2497=ORIENTED_EDGE('',*,*,#3464,.F.);
#2498=ORIENTED_EDGE('',*,*,#3465,.T.);
#2499=ORIENTED_EDGE('',*,*,#3431,.T.);
#2500=ORIENTED_EDGE('',*,*,#3465,.F.);
#2501=ORIENTED_EDGE('',*,*,#3466,.F.);
#2502=ORIENTED_EDGE('',*,*,#3467,.T.);
#2503=ORIENTED_EDGE('',*,*,#3432,.T.);
#2504=ORIENTED_EDGE('',*,*,#3467,.F.);
#2505=ORIENTED_EDGE('',*,*,#3468,.F.);
#2506=ORIENTED_EDGE('',*,*,#3469,.T.);
#2507=ORIENTED_EDGE('',*,*,#3433,.T.);
#2508=ORIENTED_EDGE('',*,*,#3469,.F.);
#2509=ORIENTED_EDGE('',*,*,#3470,.F.);
#2510=ORIENTED_EDGE('',*,*,#3471,.T.);
#2511=ORIENTED_EDGE('',*,*,#3434,.T.);
#2512=ORIENTED_EDGE('',*,*,#3471,.F.);
#2513=ORIENTED_EDGE('',*,*,#3472,.F.);
#2514=ORIENTED_EDGE('',*,*,#3473,.T.);
#2515=ORIENTED_EDGE('',*,*,#3435,.T.);
#2516=ORIENTED_EDGE('',*,*,#3473,.F.);
#2517=ORIENTED_EDGE('',*,*,#3474,.F.);
#2518=ORIENTED_EDGE('',*,*,#3475,.T.);
#2519=ORIENTED_EDGE('',*,*,#3419,.T.);
#2520=ORIENTED_EDGE('',*,*,#3476,.F.);
#2521=ORIENTED_EDGE('',*,*,#3477,.F.);
#2522=ORIENTED_EDGE('',*,*,#3478,.T.);
#2523=ORIENTED_EDGE('',*,*,#3420,.T.);
#2524=ORIENTED_EDGE('',*,*,#3478,.F.);
#2525=ORIENTED_EDGE('',*,*,#3479,.F.);
#2526=ORIENTED_EDGE('',*,*,#3480,.T.);
#2527=ORIENTED_EDGE('',*,*,#3421,.T.);
#2528=ORIENTED_EDGE('',*,*,#3480,.F.);
#2529=ORIENTED_EDGE('',*,*,#3481,.F.);
#2530=ORIENTED_EDGE('',*,*,#3482,.T.);
#2531=ORIENTED_EDGE('',*,*,#3422,.T.);
#2532=ORIENTED_EDGE('',*,*,#3482,.F.);
#2533=ORIENTED_EDGE('',*,*,#3483,.F.);
#2534=ORIENTED_EDGE('',*,*,#3484,.T.);
#2535=ORIENTED_EDGE('',*,*,#3423,.T.);
#2536=ORIENTED_EDGE('',*,*,#3484,.F.);
#2537=ORIENTED_EDGE('',*,*,#3485,.F.);
#2538=ORIENTED_EDGE('',*,*,#3486,.T.);
#2539=ORIENTED_EDGE('',*,*,#3424,.T.);
#2540=ORIENTED_EDGE('',*,*,#3486,.F.);
#2541=ORIENTED_EDGE('',*,*,#3487,.F.);
#2542=ORIENTED_EDGE('',*,*,#3488,.T.);
#2543=ORIENTED_EDGE('',*,*,#3425,.T.);
#2544=ORIENTED_EDGE('',*,*,#3488,.F.);
#2545=ORIENTED_EDGE('',*,*,#3489,.F.);
#2546=ORIENTED_EDGE('',*,*,#3490,.T.);
#2547=ORIENTED_EDGE('',*,*,#3436,.T.);
#2548=ORIENTED_EDGE('',*,*,#3475,.F.);
#2549=ORIENTED_EDGE('',*,*,#3491,.F.);
#2550=ORIENTED_EDGE('',*,*,#3457,.T.);
#2551=ORIENTED_EDGE('',*,*,#3426,.T.);
#2552=ORIENTED_EDGE('',*,*,#3490,.F.);
#2553=ORIENTED_EDGE('',*,*,#3492,.F.);
#2554=ORIENTED_EDGE('',*,*,#3476,.T.);
#2555=ORIENTED_EDGE('',*,*,#3460,.T.);
#2556=ORIENTED_EDGE('',*,*,#3458,.T.);
#2557=ORIENTED_EDGE('',*,*,#3491,.T.);
#2558=ORIENTED_EDGE('',*,*,#3474,.T.);
#2559=ORIENTED_EDGE('',*,*,#3472,.T.);
#2560=ORIENTED_EDGE('',*,*,#3470,.T.);
#2561=ORIENTED_EDGE('',*,*,#3468,.T.);
#2562=ORIENTED_EDGE('',*,*,#3466,.T.);
#2563=ORIENTED_EDGE('',*,*,#3464,.T.);
#2564=ORIENTED_EDGE('',*,*,#3462,.T.);
#2565=ORIENTED_EDGE('',*,*,#3493,.T.);
#2566=ORIENTED_EDGE('',*,*,#3494,.T.);
#2567=ORIENTED_EDGE('',*,*,#3495,.T.);
#2568=ORIENTED_EDGE('',*,*,#3496,.T.);
#2569=ORIENTED_EDGE('',*,*,#3497,.T.);
#2570=ORIENTED_EDGE('',*,*,#3498,.T.);
#2571=ORIENTED_EDGE('',*,*,#3494,.F.);
#2572=ORIENTED_EDGE('',*,*,#3499,.F.);
#2573=ORIENTED_EDGE('',*,*,#3500,.T.);
#2574=ORIENTED_EDGE('',*,*,#3501,.T.);
#2575=ORIENTED_EDGE('',*,*,#3495,.F.);
#2576=ORIENTED_EDGE('',*,*,#3501,.F.);
#2577=ORIENTED_EDGE('',*,*,#3502,.T.);
#2578=ORIENTED_EDGE('',*,*,#3503,.T.);
#2579=ORIENTED_EDGE('',*,*,#3496,.F.);
#2580=ORIENTED_EDGE('',*,*,#3503,.F.);
#2581=ORIENTED_EDGE('',*,*,#3504,.T.);
#2582=ORIENTED_EDGE('',*,*,#3505,.T.);
#2583=ORIENTED_EDGE('',*,*,#3497,.F.);
#2584=ORIENTED_EDGE('',*,*,#3505,.F.);
#2585=ORIENTED_EDGE('',*,*,#3506,.T.);
#2586=ORIENTED_EDGE('',*,*,#3507,.T.);
#2587=ORIENTED_EDGE('',*,*,#3498,.F.);
#2588=ORIENTED_EDGE('',*,*,#3507,.F.);
#2589=ORIENTED_EDGE('',*,*,#3508,.T.);
#2590=ORIENTED_EDGE('',*,*,#3509,.T.);
#2591=ORIENTED_EDGE('',*,*,#3493,.F.);
#2592=ORIENTED_EDGE('',*,*,#3509,.F.);
#2593=ORIENTED_EDGE('',*,*,#3510,.T.);
#2594=ORIENTED_EDGE('',*,*,#3499,.T.);
#2595=ORIENTED_EDGE('',*,*,#3510,.F.);
#2596=ORIENTED_EDGE('',*,*,#3508,.F.);
#2597=ORIENTED_EDGE('',*,*,#3506,.F.);
#2598=ORIENTED_EDGE('',*,*,#3504,.F.);
#2599=ORIENTED_EDGE('',*,*,#3502,.F.);
#2600=ORIENTED_EDGE('',*,*,#3500,.F.);
#2601=ORIENTED_EDGE('',*,*,#3479,.T.);
#2602=ORIENTED_EDGE('',*,*,#3477,.T.);
#2603=ORIENTED_EDGE('',*,*,#3492,.T.);
#2604=ORIENTED_EDGE('',*,*,#3489,.T.);
#2605=ORIENTED_EDGE('',*,*,#3487,.T.);
#2606=ORIENTED_EDGE('',*,*,#3485,.T.);
#2607=ORIENTED_EDGE('',*,*,#3483,.T.);
#2608=ORIENTED_EDGE('',*,*,#3481,.T.);
#2609=ORIENTED_EDGE('',*,*,#3405,.T.);
#2610=ORIENTED_EDGE('',*,*,#3511,.F.);
#2611=ORIENTED_EDGE('',*,*,#3512,.F.);
#2612=ORIENTED_EDGE('',*,*,#3513,.T.);
#2613=ORIENTED_EDGE('',*,*,#3406,.T.);
#2614=ORIENTED_EDGE('',*,*,#3513,.F.);
#2615=ORIENTED_EDGE('',*,*,#3514,.F.);
#2616=ORIENTED_EDGE('',*,*,#3515,.T.);
#2617=ORIENTED_EDGE('',*,*,#3407,.T.);
#2618=ORIENTED_EDGE('',*,*,#3515,.F.);
#2619=ORIENTED_EDGE('',*,*,#3516,.F.);
#2620=ORIENTED_EDGE('',*,*,#3517,.T.);
#2621=ORIENTED_EDGE('',*,*,#3408,.T.);
#2622=ORIENTED_EDGE('',*,*,#3517,.F.);
#2623=ORIENTED_EDGE('',*,*,#3518,.F.);
#2624=ORIENTED_EDGE('',*,*,#3519,.T.);
#2625=ORIENTED_EDGE('',*,*,#3409,.T.);
#2626=ORIENTED_EDGE('',*,*,#3519,.F.);
#2627=ORIENTED_EDGE('',*,*,#3520,.F.);
#2628=ORIENTED_EDGE('',*,*,#3521,.T.);
#2629=ORIENTED_EDGE('',*,*,#3410,.T.);
#2630=ORIENTED_EDGE('',*,*,#3521,.F.);
#2631=ORIENTED_EDGE('',*,*,#3522,.F.);
#2632=ORIENTED_EDGE('',*,*,#3523,.T.);
#2633=ORIENTED_EDGE('',*,*,#3411,.T.);
#2634=ORIENTED_EDGE('',*,*,#3523,.F.);
#2635=ORIENTED_EDGE('',*,*,#3524,.F.);
#2636=ORIENTED_EDGE('',*,*,#3525,.T.);
#2637=ORIENTED_EDGE('',*,*,#3412,.T.);
#2638=ORIENTED_EDGE('',*,*,#3525,.F.);
#2639=ORIENTED_EDGE('',*,*,#3526,.F.);
#2640=ORIENTED_EDGE('',*,*,#3527,.T.);
#2641=ORIENTED_EDGE('',*,*,#3413,.T.);
#2642=ORIENTED_EDGE('',*,*,#3527,.F.);
#2643=ORIENTED_EDGE('',*,*,#3528,.F.);
#2644=ORIENTED_EDGE('',*,*,#3529,.T.);
#2645=ORIENTED_EDGE('',*,*,#3395,.T.);
#2646=ORIENTED_EDGE('',*,*,#3530,.F.);
#2647=ORIENTED_EDGE('',*,*,#3531,.F.);
#2648=ORIENTED_EDGE('',*,*,#3532,.T.);
#2649=ORIENTED_EDGE('',*,*,#3396,.T.);
#2650=ORIENTED_EDGE('',*,*,#3532,.F.);
#2651=ORIENTED_EDGE('',*,*,#3533,.F.);
#2652=ORIENTED_EDGE('',*,*,#3534,.T.);
#2653=ORIENTED_EDGE('',*,*,#3397,.T.);
#2654=ORIENTED_EDGE('',*,*,#3534,.F.);
#2655=ORIENTED_EDGE('',*,*,#3535,.F.);
#2656=ORIENTED_EDGE('',*,*,#3536,.T.);
#2657=ORIENTED_EDGE('',*,*,#3398,.T.);
#2658=ORIENTED_EDGE('',*,*,#3536,.F.);
#2659=ORIENTED_EDGE('',*,*,#3537,.F.);
#2660=ORIENTED_EDGE('',*,*,#3538,.T.);
#2661=ORIENTED_EDGE('',*,*,#3399,.T.);
#2662=ORIENTED_EDGE('',*,*,#3538,.F.);
#2663=ORIENTED_EDGE('',*,*,#3539,.F.);
#2664=ORIENTED_EDGE('',*,*,#3540,.T.);
#2665=ORIENTED_EDGE('',*,*,#3400,.T.);
#2666=ORIENTED_EDGE('',*,*,#3540,.F.);
#2667=ORIENTED_EDGE('',*,*,#3541,.F.);
#2668=ORIENTED_EDGE('',*,*,#3542,.T.);
#2669=ORIENTED_EDGE('',*,*,#3401,.T.);
#2670=ORIENTED_EDGE('',*,*,#3542,.F.);
#2671=ORIENTED_EDGE('',*,*,#3543,.F.);
#2672=ORIENTED_EDGE('',*,*,#3544,.T.);
#2673=ORIENTED_EDGE('',*,*,#3402,.T.);
#2674=ORIENTED_EDGE('',*,*,#3544,.F.);
#2675=ORIENTED_EDGE('',*,*,#3545,.F.);
#2676=ORIENTED_EDGE('',*,*,#3546,.T.);
#2677=ORIENTED_EDGE('',*,*,#3403,.T.);
#2678=ORIENTED_EDGE('',*,*,#3546,.F.);
#2679=ORIENTED_EDGE('',*,*,#3547,.F.);
#2680=ORIENTED_EDGE('',*,*,#3548,.T.);
#2681=ORIENTED_EDGE('',*,*,#3387,.T.);
#2682=ORIENTED_EDGE('',*,*,#3549,.F.);
#2683=ORIENTED_EDGE('',*,*,#3550,.F.);
#2684=ORIENTED_EDGE('',*,*,#3551,.T.);
#2685=ORIENTED_EDGE('',*,*,#3388,.T.);
#2686=ORIENTED_EDGE('',*,*,#3551,.F.);
#2687=ORIENTED_EDGE('',*,*,#3552,.F.);
#2688=ORIENTED_EDGE('',*,*,#3553,.T.);
#2689=ORIENTED_EDGE('',*,*,#3389,.T.);
#2690=ORIENTED_EDGE('',*,*,#3553,.F.);
#2691=ORIENTED_EDGE('',*,*,#3554,.F.);
#2692=ORIENTED_EDGE('',*,*,#3555,.T.);
#2693=ORIENTED_EDGE('',*,*,#3390,.T.);
#2694=ORIENTED_EDGE('',*,*,#3555,.F.);
#2695=ORIENTED_EDGE('',*,*,#3556,.F.);
#2696=ORIENTED_EDGE('',*,*,#3557,.T.);
#2697=ORIENTED_EDGE('',*,*,#3391,.T.);
#2698=ORIENTED_EDGE('',*,*,#3557,.F.);
#2699=ORIENTED_EDGE('',*,*,#3558,.F.);
#2700=ORIENTED_EDGE('',*,*,#3559,.T.);
#2701=ORIENTED_EDGE('',*,*,#3392,.T.);
#2702=ORIENTED_EDGE('',*,*,#3559,.F.);
#2703=ORIENTED_EDGE('',*,*,#3560,.F.);
#2704=ORIENTED_EDGE('',*,*,#3561,.T.);
#2705=ORIENTED_EDGE('',*,*,#3393,.T.);
#2706=ORIENTED_EDGE('',*,*,#3561,.F.);
#2707=ORIENTED_EDGE('',*,*,#3562,.F.);
#2708=ORIENTED_EDGE('',*,*,#3563,.T.);
#2709=ORIENTED_EDGE('',*,*,#3414,.T.);
#2710=ORIENTED_EDGE('',*,*,#3529,.F.);
#2711=ORIENTED_EDGE('',*,*,#3564,.F.);
#2712=ORIENTED_EDGE('',*,*,#3511,.T.);
#2713=ORIENTED_EDGE('',*,*,#3404,.T.);
#2714=ORIENTED_EDGE('',*,*,#3548,.F.);
#2715=ORIENTED_EDGE('',*,*,#3565,.F.);
#2716=ORIENTED_EDGE('',*,*,#3530,.T.);
#2717=ORIENTED_EDGE('',*,*,#3394,.T.);
#2718=ORIENTED_EDGE('',*,*,#3563,.F.);
#2719=ORIENTED_EDGE('',*,*,#3566,.F.);
#2720=ORIENTED_EDGE('',*,*,#3549,.T.);
#2721=ORIENTED_EDGE('',*,*,#3533,.T.);
#2722=ORIENTED_EDGE('',*,*,#3531,.T.);
#2723=ORIENTED_EDGE('',*,*,#3565,.T.);
#2724=ORIENTED_EDGE('',*,*,#3547,.T.);
#2725=ORIENTED_EDGE('',*,*,#3545,.T.);
#2726=ORIENTED_EDGE('',*,*,#3543,.T.);
#2727=ORIENTED_EDGE('',*,*,#3541,.T.);
#2728=ORIENTED_EDGE('',*,*,#3539,.T.);
#2729=ORIENTED_EDGE('',*,*,#3537,.T.);
#2730=ORIENTED_EDGE('',*,*,#3535,.T.);
#2731=ORIENTED_EDGE('',*,*,#3514,.T.);
#2732=ORIENTED_EDGE('',*,*,#3512,.T.);
#2733=ORIENTED_EDGE('',*,*,#3564,.T.);
#2734=ORIENTED_EDGE('',*,*,#3528,.T.);
#2735=ORIENTED_EDGE('',*,*,#3526,.T.);
#2736=ORIENTED_EDGE('',*,*,#3524,.T.);
#2737=ORIENTED_EDGE('',*,*,#3522,.T.);
#2738=ORIENTED_EDGE('',*,*,#3520,.T.);
#2739=ORIENTED_EDGE('',*,*,#3518,.T.);
#2740=ORIENTED_EDGE('',*,*,#3516,.T.);
#2741=ORIENTED_EDGE('',*,*,#3567,.T.);
#2742=ORIENTED_EDGE('',*,*,#3568,.T.);
#2743=ORIENTED_EDGE('',*,*,#3569,.T.);
#2744=ORIENTED_EDGE('',*,*,#3570,.T.);
#2745=ORIENTED_EDGE('',*,*,#3571,.T.);
#2746=ORIENTED_EDGE('',*,*,#3572,.T.);
#2747=ORIENTED_EDGE('',*,*,#3568,.F.);
#2748=ORIENTED_EDGE('',*,*,#3573,.F.);
#2749=ORIENTED_EDGE('',*,*,#3574,.T.);
#2750=ORIENTED_EDGE('',*,*,#3575,.T.);
#2751=ORIENTED_EDGE('',*,*,#3569,.F.);
#2752=ORIENTED_EDGE('',*,*,#3575,.F.);
#2753=ORIENTED_EDGE('',*,*,#3576,.T.);
#2754=ORIENTED_EDGE('',*,*,#3577,.T.);
#2755=ORIENTED_EDGE('',*,*,#3570,.F.);
#2756=ORIENTED_EDGE('',*,*,#3577,.F.);
#2757=ORIENTED_EDGE('',*,*,#3578,.T.);
#2758=ORIENTED_EDGE('',*,*,#3579,.T.);
#2759=ORIENTED_EDGE('',*,*,#3571,.F.);
#2760=ORIENTED_EDGE('',*,*,#3579,.F.);
#2761=ORIENTED_EDGE('',*,*,#3580,.T.);
#2762=ORIENTED_EDGE('',*,*,#3581,.T.);
#2763=ORIENTED_EDGE('',*,*,#3572,.F.);
#2764=ORIENTED_EDGE('',*,*,#3581,.F.);
#2765=ORIENTED_EDGE('',*,*,#3582,.T.);
#2766=ORIENTED_EDGE('',*,*,#3583,.T.);
#2767=ORIENTED_EDGE('',*,*,#3567,.F.);
#2768=ORIENTED_EDGE('',*,*,#3583,.F.);
#2769=ORIENTED_EDGE('',*,*,#3584,.T.);
#2770=ORIENTED_EDGE('',*,*,#3573,.T.);
#2771=ORIENTED_EDGE('',*,*,#3584,.F.);
#2772=ORIENTED_EDGE('',*,*,#3582,.F.);
#2773=ORIENTED_EDGE('',*,*,#3580,.F.);
#2774=ORIENTED_EDGE('',*,*,#3578,.F.);
#2775=ORIENTED_EDGE('',*,*,#3576,.F.);
#2776=ORIENTED_EDGE('',*,*,#3574,.F.);
#2777=ORIENTED_EDGE('',*,*,#3552,.T.);
#2778=ORIENTED_EDGE('',*,*,#3550,.T.);
#2779=ORIENTED_EDGE('',*,*,#3566,.T.);
#2780=ORIENTED_EDGE('',*,*,#3562,.T.);
#2781=ORIENTED_EDGE('',*,*,#3560,.T.);
#2782=ORIENTED_EDGE('',*,*,#3558,.T.);
#2783=ORIENTED_EDGE('',*,*,#3556,.T.);
#2784=ORIENTED_EDGE('',*,*,#3554,.T.);
#2785=ORIENTED_EDGE('',*,*,#3585,.T.);
#2786=ORIENTED_EDGE('',*,*,#3586,.F.);
#2787=ORIENTED_EDGE('',*,*,#3587,.F.);
#2788=ORIENTED_EDGE('',*,*,#3586,.T.);
#2789=ORIENTED_EDGE('',*,*,#3587,.T.);
#2790=ORIENTED_EDGE('',*,*,#3588,.F.);
#2791=ORIENTED_EDGE('',*,*,#3589,.F.);
#2792=ORIENTED_EDGE('',*,*,#3588,.T.);
#2793=ORIENTED_EDGE('',*,*,#3590,.F.);
#2794=ORIENTED_EDGE('',*,*,#3589,.T.);
#2795=ORIENTED_EDGE('',*,*,#3590,.T.);
#2796=ORIENTED_EDGE('',*,*,#3591,.F.);
#2797=ORIENTED_EDGE('',*,*,#3592,.T.);
#2798=ORIENTED_EDGE('',*,*,#3591,.T.);
#2799=ORIENTED_EDGE('',*,*,#3592,.F.);
#2800=ORIENTED_EDGE('',*,*,#3585,.F.);
#2801=EDGE_CURVE('',#3593,#3593,#4147,.T.);
#2802=EDGE_CURVE('',#3594,#3594,#4148,.T.);
#2803=EDGE_CURVE('',#3595,#3595,#4149,.T.);
#2804=EDGE_CURVE('',#3596,#3596,#4150,.T.);
#2805=EDGE_CURVE('',#3597,#3597,#4151,.T.);
#2806=EDGE_CURVE('',#3598,#3598,#4152,.T.);
#2807=EDGE_CURVE('',#3599,#3599,#4153,.T.);
#2808=EDGE_CURVE('',#3600,#3600,#4154,.T.);
#2809=EDGE_CURVE('',#3601,#3601,#4155,.T.);
#2810=EDGE_CURVE('',#3602,#3602,#4156,.T.);
#2811=EDGE_CURVE('',#3603,#3603,#4157,.T.);
#2812=EDGE_CURVE('',#3604,#3604,#4158,.T.);
#2813=EDGE_CURVE('',#3605,#3605,#4159,.T.);
#2814=EDGE_CURVE('',#3606,#3606,#4160,.T.);
#2815=EDGE_CURVE('',#3607,#3608,#36,.T.);
#2816=EDGE_CURVE('',#3609,#3607,#37,.T.);
#2817=EDGE_CURVE('',#3610,#3609,#38,.T.);
#2818=EDGE_CURVE('',#3611,#3610,#39,.T.);
#2819=EDGE_CURVE('',#3612,#3611,#40,.T.);
#2820=EDGE_CURVE('',#3613,#3612,#41,.T.);
#2821=EDGE_CURVE('',#3614,#3613,#42,.T.);
#2822=EDGE_CURVE('',#3608,#3614,#43,.T.);
#2823=EDGE_CURVE('',#3615,#3615,#4161,.T.);
#2824=EDGE_CURVE('',#3616,#3616,#4162,.T.);
#2825=EDGE_CURVE('',#3617,#3617,#4163,.T.);
#2826=EDGE_CURVE('',#3618,#3618,#4164,.T.);
#2827=EDGE_CURVE('',#3619,#3620,#44,.T.);
#2828=EDGE_CURVE('',#3620,#3621,#45,.T.);
#2829=EDGE_CURVE('',#3621,#3622,#46,.T.);
#2830=EDGE_CURVE('',#3622,#3623,#47,.T.);
#2831=EDGE_CURVE('',#3623,#3624,#48,.T.);
#2832=EDGE_CURVE('',#3624,#3619,#49,.T.);
#2833=EDGE_CURVE('',#3625,#3608,#50,.T.);
#2834=EDGE_CURVE('',#3626,#3625,#51,.T.);
#2835=EDGE_CURVE('',#3626,#3607,#52,.T.);
#2836=EDGE_CURVE('',#3627,#3614,#53,.T.);
#2837=EDGE_CURVE('',#3625,#3627,#54,.T.);
#2838=EDGE_CURVE('',#3628,#3613,#55,.T.);
#2839=EDGE_CURVE('',#3627,#3628,#56,.T.);
#2840=EDGE_CURVE('',#3629,#3612,#57,.T.);
#2841=EDGE_CURVE('',#3628,#3629,#58,.T.);
#2842=EDGE_CURVE('',#3630,#3611,#59,.T.);
#2843=EDGE_CURVE('',#3629,#3630,#60,.T.);
#2844=EDGE_CURVE('',#3631,#3610,#61,.T.);
#2845=EDGE_CURVE('',#3630,#3631,#62,.T.);
#2846=EDGE_CURVE('',#3632,#3609,#63,.T.);
#2847=EDGE_CURVE('',#3631,#3632,#64,.T.);
#2848=EDGE_CURVE('',#3632,#3626,#65,.T.);
#2849=EDGE_CURVE('',#3633,#3633,#4165,.F.);
#2850=EDGE_CURVE('',#3634,#3634,#4166,.T.);
#2851=EDGE_CURVE('',#3635,#3635,#4167,.T.);
#2852=EDGE_CURVE('',#3636,#3637,#66,.T.);
#2853=EDGE_CURVE('',#3638,#3636,#67,.T.);
#2854=EDGE_CURVE('',#3639,#3638,#68,.T.);
#2855=EDGE_CURVE('',#3640,#3639,#69,.T.);
#2856=EDGE_CURVE('',#3641,#3640,#70,.T.);
#2857=EDGE_CURVE('',#3637,#3641,#71,.T.);
#2858=EDGE_CURVE('',#3621,#3637,#72,.T.);
#2859=EDGE_CURVE('',#3620,#3636,#73,.T.);
#2860=EDGE_CURVE('',#3622,#3641,#74,.T.);
#2861=EDGE_CURVE('',#3623,#3640,#75,.T.);
#2862=EDGE_CURVE('',#3624,#3639,#76,.T.);
#2863=EDGE_CURVE('',#3619,#3638,#77,.T.);
#2864=EDGE_CURVE('',#3642,#3642,#4168,.T.);
#2865=EDGE_CURVE('',#3643,#3643,#4169,.T.);
#2866=EDGE_CURVE('',#3644,#3645,#78,.T.);
#2867=EDGE_CURVE('',#3644,#3646,#24,.T.);
#2868=EDGE_CURVE('',#3647,#3646,#79,.T.);
#2869=EDGE_CURVE('',#3647,#3645,#25,.T.);
#2870=EDGE_CURVE('',#3648,#3646,#11,.F.);
#2871=EDGE_CURVE('',#3648,#3649,#80,.T.);
#2872=EDGE_CURVE('',#3650,#3649,#81,.T.);
#2873=EDGE_CURVE('',#3651,#3650,#82,.T.);
#2874=EDGE_CURVE('',#3647,#3651,#12,.T.);
#2875=EDGE_CURVE('',#3652,#3653,#83,.T.);
#2876=EDGE_CURVE('',#3653,#3654,#84,.T.);
#2877=EDGE_CURVE('',#3655,#3654,#85,.T.);
#2878=EDGE_CURVE('',#3656,#3655,#4170,.T.);
#2879=EDGE_CURVE('',#3657,#3656,#86,.T.);
#2880=EDGE_CURVE('',#3657,#3652,#87,.T.);
#2881=EDGE_CURVE('',#3658,#3659,#88,.T.);
#2882=EDGE_CURVE('',#3659,#3660,#4171,.T.);
#2883=EDGE_CURVE('',#3661,#3660,#89,.T.);
#2884=EDGE_CURVE('',#3661,#3658,#4172,.T.);
#2885=EDGE_CURVE('',#3660,#3662,#4173,.T.);
#2886=EDGE_CURVE('',#3663,#3662,#90,.T.);
#2887=EDGE_CURVE('',#3663,#3661,#4174,.T.);
#2888=EDGE_CURVE('',#3662,#3664,#91,.T.);
#2889=EDGE_CURVE('',#3665,#3664,#92,.T.);
#2890=EDGE_CURVE('',#3665,#3663,#93,.T.);
#2891=EDGE_CURVE('',#3664,#3666,#94,.T.);
#2892=EDGE_CURVE('',#3667,#3666,#95,.T.);
#2893=EDGE_CURVE('',#3667,#3665,#96,.T.);
#2894=EDGE_CURVE('',#3666,#3668,#97,.T.);
#2895=EDGE_CURVE('',#3669,#3668,#98,.T.);
#2896=EDGE_CURVE('',#3669,#3667,#99,.T.);
#2897=EDGE_CURVE('',#3668,#3670,#100,.T.);
#2898=EDGE_CURVE('',#3671,#3670,#101,.T.);
#2899=EDGE_CURVE('',#3671,#3669,#102,.T.);
#2900=EDGE_CURVE('',#3670,#3672,#103,.T.);
#2901=EDGE_CURVE('',#3673,#3672,#104,.T.);
#2902=EDGE_CURVE('',#3673,#3671,#105,.T.);
#2903=EDGE_CURVE('',#3672,#3674,#4175,.T.);
#2904=EDGE_CURVE('',#3675,#3674,#106,.T.);
#2905=EDGE_CURVE('',#3675,#3673,#4176,.T.);
#2906=EDGE_CURVE('',#3676,#3677,#107,.T.);
#2907=EDGE_CURVE('',#3677,#3678,#108,.T.);
#2908=EDGE_CURVE('',#3679,#3678,#109,.T.);
#2909=EDGE_CURVE('',#3679,#3676,#110,.T.);
#2910=EDGE_CURVE('',#3678,#3680,#111,.T.);
#2911=EDGE_CURVE('',#3681,#3680,#112,.T.);
#2912=EDGE_CURVE('',#3681,#3679,#113,.T.);
#2913=EDGE_CURVE('',#3680,#3682,#114,.T.);
#2914=EDGE_CURVE('',#3683,#3682,#115,.T.);
#2915=EDGE_CURVE('',#3683,#3681,#116,.T.);
#2916=EDGE_CURVE('',#3682,#3684,#4177,.T.);
#2917=EDGE_CURVE('',#3685,#3684,#117,.T.);
#2918=EDGE_CURVE('',#3685,#3683,#4178,.T.);
#2919=EDGE_CURVE('',#3684,#3686,#4179,.T.);
#2920=EDGE_CURVE('',#3687,#3686,#118,.T.);
#2921=EDGE_CURVE('',#3687,#3685,#4180,.T.);
#2922=EDGE_CURVE('',#3686,#3688,#119,.T.);
#2923=EDGE_CURVE('',#3689,#3688,#120,.T.);
#2924=EDGE_CURVE('',#3689,#3687,#121,.T.);
#2925=EDGE_CURVE('',#3690,#3688,#4181,.T.);
#2926=EDGE_CURVE('',#3691,#3690,#122,.T.);
#2927=EDGE_CURVE('',#3689,#3691,#4182,.T.);
#2928=EDGE_CURVE('',#3692,#3690,#4183,.T.);
#2929=EDGE_CURVE('',#3693,#3692,#123,.T.);
#2930=EDGE_CURVE('',#3691,#3693,#4184,.T.);
#2931=EDGE_CURVE('',#3694,#3692,#4185,.T.);
#2932=EDGE_CURVE('',#3695,#3694,#124,.T.);
#2933=EDGE_CURVE('',#3693,#3695,#4186,.T.);
#2934=EDGE_CURVE('',#3694,#3696,#125,.T.);
#2935=EDGE_CURVE('',#3697,#3696,#126,.T.);
#2936=EDGE_CURVE('',#3697,#3695,#127,.T.);
#2937=EDGE_CURVE('',#3698,#3699,#128,.T.);
#2938=EDGE_CURVE('',#3699,#3700,#4187,.T.);
#2939=EDGE_CURVE('',#3701,#3700,#129,.T.);
#2940=EDGE_CURVE('',#3701,#3698,#4188,.T.);
#2941=EDGE_CURVE('',#3700,#3702,#4189,.T.);
#2942=EDGE_CURVE('',#3703,#3702,#130,.T.);
#2943=EDGE_CURVE('',#3703,#3701,#4190,.T.);
#2944=EDGE_CURVE('',#3702,#3704,#4191,.T.);
#2945=EDGE_CURVE('',#3705,#3704,#131,.T.);
#2946=EDGE_CURVE('',#3705,#3703,#4192,.T.);
#2947=EDGE_CURVE('',#3704,#3706,#132,.T.);
#2948=EDGE_CURVE('',#3707,#3706,#133,.T.);
#2949=EDGE_CURVE('',#3707,#3705,#134,.T.);
#2950=EDGE_CURVE('',#3708,#3706,#4193,.T.);
#2951=EDGE_CURVE('',#3709,#3708,#135,.T.);
#2952=EDGE_CURVE('',#3707,#3709,#4194,.T.);
#2953=EDGE_CURVE('',#3710,#3708,#4195,.T.);
#2954=EDGE_CURVE('',#3711,#3710,#136,.T.);
#2955=EDGE_CURVE('',#3709,#3711,#4196,.T.);
#2956=EDGE_CURVE('',#3710,#3712,#137,.T.);
#2957=EDGE_CURVE('',#3713,#3712,#138,.T.);
#2958=EDGE_CURVE('',#3713,#3711,#139,.T.);
#2959=EDGE_CURVE('',#3712,#3714,#4197,.T.);
#2960=EDGE_CURVE('',#3715,#3714,#140,.T.);
#2961=EDGE_CURVE('',#3715,#3713,#4198,.T.);
#2962=EDGE_CURVE('',#3716,#3717,#141,.T.);
#2963=EDGE_CURVE('',#3717,#3718,#142,.T.);
#2964=EDGE_CURVE('',#3719,#3718,#143,.T.);
#2965=EDGE_CURVE('',#3719,#3716,#144,.T.);
#2966=EDGE_CURVE('',#3718,#3720,#145,.T.);
#2967=EDGE_CURVE('',#3721,#3720,#146,.T.);
#2968=EDGE_CURVE('',#3721,#3719,#147,.T.);
#2969=EDGE_CURVE('',#3720,#3722,#148,.T.);
#2970=EDGE_CURVE('',#3723,#3722,#149,.T.);
#2971=EDGE_CURVE('',#3723,#3721,#150,.T.);
#2972=EDGE_CURVE('',#3722,#3724,#4199,.T.);
#2973=EDGE_CURVE('',#3725,#3724,#151,.T.);
#2974=EDGE_CURVE('',#3725,#3723,#4200,.T.);
#2975=EDGE_CURVE('',#3724,#3726,#4201,.T.);
#2976=EDGE_CURVE('',#3727,#3726,#152,.T.);
#2977=EDGE_CURVE('',#3727,#3725,#4202,.T.);
#2978=EDGE_CURVE('',#3726,#3728,#4203,.T.);
#2979=EDGE_CURVE('',#3729,#3728,#153,.T.);
#2980=EDGE_CURVE('',#3729,#3727,#4204,.T.);
#2981=EDGE_CURVE('',#3728,#3730,#154,.T.);
#2982=EDGE_CURVE('',#3731,#3730,#155,.T.);
#2983=EDGE_CURVE('',#3731,#3729,#156,.T.);
#2984=EDGE_CURVE('',#3730,#3732,#157,.T.);
#2985=EDGE_CURVE('',#3733,#3732,#158,.T.);
#2986=EDGE_CURVE('',#3733,#3731,#159,.T.);
#2987=EDGE_CURVE('',#3732,#3734,#160,.T.);
#2988=EDGE_CURVE('',#3735,#3734,#161,.T.);
#2989=EDGE_CURVE('',#3735,#3733,#162,.T.);
#2990=EDGE_CURVE('',#3736,#3734,#4205,.T.);
#2991=EDGE_CURVE('',#3737,#3736,#163,.T.);
#2992=EDGE_CURVE('',#3735,#3737,#4206,.T.);
#2993=EDGE_CURVE('',#3738,#3736,#4207,.T.);
#2994=EDGE_CURVE('',#3739,#3738,#164,.T.);
#2995=EDGE_CURVE('',#3737,#3739,#4208,.T.);
#2996=EDGE_CURVE('',#3740,#3738,#4209,.T.);
#2997=EDGE_CURVE('',#3741,#3740,#165,.T.);
#2998=EDGE_CURVE('',#3739,#3741,#4210,.T.);
#2999=EDGE_CURVE('',#3742,#3740,#4211,.T.);
#3000=EDGE_CURVE('',#3743,#3742,#166,.T.);
#3001=EDGE_CURVE('',#3741,#3743,#4212,.T.);
#3002=EDGE_CURVE('',#3742,#3744,#167,.T.);
#3003=EDGE_CURVE('',#3745,#3744,#168,.T.);
#3004=EDGE_CURVE('',#3745,#3743,#169,.T.);
#3005=EDGE_CURVE('',#3746,#3747,#170,.T.);
#3006=EDGE_CURVE('',#3747,#3748,#4213,.T.);
#3007=EDGE_CURVE('',#3749,#3748,#171,.T.);
#3008=EDGE_CURVE('',#3749,#3746,#4214,.T.);
#3009=EDGE_CURVE('',#3748,#3750,#4215,.T.);
#3010=EDGE_CURVE('',#3751,#3750,#172,.T.);
#3011=EDGE_CURVE('',#3751,#3749,#4216,.T.);
#3012=EDGE_CURVE('',#3750,#3752,#4217,.T.);
#3013=EDGE_CURVE('',#3753,#3752,#173,.T.);
#3014=EDGE_CURVE('',#3753,#3751,#4218,.T.);
#3015=EDGE_CURVE('',#3752,#3754,#174,.T.);
#3016=EDGE_CURVE('',#3755,#3754,#175,.T.);
#3017=EDGE_CURVE('',#3755,#3753,#176,.T.);
#3018=EDGE_CURVE('',#3756,#3754,#4219,.T.);
#3019=EDGE_CURVE('',#3757,#3756,#177,.T.);
#3020=EDGE_CURVE('',#3755,#3757,#4220,.T.);
#3021=EDGE_CURVE('',#3758,#3756,#4221,.T.);
#3022=EDGE_CURVE('',#3759,#3758,#178,.T.);
#3023=EDGE_CURVE('',#3757,#3759,#4222,.T.);
#3024=EDGE_CURVE('',#3758,#3760,#179,.T.);
#3025=EDGE_CURVE('',#3761,#3760,#180,.T.);
#3026=EDGE_CURVE('',#3761,#3759,#181,.T.);
#3027=EDGE_CURVE('',#3760,#3762,#4223,.T.);
#3028=EDGE_CURVE('',#3763,#3762,#182,.T.);
#3029=EDGE_CURVE('',#3763,#3761,#4224,.T.);
#3030=EDGE_CURVE('',#3764,#3765,#183,.T.);
#3031=EDGE_CURVE('',#3765,#3766,#184,.T.);
#3032=EDGE_CURVE('',#3767,#3766,#185,.T.);
#3033=EDGE_CURVE('',#3767,#3764,#186,.T.);
#3034=EDGE_CURVE('',#3766,#3768,#187,.T.);
#3035=EDGE_CURVE('',#3769,#3768,#188,.T.);
#3036=EDGE_CURVE('',#3769,#3767,#189,.T.);
#3037=EDGE_CURVE('',#3768,#3770,#190,.T.);
#3038=EDGE_CURVE('',#3771,#3770,#191,.T.);
#3039=EDGE_CURVE('',#3771,#3769,#192,.T.);
#3040=EDGE_CURVE('',#3770,#3772,#4225,.T.);
#3041=EDGE_CURVE('',#3773,#3772,#193,.T.);
#3042=EDGE_CURVE('',#3773,#3771,#4226,.T.);
#3043=EDGE_CURVE('',#3772,#3774,#4227,.T.);
#3044=EDGE_CURVE('',#3775,#3774,#194,.T.);
#3045=EDGE_CURVE('',#3775,#3773,#4228,.T.);
#3046=EDGE_CURVE('',#3774,#3776,#4229,.T.);
#3047=EDGE_CURVE('',#3777,#3776,#195,.T.);
#3048=EDGE_CURVE('',#3777,#3775,#4230,.T.);
#3049=EDGE_CURVE('',#3776,#3778,#4231,.T.);
#3050=EDGE_CURVE('',#3779,#3778,#196,.T.);
#3051=EDGE_CURVE('',#3779,#3777,#4232,.T.);
#3052=EDGE_CURVE('',#3778,#3780,#197,.T.);
#3053=EDGE_CURVE('',#3781,#3780,#198,.T.);
#3054=EDGE_CURVE('',#3781,#3779,#199,.T.);
#3055=EDGE_CURVE('',#3782,#3783,#200,.T.);
#3056=EDGE_CURVE('',#3783,#3784,#201,.T.);
#3057=EDGE_CURVE('',#3785,#3784,#202,.T.);
#3058=EDGE_CURVE('',#3785,#3782,#203,.T.);
#3059=EDGE_CURVE('',#3784,#3786,#204,.T.);
#3060=EDGE_CURVE('',#3787,#3786,#205,.T.);
#3061=EDGE_CURVE('',#3787,#3785,#206,.T.);
#3062=EDGE_CURVE('',#3786,#3788,#207,.T.);
#3063=EDGE_CURVE('',#3789,#3788,#208,.T.);
#3064=EDGE_CURVE('',#3789,#3787,#209,.T.);
#3065=EDGE_CURVE('',#3788,#3790,#4233,.T.);
#3066=EDGE_CURVE('',#3791,#3790,#210,.T.);
#3067=EDGE_CURVE('',#3791,#3789,#4234,.T.);
#3068=EDGE_CURVE('',#3790,#3792,#4235,.T.);
#3069=EDGE_CURVE('',#3793,#3792,#211,.T.);
#3070=EDGE_CURVE('',#3793,#3791,#4236,.T.);
#3071=EDGE_CURVE('',#3792,#3794,#4237,.T.);
#3072=EDGE_CURVE('',#3795,#3794,#212,.T.);
#3073=EDGE_CURVE('',#3795,#3793,#4238,.T.);
#3074=EDGE_CURVE('',#3794,#3796,#213,.T.);
#3075=EDGE_CURVE('',#3797,#3796,#214,.T.);
#3076=EDGE_CURVE('',#3797,#3795,#215,.T.);
#3077=EDGE_CURVE('',#3796,#3798,#216,.T.);
#3078=EDGE_CURVE('',#3799,#3798,#217,.T.);
#3079=EDGE_CURVE('',#3799,#3797,#218,.T.);
#3080=EDGE_CURVE('',#3798,#3800,#219,.T.);
#3081=EDGE_CURVE('',#3801,#3800,#220,.T.);
#3082=EDGE_CURVE('',#3801,#3799,#221,.T.);
#3083=EDGE_CURVE('',#3802,#3800,#4239,.T.);
#3084=EDGE_CURVE('',#3803,#3802,#222,.T.);
#3085=EDGE_CURVE('',#3801,#3803,#4240,.T.);
#3086=EDGE_CURVE('',#3804,#3802,#4241,.T.);
#3087=EDGE_CURVE('',#3805,#3804,#223,.T.);
#3088=EDGE_CURVE('',#3803,#3805,#4242,.T.);
#3089=EDGE_CURVE('',#3806,#3804,#4243,.T.);
#3090=EDGE_CURVE('',#3807,#3806,#224,.T.);
#3091=EDGE_CURVE('',#3805,#3807,#4244,.T.);
#3092=EDGE_CURVE('',#3808,#3806,#4245,.T.);
#3093=EDGE_CURVE('',#3809,#3808,#225,.T.);
#3094=EDGE_CURVE('',#3807,#3809,#4246,.T.);
#3095=EDGE_CURVE('',#3808,#3810,#226,.T.);
#3096=EDGE_CURVE('',#3811,#3810,#227,.T.);
#3097=EDGE_CURVE('',#3811,#3809,#228,.T.);
#3098=EDGE_CURVE('',#3812,#3813,#229,.T.);
#3099=EDGE_CURVE('',#3813,#3814,#230,.T.);
#3100=EDGE_CURVE('',#3815,#3814,#231,.T.);
#3101=EDGE_CURVE('',#3815,#3812,#232,.T.);
#3102=EDGE_CURVE('',#3816,#3814,#4247,.T.);
#3103=EDGE_CURVE('',#3817,#3816,#233,.T.);
#3104=EDGE_CURVE('',#3815,#3817,#4248,.T.);
#3105=EDGE_CURVE('',#3818,#3816,#4249,.T.);
#3106=EDGE_CURVE('',#3819,#3818,#234,.T.);
#3107=EDGE_CURVE('',#3817,#3819,#4250,.T.);
#3108=EDGE_CURVE('',#3820,#3818,#4251,.T.);
#3109=EDGE_CURVE('',#3821,#3820,#235,.T.);
#3110=EDGE_CURVE('',#3819,#3821,#4252,.T.);
#3111=EDGE_CURVE('',#3820,#3822,#4253,.T.);
#3112=EDGE_CURVE('',#3823,#3822,#236,.T.);
#3113=EDGE_CURVE('',#3823,#3821,#4254,.T.);
#3114=EDGE_CURVE('',#3822,#3824,#4255,.T.);
#3115=EDGE_CURVE('',#3825,#3824,#237,.T.);
#3116=EDGE_CURVE('',#3825,#3823,#4256,.T.);
#3117=EDGE_CURVE('',#3824,#3826,#4257,.T.);
#3118=EDGE_CURVE('',#3827,#3826,#238,.T.);
#3119=EDGE_CURVE('',#3827,#3825,#4258,.T.);
#3120=EDGE_CURVE('',#3826,#3828,#4259,.T.);
#3121=EDGE_CURVE('',#3829,#3828,#239,.T.);
#3122=EDGE_CURVE('',#3829,#3827,#4260,.T.);
#3123=EDGE_CURVE('',#3828,#3830,#240,.T.);
#3124=EDGE_CURVE('',#3831,#3830,#241,.T.);
#3125=EDGE_CURVE('',#3831,#3829,#242,.T.);
#3126=EDGE_CURVE('',#3832,#3830,#4261,.T.);
#3127=EDGE_CURVE('',#3833,#3832,#243,.T.);
#3128=EDGE_CURVE('',#3831,#3833,#4262,.T.);
#3129=EDGE_CURVE('',#3834,#3832,#4263,.T.);
#3130=EDGE_CURVE('',#3835,#3834,#244,.T.);
#3131=EDGE_CURVE('',#3833,#3835,#4264,.T.);
#3132=EDGE_CURVE('',#3836,#3834,#4265,.T.);
#3133=EDGE_CURVE('',#3837,#3836,#245,.T.);
#3134=EDGE_CURVE('',#3835,#3837,#4266,.T.);
#3135=EDGE_CURVE('',#3838,#3836,#4267,.T.);
#3136=EDGE_CURVE('',#3839,#3838,#246,.T.);
#3137=EDGE_CURVE('',#3837,#3839,#4268,.T.);
#3138=EDGE_CURVE('',#3838,#3840,#4269,.T.);
#3139=EDGE_CURVE('',#3841,#3840,#247,.T.);
#3140=EDGE_CURVE('',#3841,#3839,#4270,.T.);
#3141=EDGE_CURVE('',#3840,#3842,#4271,.T.);
#3142=EDGE_CURVE('',#3843,#3842,#248,.T.);
#3143=EDGE_CURVE('',#3843,#3841,#4272,.T.);
#3144=EDGE_CURVE('',#3674,#3659,#4273,.T.);
#3145=EDGE_CURVE('',#3658,#3675,#4274,.T.);
#3146=EDGE_CURVE('',#3696,#3677,#249,.T.);
#3147=EDGE_CURVE('',#3676,#3697,#250,.T.);
#3148=EDGE_CURVE('',#3714,#3699,#4275,.T.);
#3149=EDGE_CURVE('',#3698,#3715,#4276,.T.);
#3150=EDGE_CURVE('',#3744,#3717,#251,.T.);
#3151=EDGE_CURVE('',#3716,#3745,#252,.T.);
#3152=EDGE_CURVE('',#3762,#3747,#4277,.T.);
#3153=EDGE_CURVE('',#3746,#3763,#4278,.T.);
#3154=EDGE_CURVE('',#3780,#3765,#253,.T.);
#3155=EDGE_CURVE('',#3764,#3781,#254,.T.);
#3156=EDGE_CURVE('',#3810,#3783,#255,.T.);
#3157=EDGE_CURVE('',#3782,#3811,#256,.T.);
#3158=EDGE_CURVE('',#3842,#3813,#4279,.T.);
#3159=EDGE_CURVE('',#3812,#3843,#4280,.T.);
#3160=EDGE_CURVE('',#3844,#3844,#4281,.F.);
#3161=EDGE_CURVE('',#3845,#3657,#257,.T.);
#3162=EDGE_CURVE('',#3656,#3846,#258,.T.);
#3163=EDGE_CURVE('',#3846,#3651,#259,.T.);
#3164=EDGE_CURVE('',#3650,#3845,#4282,.F.);
#3165=EDGE_CURVE('',#3847,#3848,#4283,.T.);
#3166=EDGE_CURVE('',#3847,#3849,#26,.T.);
#3167=EDGE_CURVE('',#3849,#3850,#4284,.F.);
#3168=EDGE_CURVE('',#3850,#3848,#27,.T.);
#3169=EDGE_CURVE('',#3851,#3852,#260,.F.);
#3170=EDGE_CURVE('',#3851,#3645,#13,.T.);
#3171=EDGE_CURVE('',#3847,#3846,#28,.T.);
#3172=EDGE_CURVE('',#3852,#3848,#29,.T.);
#3173=EDGE_CURVE('',#3853,#3853,#4285,.F.);
#3174=EDGE_CURVE('',#3854,#3852,#261,.T.);
#3175=EDGE_CURVE('',#3854,#3855,#262,.T.);
#3176=EDGE_CURVE('',#3855,#3856,#263,.T.);
#3177=EDGE_CURVE('',#3856,#3857,#4286,.F.);
#3178=EDGE_CURVE('',#3857,#3851,#264,.T.);
#3179=EDGE_CURVE('',#3655,#3849,#265,.T.);
#3180=EDGE_CURVE('',#3858,#3850,#266,.T.);
#3181=EDGE_CURVE('',#3858,#3854,#4287,.T.);
#3182=EDGE_CURVE('',#3654,#3859,#4288,.T.);
#3183=EDGE_CURVE('',#3859,#3858,#267,.T.);
#3184=EDGE_CURVE('',#3860,#3861,#4289,.T.);
#3185=EDGE_CURVE('',#3861,#3862,#4290,.T.);
#3186=EDGE_CURVE('',#3862,#3863,#4291,.T.);
#3187=EDGE_CURVE('',#3863,#3860,#4292,.T.);
#3188=EDGE_CURVE('',#3864,#3865,#4293,.F.);
#3189=EDGE_CURVE('',#3865,#3866,#4294,.F.);
#3190=EDGE_CURVE('',#3866,#3867,#4295,.F.);
#3191=EDGE_CURVE('',#3867,#3864,#4296,.F.);
#3192=EDGE_CURVE('',#3866,#3862,#268,.T.);
#3193=EDGE_CURVE('',#3865,#3863,#269,.T.);
#3194=EDGE_CURVE('',#3864,#3860,#270,.T.);
#3195=EDGE_CURVE('',#3867,#3861,#271,.T.);
#3196=EDGE_CURVE('',#3868,#3869,#4297,.T.);
#3197=EDGE_CURVE('',#3869,#3870,#272,.T.);
#3198=EDGE_CURVE('',#3870,#3868,#4298,.T.);
#3199=EDGE_CURVE('',#3871,#3872,#4299,.F.);
#3200=EDGE_CURVE('',#3872,#3873,#4300,.F.);
#3201=EDGE_CURVE('',#3873,#3871,#273,.T.);
#3202=EDGE_CURVE('',#3873,#3870,#274,.T.);
#3203=EDGE_CURVE('',#3872,#3868,#275,.T.);
#3204=EDGE_CURVE('',#3871,#3869,#276,.T.);
#3205=EDGE_CURVE('',#3874,#3875,#4301,.T.);
#3206=EDGE_CURVE('',#3875,#3876,#277,.T.);
#3207=EDGE_CURVE('',#3876,#3874,#4302,.T.);
#3208=EDGE_CURVE('',#3877,#3878,#4303,.F.);
#3209=EDGE_CURVE('',#3878,#3879,#4304,.F.);
#3210=EDGE_CURVE('',#3879,#3877,#278,.T.);
#3211=EDGE_CURVE('',#3879,#3876,#279,.T.);
#3212=EDGE_CURVE('',#3878,#3874,#280,.T.);
#3213=EDGE_CURVE('',#3877,#3875,#281,.T.);
#3214=EDGE_CURVE('',#3880,#3881,#4305,.T.);
#3215=EDGE_CURVE('',#3881,#3882,#4306,.T.);
#3216=EDGE_CURVE('',#3882,#3883,#4307,.T.);
#3217=EDGE_CURVE('',#3883,#3880,#4308,.T.);
#3218=EDGE_CURVE('',#3884,#3885,#4309,.F.);
#3219=EDGE_CURVE('',#3885,#3886,#4310,.F.);
#3220=EDGE_CURVE('',#3886,#3887,#4311,.F.);
#3221=EDGE_CURVE('',#3887,#3884,#4312,.F.);
#3222=EDGE_CURVE('',#3886,#3882,#282,.T.);
#3223=EDGE_CURVE('',#3885,#3883,#283,.T.);
#3224=EDGE_CURVE('',#3884,#3880,#284,.T.);
#3225=EDGE_CURVE('',#3887,#3881,#285,.T.);
#3226=EDGE_CURVE('',#3888,#3856,#286,.T.);
#3227=EDGE_CURVE('',#3888,#3889,#4313,.F.);
#3228=EDGE_CURVE('',#3889,#3857,#287,.T.);
#3229=EDGE_CURVE('',#3649,#3890,#4314,.F.);
#3230=EDGE_CURVE('',#3845,#3890,#288,.T.);
#3231=EDGE_CURVE('',#3644,#3891,#14,.F.);
#3232=EDGE_CURVE('',#3889,#3891,#289,.T.);
#3233=EDGE_CURVE('',#3859,#3892,#290,.F.);
#3234=EDGE_CURVE('',#3892,#3893,#291,.T.);
#3235=EDGE_CURVE('',#3893,#3855,#292,.T.);
#3236=EDGE_CURVE('',#3890,#3652,#293,.T.);
#3237=EDGE_CURVE('',#3893,#3888,#294,.T.);
#3238=EDGE_CURVE('',#3894,#3895,#4315,.T.);
#3239=EDGE_CURVE('',#3893,#3894,#295,.T.);
#3240=EDGE_CURVE('',#3653,#3892,#4316,.T.);
#3241=EDGE_CURVE('',#3652,#3895,#296,.T.);
#3242=EDGE_CURVE('',#3896,#3894,#30,.T.);
#3243=EDGE_CURVE('',#3896,#3891,#297,.T.);
#3244=EDGE_CURVE('',#3897,#3897,#4317,.F.);
#3245=EDGE_CURVE('',#3895,#3898,#31,.T.);
#3246=EDGE_CURVE('',#3648,#3898,#298,.F.);
#3247=EDGE_CURVE('',#3899,#3899,#4318,.F.);
#3248=EDGE_CURVE('',#3900,#3900,#4319,.T.);
#3249=EDGE_CURVE('',#3901,#3901,#4320,.T.);
#3250=EDGE_CURVE('',#3898,#3896,#4321,.T.);
#3251=EDGE_CURVE('',#3902,#3902,#4322,.T.);
#3252=EDGE_CURVE('',#3903,#3903,#4323,.T.);
#3253=EDGE_CURVE('',#3904,#3904,#4324,.T.);
#3254=EDGE_CURVE('',#3905,#3905,#4325,.T.);
#3255=EDGE_CURVE('',#3906,#3906,#4326,.T.);
#3256=EDGE_CURVE('',#3907,#3907,#4327,.T.);
#3257=EDGE_CURVE('',#3908,#3908,#4328,.T.);
#3258=EDGE_CURVE('',#3909,#3909,#4329,.T.);
#3259=EDGE_CURVE('',#3910,#3910,#4330,.T.);
#3260=EDGE_CURVE('',#3911,#3911,#4331,.T.);
#3261=EDGE_CURVE('',#3912,#3912,#4332,.T.);
#3262=EDGE_CURVE('',#3913,#3913,#4333,.T.);
#3263=EDGE_CURVE('',#3914,#3914,#4334,.T.);
#3264=EDGE_CURVE('',#3915,#3915,#4335,.T.);
#3265=EDGE_CURVE('',#3916,#3916,#4336,.T.);
#3266=EDGE_CURVE('',#3917,#3917,#4337,.T.);
#3267=EDGE_CURVE('',#3918,#3918,#4338,.T.);
#3268=EDGE_CURVE('',#3919,#3919,#4339,.T.);
#3269=EDGE_CURVE('',#3920,#3920,#4340,.T.);
#3270=EDGE_CURVE('',#3921,#3921,#4341,.T.);
#3271=EDGE_CURVE('',#3922,#3922,#4342,.T.);
#3272=EDGE_CURVE('',#3923,#3923,#4343,.T.);
#3273=EDGE_CURVE('',#3924,#3924,#4344,.T.);
#3274=EDGE_CURVE('',#3925,#3925,#4345,.T.);
#3275=EDGE_CURVE('',#3926,#3926,#4346,.T.);
#3276=EDGE_CURVE('',#3927,#3927,#4347,.T.);
#3277=EDGE_CURVE('',#3928,#3928,#4348,.T.);
#3278=EDGE_CURVE('',#3929,#3929,#4349,.T.);
#3279=EDGE_CURVE('',#3930,#3930,#4350,.T.);
#3280=EDGE_CURVE('',#3931,#3931,#4351,.T.);
#3281=EDGE_CURVE('',#3932,#3932,#4352,.T.);
#3282=EDGE_CURVE('',#3933,#3933,#4353,.T.);
#3283=EDGE_CURVE('',#3934,#3934,#4354,.T.);
#3284=EDGE_CURVE('',#3935,#3935,#4355,.T.);
#3285=EDGE_CURVE('',#3936,#3936,#4356,.T.);
#3286=EDGE_CURVE('',#3937,#3937,#4357,.T.);
#3287=EDGE_CURVE('',#3938,#3938,#4358,.T.);
#3288=EDGE_CURVE('',#3939,#3939,#4359,.T.);
#3289=EDGE_CURVE('',#3940,#3940,#4360,.T.);
#3290=EDGE_CURVE('',#3941,#3941,#4361,.T.);
#3291=EDGE_CURVE('',#3942,#3942,#4362,.T.);
#3292=EDGE_CURVE('',#3943,#3943,#4363,.T.);
#3293=EDGE_CURVE('',#3944,#3944,#4364,.T.);
#3294=EDGE_CURVE('',#3945,#3946,#299,.F.);
#3295=EDGE_CURVE('',#3946,#3947,#32,.T.);
#3296=EDGE_CURVE('',#3947,#3948,#300,.T.);
#3297=EDGE_CURVE('',#3948,#3945,#4365,.T.);
#3298=EDGE_CURVE('',#3949,#3950,#301,.T.);
#3299=EDGE_CURVE('',#3950,#3951,#33,.T.);
#3300=EDGE_CURVE('',#3951,#3952,#302,.F.);
#3301=EDGE_CURVE('',#3952,#3949,#15,.F.);
#3302=EDGE_CURVE('',#3953,#3954,#34,.T.);
#3303=EDGE_CURVE('',#3953,#3955,#303,.T.);
#3304=EDGE_CURVE('',#3956,#3955,#4366,.T.);
#3305=EDGE_CURVE('',#3956,#3954,#304,.F.);
#3306=EDGE_CURVE('',#3957,#3958,#35,.T.);
#3307=EDGE_CURVE('',#3957,#3959,#305,.F.);
#3308=EDGE_CURVE('',#3960,#3959,#16,.F.);
#3309=EDGE_CURVE('',#3960,#3958,#306,.T.);
#3310=EDGE_CURVE('',#3961,#3962,#307,.F.);
#3311=EDGE_CURVE('',#3963,#3961,#308,.T.);
#3312=EDGE_CURVE('',#3963,#3964,#309,.T.);
#3313=EDGE_CURVE('',#3964,#3965,#310,.T.);
#3314=EDGE_CURVE('',#3965,#3966,#311,.T.);
#3315=EDGE_CURVE('',#3966,#3967,#312,.T.);
#3316=EDGE_CURVE('',#3967,#3968,#313,.T.);
#3317=EDGE_CURVE('',#3968,#3969,#17,.F.);
#3318=EDGE_CURVE('',#3969,#3970,#314,.T.);
#3319=EDGE_CURVE('',#3971,#3970,#315,.T.);
#3320=EDGE_CURVE('',#3972,#3971,#316,.T.);
#3321=EDGE_CURVE('',#3962,#3972,#317,.T.);
#3322=EDGE_CURVE('',#3950,#3947,#4367,.F.);
#3323=EDGE_CURVE('',#3971,#3949,#18,.F.);
#3324=EDGE_CURVE('',#3973,#3970,#318,.T.);
#3325=EDGE_CURVE('',#3974,#3973,#4368,.T.);
#3326=EDGE_CURVE('',#3975,#3974,#319,.T.);
#3327=EDGE_CURVE('',#3976,#3975,#4369,.T.);
#3328=EDGE_CURVE('',#3977,#3976,#320,.T.);
#3329=EDGE_CURVE('',#3978,#3977,#321,.T.);
#3330=EDGE_CURVE('',#3979,#3978,#322,.T.);
#3331=EDGE_CURVE('',#3980,#3979,#323,.T.);
#3332=EDGE_CURVE('',#3981,#3980,#324,.T.);
#3333=EDGE_CURVE('',#3982,#3981,#4370,.T.);
#3334=EDGE_CURVE('',#3963,#3982,#325,.T.);
#3335=EDGE_CURVE('',#3952,#3961,#19,.F.);
#3336=EDGE_CURVE('',#3946,#3951,#4371,.F.);
#3337=EDGE_CURVE('',#3948,#3945,#326,.T.);
#3338=EDGE_CURVE('',#3983,#3984,#327,.F.);
#3339=EDGE_CURVE('',#3983,#3985,#328,.T.);
#3340=EDGE_CURVE('',#3985,#3986,#329,.T.);
#3341=EDGE_CURVE('',#3986,#3987,#20,.F.);
#3342=EDGE_CURVE('',#3988,#3987,#330,.T.);
#3343=EDGE_CURVE('',#3989,#3988,#331,.T.);
#3344=EDGE_CURVE('',#3989,#3990,#332,.T.);
#3345=EDGE_CURVE('',#3990,#3991,#333,.T.);
#3346=EDGE_CURVE('',#3991,#3992,#334,.T.);
#3347=EDGE_CURVE('',#3992,#3993,#335,.T.);
#3348=EDGE_CURVE('',#3994,#3993,#336,.T.);
#3349=EDGE_CURVE('',#3984,#3994,#337,.T.);
#3350=EDGE_CURVE('',#3954,#3957,#4372,.F.);
#3351=EDGE_CURVE('',#3955,#3956,#338,.T.);
#3352=EDGE_CURVE('',#3958,#3953,#4373,.F.);
#3353=EDGE_CURVE('',#3993,#3960,#21,.F.);
#3354=EDGE_CURVE('',#3992,#3995,#339,.T.);
#3355=EDGE_CURVE('',#3995,#3996,#4374,.F.);
#3356=EDGE_CURVE('',#3996,#3997,#340,.T.);
#3357=EDGE_CURVE('',#3997,#3998,#341,.T.);
#3358=EDGE_CURVE('',#3998,#3999,#342,.T.);
#3359=EDGE_CURVE('',#4000,#3999,#343,.T.);
#3360=EDGE_CURVE('',#4000,#4001,#344,.T.);
#3361=EDGE_CURVE('',#4001,#4002,#4375,.F.);
#3362=EDGE_CURVE('',#4002,#4003,#345,.T.);
#3363=EDGE_CURVE('',#4003,#4004,#4376,.F.);
#3364=EDGE_CURVE('',#4004,#3985,#346,.T.);
#3365=EDGE_CURVE('',#3959,#3983,#22,.F.);
#3366=EDGE_CURVE('',#3967,#4005,#347,.T.);
#3367=EDGE_CURVE('',#4006,#4005,#348,.T.);
#3368=EDGE_CURVE('',#4006,#3988,#349,.T.);
#3369=EDGE_CURVE('',#3987,#3968,#23,.F.);
#3370=EDGE_CURVE('',#4001,#3976,#350,.T.);
#3371=EDGE_CURVE('',#4000,#4007,#351,.T.);
#3372=EDGE_CURVE('',#4007,#4008,#352,.T.);
#3373=EDGE_CURVE('',#4008,#3977,#353,.T.);
#3374=EDGE_CURVE('',#4002,#3975,#354,.T.);
#3375=EDGE_CURVE('',#4003,#3974,#355,.T.);
#3376=EDGE_CURVE('',#4004,#3973,#356,.T.);
#3377=EDGE_CURVE('',#3986,#3969,#357,.T.);
#3378=EDGE_CURVE('',#3990,#4009,#358,.T.);
#3379=EDGE_CURVE('',#4009,#3965,#359,.T.);
#3380=EDGE_CURVE('',#3991,#3964,#360,.T.);
#3381=EDGE_CURVE('',#4010,#3989,#361,.T.);
#3382=EDGE_CURVE('',#4010,#4009,#362,.T.);
#3383=EDGE_CURVE('',#3966,#4011,#363,.T.);
#3384=EDGE_CURVE('',#4011,#4012,#4377,.T.);
#3385=EDGE_CURVE('',#4012,#4013,#364,.T.);
#3386=EDGE_CURVE('',#4013,#4005,#4378,.T.);
#3387=EDGE_CURVE('',#4014,#4015,#365,.T.);
#3388=EDGE_CURVE('',#4016,#4014,#4379,.T.);
#3389=EDGE_CURVE('',#4017,#4016,#366,.T.);
#3390=EDGE_CURVE('',#4018,#4017,#4380,.T.);
#3391=EDGE_CURVE('',#4019,#4018,#367,.T.);
#3392=EDGE_CURVE('',#4020,#4019,#4381,.T.);
#3393=EDGE_CURVE('',#4021,#4020,#368,.T.);
#3394=EDGE_CURVE('',#4015,#4021,#4382,.T.);
#3395=EDGE_CURVE('',#4022,#4023,#369,.T.);
#3396=EDGE_CURVE('',#4024,#4022,#370,.T.);
#3397=EDGE_CURVE('',#4025,#4024,#371,.T.);
#3398=EDGE_CURVE('',#4026,#4025,#372,.T.);
#3399=EDGE_CURVE('',#4027,#4026,#373,.T.);
#3400=EDGE_CURVE('',#4028,#4027,#374,.T.);
#3401=EDGE_CURVE('',#4029,#4028,#375,.T.);
#3402=EDGE_CURVE('',#4030,#4029,#376,.T.);
#3403=EDGE_CURVE('',#4031,#4030,#377,.T.);
#3404=EDGE_CURVE('',#4023,#4031,#378,.T.);
#3405=EDGE_CURVE('',#4032,#4033,#379,.T.);
#3406=EDGE_CURVE('',#4034,#4032,#380,.T.);
#3407=EDGE_CURVE('',#4035,#4034,#381,.T.);
#3408=EDGE_CURVE('',#4036,#4035,#382,.T.);
#3409=EDGE_CURVE('',#4037,#4036,#383,.T.);
#3410=EDGE_CURVE('',#4038,#4037,#384,.T.);
#3411=EDGE_CURVE('',#4039,#4038,#385,.T.);
#3412=EDGE_CURVE('',#4040,#4039,#386,.T.);
#3413=EDGE_CURVE('',#4041,#4040,#387,.T.);
#3414=EDGE_CURVE('',#4033,#4041,#388,.T.);
#3415=EDGE_CURVE('',#4042,#3978,#389,.T.);
#3416=EDGE_CURVE('',#4008,#4043,#4383,.T.);
#3417=EDGE_CURVE('',#4043,#4044,#390,.T.);
#3418=EDGE_CURVE('',#4044,#4042,#4384,.T.);
#3419=EDGE_CURVE('',#4045,#4046,#4385,.T.);
#3420=EDGE_CURVE('',#4047,#4045,#391,.T.);
#3421=EDGE_CURVE('',#4048,#4047,#4386,.T.);
#3422=EDGE_CURVE('',#4049,#4048,#392,.T.);
#3423=EDGE_CURVE('',#4050,#4049,#4387,.T.);
#3424=EDGE_CURVE('',#4051,#4050,#393,.T.);
#3425=EDGE_CURVE('',#4052,#4051,#4388,.T.);
#3426=EDGE_CURVE('',#4046,#4052,#394,.T.);
#3427=EDGE_CURVE('',#4053,#4054,#395,.T.);
#3428=EDGE_CURVE('',#4055,#4053,#396,.T.);
#3429=EDGE_CURVE('',#4056,#4055,#397,.T.);
#3430=EDGE_CURVE('',#4057,#4056,#398,.T.);
#3431=EDGE_CURVE('',#4058,#4057,#399,.T.);
#3432=EDGE_CURVE('',#4059,#4058,#400,.T.);
#3433=EDGE_CURVE('',#4060,#4059,#401,.T.);
#3434=EDGE_CURVE('',#4061,#4060,#402,.T.);
#3435=EDGE_CURVE('',#4062,#4061,#403,.T.);
#3436=EDGE_CURVE('',#4054,#4062,#404,.T.);
#3437=EDGE_CURVE('',#4063,#4042,#405,.T.);
#3438=EDGE_CURVE('',#4063,#3999,#406,.T.);
#3439=EDGE_CURVE('',#3998,#3979,#407,.T.);
#3440=EDGE_CURVE('',#3997,#3980,#408,.T.);
#3441=EDGE_CURVE('',#3996,#3981,#409,.T.);
#3442=EDGE_CURVE('',#3995,#3982,#410,.T.);
#3443=EDGE_CURVE('',#4064,#4006,#4389,.T.);
#3444=EDGE_CURVE('',#4065,#4064,#411,.T.);
#3445=EDGE_CURVE('',#4066,#4065,#4390,.T.);
#3446=EDGE_CURVE('',#4010,#4066,#412,.T.);
#3447=EDGE_CURVE('',#4066,#4011,#413,.T.);
#3448=EDGE_CURVE('',#4065,#4012,#414,.T.);
#3449=EDGE_CURVE('',#4064,#4013,#415,.T.);
#3450=EDGE_CURVE('',#4067,#4063,#4391,.T.);
#3451=EDGE_CURVE('',#4068,#4067,#416,.T.);
#3452=EDGE_CURVE('',#4007,#4068,#4392,.T.);
#3453=EDGE_CURVE('',#4068,#4043,#417,.T.);
#3454=EDGE_CURVE('',#4067,#4044,#418,.T.);
#3455=EDGE_CURVE('',#3984,#3994,#4393,.T.);
#3456=EDGE_CURVE('',#3972,#3962,#4394,.T.);
#3457=EDGE_CURVE('',#4069,#4054,#419,.T.);
#3458=EDGE_CURVE('',#4070,#4069,#420,.T.);
#3459=EDGE_CURVE('',#4070,#4053,#421,.T.);
#3460=EDGE_CURVE('',#4071,#4070,#422,.T.);
#3461=EDGE_CURVE('',#4071,#4055,#423,.T.);
#3462=EDGE_CURVE('',#4072,#4071,#424,.T.);
#3463=EDGE_CURVE('',#4072,#4056,#425,.T.);
#3464=EDGE_CURVE('',#4073,#4072,#426,.T.);
#3465=EDGE_CURVE('',#4073,#4057,#427,.T.);
#3466=EDGE_CURVE('',#4074,#4073,#428,.T.);
#3467=EDGE_CURVE('',#4074,#4058,#429,.T.);
#3468=EDGE_CURVE('',#4075,#4074,#430,.T.);
#3469=EDGE_CURVE('',#4075,#4059,#431,.T.);
#3470=EDGE_CURVE('',#4076,#4075,#432,.T.);
#3471=EDGE_CURVE('',#4076,#4060,#433,.T.);
#3472=EDGE_CURVE('',#4077,#4076,#434,.T.);
#3473=EDGE_CURVE('',#4077,#4061,#435,.T.);
#3474=EDGE_CURVE('',#4078,#4077,#436,.T.);
#3475=EDGE_CURVE('',#4078,#4062,#437,.T.);
#3476=EDGE_CURVE('',#4079,#4046,#438,.T.);
#3477=EDGE_CURVE('',#4080,#4079,#4395,.T.);
#3478=EDGE_CURVE('',#4080,#4045,#439,.T.);
#3479=EDGE_CURVE('',#4081,#4080,#440,.T.);
#3480=EDGE_CURVE('',#4081,#4047,#441,.T.);
#3481=EDGE_CURVE('',#4082,#4081,#4396,.T.);
#3482=EDGE_CURVE('',#4082,#4048,#442,.T.);
#3483=EDGE_CURVE('',#4083,#4082,#443,.T.);
#3484=EDGE_CURVE('',#4083,#4049,#444,.T.);
#3485=EDGE_CURVE('',#4084,#4083,#4397,.T.);
#3486=EDGE_CURVE('',#4084,#4050,#445,.T.);
#3487=EDGE_CURVE('',#4085,#4084,#446,.T.);
#3488=EDGE_CURVE('',#4085,#4051,#447,.T.);
#3489=EDGE_CURVE('',#4086,#4085,#4398,.T.);
#3490=EDGE_CURVE('',#4086,#4052,#448,.T.);
#3491=EDGE_CURVE('',#4069,#4078,#449,.T.);
#3492=EDGE_CURVE('',#4079,#4086,#450,.T.);
#3493=EDGE_CURVE('',#4087,#4088,#4399,.T.);
#3494=EDGE_CURVE('',#4088,#4089,#451,.T.);
#3495=EDGE_CURVE('',#4089,#4090,#4400,.T.);
#3496=EDGE_CURVE('',#4090,#4091,#4401,.T.);
#3497=EDGE_CURVE('',#4091,#4092,#452,.T.);
#3498=EDGE_CURVE('',#4092,#4087,#4402,.T.);
#3499=EDGE_CURVE('',#4093,#4088,#453,.T.);
#3500=EDGE_CURVE('',#4093,#4094,#454,.T.);
#3501=EDGE_CURVE('',#4094,#4089,#455,.T.);
#3502=EDGE_CURVE('',#4094,#4095,#4403,.T.);
#3503=EDGE_CURVE('',#4095,#4090,#456,.T.);
#3504=EDGE_CURVE('',#4095,#4096,#4404,.T.);
#3505=EDGE_CURVE('',#4096,#4091,#457,.T.);
#3506=EDGE_CURVE('',#4096,#4097,#458,.T.);
#3507=EDGE_CURVE('',#4097,#4092,#459,.T.);
#3508=EDGE_CURVE('',#4097,#4098,#4405,.T.);
#3509=EDGE_CURVE('',#4098,#4087,#460,.T.);
#3510=EDGE_CURVE('',#4098,#4093,#4406,.T.);
#3511=EDGE_CURVE('',#4099,#4033,#461,.T.);
#3512=EDGE_CURVE('',#4100,#4099,#462,.T.);
#3513=EDGE_CURVE('',#4100,#4032,#463,.T.);
#3514=EDGE_CURVE('',#4101,#4100,#464,.T.);
#3515=EDGE_CURVE('',#4101,#4034,#465,.T.);
#3516=EDGE_CURVE('',#4102,#4101,#466,.T.);
#3517=EDGE_CURVE('',#4102,#4035,#467,.T.);
#3518=EDGE_CURVE('',#4103,#4102,#468,.T.);
#3519=EDGE_CURVE('',#4103,#4036,#469,.T.);
#3520=EDGE_CURVE('',#4104,#4103,#470,.T.);
#3521=EDGE_CURVE('',#4104,#4037,#471,.T.);
#3522=EDGE_CURVE('',#4105,#4104,#472,.T.);
#3523=EDGE_CURVE('',#4105,#4038,#473,.T.);
#3524=EDGE_CURVE('',#4106,#4105,#474,.T.);
#3525=EDGE_CURVE('',#4106,#4039,#475,.T.);
#3526=EDGE_CURVE('',#4107,#4106,#476,.T.);
#3527=EDGE_CURVE('',#4107,#4040,#477,.T.);
#3528=EDGE_CURVE('',#4108,#4107,#478,.T.);
#3529=EDGE_CURVE('',#4108,#4041,#479,.T.);
#3530=EDGE_CURVE('',#4109,#4023,#480,.T.);
#3531=EDGE_CURVE('',#4110,#4109,#481,.T.);
#3532=EDGE_CURVE('',#4110,#4022,#482,.T.);
#3533=EDGE_CURVE('',#4111,#4110,#483,.T.);
#3534=EDGE_CURVE('',#4111,#4024,#484,.T.);
#3535=EDGE_CURVE('',#4112,#4111,#485,.T.);
#3536=EDGE_CURVE('',#4112,#4025,#486,.T.);
#3537=EDGE_CURVE('',#4113,#4112,#487,.T.);
#3538=EDGE_CURVE('',#4113,#4026,#488,.T.);
#3539=EDGE_CURVE('',#4114,#4113,#489,.T.);
#3540=EDGE_CURVE('',#4114,#4027,#490,.T.);
#3541=EDGE_CURVE('',#4115,#4114,#491,.T.);
#3542=EDGE_CURVE('',#4115,#4028,#492,.T.);
#3543=EDGE_CURVE('',#4116,#4115,#493,.T.);
#3544=EDGE_CURVE('',#4116,#4029,#494,.T.);
#3545=EDGE_CURVE('',#4117,#4116,#495,.T.);
#3546=EDGE_CURVE('',#4117,#4030,#496,.T.);
#3547=EDGE_CURVE('',#4118,#4117,#497,.T.);
#3548=EDGE_CURVE('',#4118,#4031,#498,.T.);
#3549=EDGE_CURVE('',#4119,#4015,#499,.T.);
#3550=EDGE_CURVE('',#4120,#4119,#500,.T.);
#3551=EDGE_CURVE('',#4120,#4014,#501,.T.);
#3552=EDGE_CURVE('',#4121,#4120,#4407,.T.);
#3553=EDGE_CURVE('',#4121,#4016,#502,.T.);
#3554=EDGE_CURVE('',#4122,#4121,#503,.T.);
#3555=EDGE_CURVE('',#4122,#4017,#504,.T.);
#3556=EDGE_CURVE('',#4123,#4122,#4408,.T.);
#3557=EDGE_CURVE('',#4123,#4018,#505,.T.);
#3558=EDGE_CURVE('',#4124,#4123,#506,.T.);
#3559=EDGE_CURVE('',#4124,#4019,#507,.T.);
#3560=EDGE_CURVE('',#4125,#4124,#4409,.T.);
#3561=EDGE_CURVE('',#4125,#4020,#508,.T.);
#3562=EDGE_CURVE('',#4126,#4125,#509,.T.);
#3563=EDGE_CURVE('',#4126,#4021,#510,.T.);
#3564=EDGE_CURVE('',#4099,#4108,#511,.T.);
#3565=EDGE_CURVE('',#4109,#4118,#512,.T.);
#3566=EDGE_CURVE('',#4119,#4126,#4410,.T.);
#3567=EDGE_CURVE('',#4127,#4128,#513,.T.);
#3568=EDGE_CURVE('',#4128,#4129,#4411,.T.);
#3569=EDGE_CURVE('',#4129,#4130,#4412,.T.);
#3570=EDGE_CURVE('',#4130,#4131,#514,.T.);
#3571=EDGE_CURVE('',#4131,#4132,#4413,.T.);
#3572=EDGE_CURVE('',#4132,#4127,#4414,.T.);
#3573=EDGE_CURVE('',#4133,#4128,#515,.T.);
#3574=EDGE_CURVE('',#4133,#4134,#4415,.T.);
#3575=EDGE_CURVE('',#4134,#4129,#516,.T.);
#3576=EDGE_CURVE('',#4134,#4135,#4416,.T.);
#3577=EDGE_CURVE('',#4135,#4130,#517,.T.);
#3578=EDGE_CURVE('',#4135,#4136,#518,.T.);
#3579=EDGE_CURVE('',#4136,#4131,#519,.T.);
#3580=EDGE_CURVE('',#4136,#4137,#4417,.T.);
#3581=EDGE_CURVE('',#4137,#4132,#520,.T.);
#3582=EDGE_CURVE('',#4137,#4138,#4418,.T.);
#3583=EDGE_CURVE('',#4138,#4127,#521,.T.);
#3584=EDGE_CURVE('',#4138,#4133,#522,.T.);
#3585=EDGE_CURVE('',#4139,#4139,#4419,.T.);
#3586=EDGE_CURVE('',#4140,#4140,#4420,.T.);
#3587=EDGE_CURVE('',#4141,#4141,#4421,.T.);
#3588=EDGE_CURVE('',#4142,#4142,#4422,.T.);
#3589=EDGE_CURVE('',#4143,#4143,#4423,.T.);
#3590=EDGE_CURVE('',#4144,#4144,#4424,.T.);
#3591=EDGE_CURVE('',#4145,#4145,#4425,.T.);
#3592=EDGE_CURVE('',#4146,#4146,#4426,.T.);
#3593=VERTEX_POINT('',#8350);
#3594=VERTEX_POINT('',#8353);
#3595=VERTEX_POINT('',#8356);
#3596=VERTEX_POINT('',#8359);
#3597=VERTEX_POINT('',#8362);
#3598=VERTEX_POINT('',#8365);
#3599=VERTEX_POINT('',#8368);
#3600=VERTEX_POINT('',#8371);
#3601=VERTEX_POINT('',#8374);
#3602=VERTEX_POINT('',#8377);
#3603=VERTEX_POINT('',#8380);
#3604=VERTEX_POINT('',#8383);
#3605=VERTEX_POINT('',#8386);
#3606=VERTEX_POINT('',#8389);
#3607=VERTEX_POINT('',#8394);
#3608=VERTEX_POINT('',#8395);
#3609=VERTEX_POINT('',#8397);
#3610=VERTEX_POINT('',#8399);
#3611=VERTEX_POINT('',#8401);
#3612=VERTEX_POINT('',#8403);
#3613=VERTEX_POINT('',#8405);
#3614=VERTEX_POINT('',#8407);
#3615=VERTEX_POINT('',#8410);
#3616=VERTEX_POINT('',#8413);
#3617=VERTEX_POINT('',#8415);
#3618=VERTEX_POINT('',#8418);
#3619=VERTEX_POINT('',#8421);
#3620=VERTEX_POINT('',#8422);
#3621=VERTEX_POINT('',#8424);
#3622=VERTEX_POINT('',#8426);
#3623=VERTEX_POINT('',#8428);
#3624=VERTEX_POINT('',#8430);
#3625=VERTEX_POINT('',#8434);
#3626=VERTEX_POINT('',#8436);
#3627=VERTEX_POINT('',#8440);
#3628=VERTEX_POINT('',#8444);
#3629=VERTEX_POINT('',#8448);
#3630=VERTEX_POINT('',#8452);
#3631=VERTEX_POINT('',#8456);
#3632=VERTEX_POINT('',#8460);
#3633=VERTEX_POINT('',#8466);
#3634=VERTEX_POINT('',#8469);
#3635=VERTEX_POINT('',#8472);
#3636=VERTEX_POINT('',#8475);
#3637=VERTEX_POINT('',#8476);
#3638=VERTEX_POINT('',#8478);
#3639=VERTEX_POINT('',#8480);
#3640=VERTEX_POINT('',#8482);
#3641=VERTEX_POINT('',#8484);
#3642=VERTEX_POINT('',#8502);
#3643=VERTEX_POINT('',#8504);
#3644=VERTEX_POINT('',#8507);
#3645=VERTEX_POINT('',#8508);
#3646=VERTEX_POINT('',#8527);
#3647=VERTEX_POINT('',#8529);
#3648=VERTEX_POINT('',#8548);
#3649=VERTEX_POINT('',#8550);
#3650=VERTEX_POINT('',#8552);
#3651=VERTEX_POINT('',#8554);
#3652=VERTEX_POINT('',#8558);
#3653=VERTEX_POINT('',#8559);
#3654=VERTEX_POINT('',#8561);
#3655=VERTEX_POINT('',#8563);
#3656=VERTEX_POINT('',#8565);
#3657=VERTEX_POINT('',#8567);
#3658=VERTEX_POINT('',#8571);
#3659=VERTEX_POINT('',#8572);
#3660=VERTEX_POINT('',#8574);
#3661=VERTEX_POINT('',#8576);
#3662=VERTEX_POINT('',#8580);
#3663=VERTEX_POINT('',#8582);
#3664=VERTEX_POINT('',#8586);
#3665=VERTEX_POINT('',#8588);
#3666=VERTEX_POINT('',#8592);
#3667=VERTEX_POINT('',#8594);
#3668=VERTEX_POINT('',#8598);
#3669=VERTEX_POINT('',#8600);
#3670=VERTEX_POINT('',#8604);
#3671=VERTEX_POINT('',#8606);
#3672=VERTEX_POINT('',#8610);
#3673=VERTEX_POINT('',#8612);
#3674=VERTEX_POINT('',#8616);
#3675=VERTEX_POINT('',#8618);
#3676=VERTEX_POINT('',#8622);
#3677=VERTEX_POINT('',#8623);
#3678=VERTEX_POINT('',#8625);
#3679=VERTEX_POINT('',#8627);
#3680=VERTEX_POINT('',#8631);
#3681=VERTEX_POINT('',#8633);
#3682=VERTEX_POINT('',#8637);
#3683=VERTEX_POINT('',#8639);
#3684=VERTEX_POINT('',#8643);
#3685=VERTEX_POINT('',#8645);
#3686=VERTEX_POINT('',#8649);
#3687=VERTEX_POINT('',#8651);
#3688=VERTEX_POINT('',#8655);
#3689=VERTEX_POINT('',#8657);
#3690=VERTEX_POINT('',#8661);
#3691=VERTEX_POINT('',#8663);
#3692=VERTEX_POINT('',#8667);
#3693=VERTEX_POINT('',#8669);
#3694=VERTEX_POINT('',#8673);
#3695=VERTEX_POINT('',#8675);
#3696=VERTEX_POINT('',#8679);
#3697=VERTEX_POINT('',#8681);
#3698=VERTEX_POINT('',#8685);
#3699=VERTEX_POINT('',#8686);
#3700=VERTEX_POINT('',#8688);
#3701=VERTEX_POINT('',#8690);
#3702=VERTEX_POINT('',#8694);
#3703=VERTEX_POINT('',#8696);
#3704=VERTEX_POINT('',#8700);
#3705=VERTEX_POINT('',#8702);
#3706=VERTEX_POINT('',#8706);
#3707=VERTEX_POINT('',#8708);
#3708=VERTEX_POINT('',#8712);
#3709=VERTEX_POINT('',#8714);
#3710=VERTEX_POINT('',#8718);
#3711=VERTEX_POINT('',#8720);
#3712=VERTEX_POINT('',#8724);
#3713=VERTEX_POINT('',#8726);
#3714=VERTEX_POINT('',#8730);
#3715=VERTEX_POINT('',#8732);
#3716=VERTEX_POINT('',#8736);
#3717=VERTEX_POINT('',#8737);
#3718=VERTEX_POINT('',#8739);
#3719=VERTEX_POINT('',#8741);
#3720=VERTEX_POINT('',#8745);
#3721=VERTEX_POINT('',#8747);
#3722=VERTEX_POINT('',#8751);
#3723=VERTEX_POINT('',#8753);
#3724=VERTEX_POINT('',#8757);
#3725=VERTEX_POINT('',#8759);
#3726=VERTEX_POINT('',#8763);
#3727=VERTEX_POINT('',#8765);
#3728=VERTEX_POINT('',#8769);
#3729=VERTEX_POINT('',#8771);
#3730=VERTEX_POINT('',#8775);
#3731=VERTEX_POINT('',#8777);
#3732=VERTEX_POINT('',#8781);
#3733=VERTEX_POINT('',#8783);
#3734=VERTEX_POINT('',#8787);
#3735=VERTEX_POINT('',#8789);
#3736=VERTEX_POINT('',#8793);
#3737=VERTEX_POINT('',#8795);
#3738=VERTEX_POINT('',#8799);
#3739=VERTEX_POINT('',#8801);
#3740=VERTEX_POINT('',#8805);
#3741=VERTEX_POINT('',#8807);
#3742=VERTEX_POINT('',#8811);
#3743=VERTEX_POINT('',#8813);
#3744=VERTEX_POINT('',#8817);
#3745=VERTEX_POINT('',#8819);
#3746=VERTEX_POINT('',#8823);
#3747=VERTEX_POINT('',#8824);
#3748=VERTEX_POINT('',#8826);
#3749=VERTEX_POINT('',#8828);
#3750=VERTEX_POINT('',#8832);
#3751=VERTEX_POINT('',#8834);
#3752=VERTEX_POINT('',#8838);
#3753=VERTEX_POINT('',#8840);
#3754=VERTEX_POINT('',#8844);
#3755=VERTEX_POINT('',#8846);
#3756=VERTEX_POINT('',#8850);
#3757=VERTEX_POINT('',#8852);
#3758=VERTEX_POINT('',#8856);
#3759=VERTEX_POINT('',#8858);
#3760=VERTEX_POINT('',#8862);
#3761=VERTEX_POINT('',#8864);
#3762=VERTEX_POINT('',#8868);
#3763=VERTEX_POINT('',#8870);
#3764=VERTEX_POINT('',#8874);
#3765=VERTEX_POINT('',#8875);
#3766=VERTEX_POINT('',#8877);
#3767=VERTEX_POINT('',#8879);
#3768=VERTEX_POINT('',#8883);
#3769=VERTEX_POINT('',#8885);
#3770=VERTEX_POINT('',#8889);
#3771=VERTEX_POINT('',#8891);
#3772=VERTEX_POINT('',#8895);
#3773=VERTEX_POINT('',#8897);
#3774=VERTEX_POINT('',#8901);
#3775=VERTEX_POINT('',#8903);
#3776=VERTEX_POINT('',#8907);
#3777=VERTEX_POINT('',#8909);
#3778=VERTEX_POINT('',#8913);
#3779=VERTEX_POINT('',#8915);
#3780=VERTEX_POINT('',#8919);
#3781=VERTEX_POINT('',#8921);
#3782=VERTEX_POINT('',#8925);
#3783=VERTEX_POINT('',#8926);
#3784=VERTEX_POINT('',#8928);
#3785=VERTEX_POINT('',#8930);
#3786=VERTEX_POINT('',#8934);
#3787=VERTEX_POINT('',#8936);
#3788=VERTEX_POINT('',#8940);
#3789=VERTEX_POINT('',#8942);
#3790=VERTEX_POINT('',#8946);
#3791=VERTEX_POINT('',#8948);
#3792=VERTEX_POINT('',#8952);
#3793=VERTEX_POINT('',#8954);
#3794=VERTEX_POINT('',#8958);
#3795=VERTEX_POINT('',#8960);
#3796=VERTEX_POINT('',#8964);
#3797=VERTEX_POINT('',#8966);
#3798=VERTEX_POINT('',#8970);
#3799=VERTEX_POINT('',#8972);
#3800=VERTEX_POINT('',#8976);
#3801=VERTEX_POINT('',#8978);
#3802=VERTEX_POINT('',#8982);
#3803=VERTEX_POINT('',#8984);
#3804=VERTEX_POINT('',#8988);
#3805=VERTEX_POINT('',#8990);
#3806=VERTEX_POINT('',#8994);
#3807=VERTEX_POINT('',#8996);
#3808=VERTEX_POINT('',#9000);
#3809=VERTEX_POINT('',#9002);
#3810=VERTEX_POINT('',#9006);
#3811=VERTEX_POINT('',#9008);
#3812=VERTEX_POINT('',#9012);
#3813=VERTEX_POINT('',#9013);
#3814=VERTEX_POINT('',#9015);
#3815=VERTEX_POINT('',#9017);
#3816=VERTEX_POINT('',#9021);
#3817=VERTEX_POINT('',#9023);
#3818=VERTEX_POINT('',#9027);
#3819=VERTEX_POINT('',#9029);
#3820=VERTEX_POINT('',#9033);
#3821=VERTEX_POINT('',#9035);
#3822=VERTEX_POINT('',#9039);
#3823=VERTEX_POINT('',#9041);
#3824=VERTEX_POINT('',#9045);
#3825=VERTEX_POINT('',#9047);
#3826=VERTEX_POINT('',#9051);
#3827=VERTEX_POINT('',#9053);
#3828=VERTEX_POINT('',#9057);
#3829=VERTEX_POINT('',#9059);
#3830=VERTEX_POINT('',#9063);
#3831=VERTEX_POINT('',#9065);
#3832=VERTEX_POINT('',#9069);
#3833=VERTEX_POINT('',#9071);
#3834=VERTEX_POINT('',#9075);
#3835=VERTEX_POINT('',#9077);
#3836=VERTEX_POINT('',#9081);
#3837=VERTEX_POINT('',#9083);
#3838=VERTEX_POINT('',#9087);
#3839=VERTEX_POINT('',#9089);
#3840=VERTEX_POINT('',#9093);
#3841=VERTEX_POINT('',#9095);
#3842=VERTEX_POINT('',#9099);
#3843=VERTEX_POINT('',#9101);
#3844=VERTEX_POINT('',#9129);
#3845=VERTEX_POINT('',#9131);
#3846=VERTEX_POINT('',#9133);
#3847=VERTEX_POINT('',#9138);
#3848=VERTEX_POINT('',#9139);
#3849=VERTEX_POINT('',#9144);
#3850=VERTEX_POINT('',#9146);
#3851=VERTEX_POINT('',#9153);
#3852=VERTEX_POINT('',#9154);
#3853=VERTEX_POINT('',#9168);
#3854=VERTEX_POINT('',#9170);
#3855=VERTEX_POINT('',#9172);
#3856=VERTEX_POINT('',#9174);
#3857=VERTEX_POINT('',#9176);
#3858=VERTEX_POINT('',#9182);
#3859=VERTEX_POINT('',#9186);
#3860=VERTEX_POINT('',#9190);
#3861=VERTEX_POINT('',#9191);
#3862=VERTEX_POINT('',#9193);
#3863=VERTEX_POINT('',#9195);
#3864=VERTEX_POINT('',#9199);
#3865=VERTEX_POINT('',#9200);
#3866=VERTEX_POINT('',#9202);
#3867=VERTEX_POINT('',#9204);
#3868=VERTEX_POINT('',#9216);
#3869=VERTEX_POINT('',#9217);
#3870=VERTEX_POINT('',#9219);
#3871=VERTEX_POINT('',#9223);
#3872=VERTEX_POINT('',#9224);
#3873=VERTEX_POINT('',#9226);
#3874=VERTEX_POINT('',#9236);
#3875=VERTEX_POINT('',#9237);
#3876=VERTEX_POINT('',#9239);
#3877=VERTEX_POINT('',#9243);
#3878=VERTEX_POINT('',#9244);
#3879=VERTEX_POINT('',#9246);
#3880=VERTEX_POINT('',#9256);
#3881=VERTEX_POINT('',#9257);
#3882=VERTEX_POINT('',#9259);
#3883=VERTEX_POINT('',#9261);
#3884=VERTEX_POINT('',#9265);
#3885=VERTEX_POINT('',#9266);
#3886=VERTEX_POINT('',#9268);
#3887=VERTEX_POINT('',#9270);
#3888=VERTEX_POINT('',#9286);
#3889=VERTEX_POINT('',#9288);
#3890=VERTEX_POINT('',#9292);
#3891=VERTEX_POINT('',#9296);
#3892=VERTEX_POINT('',#9300);
#3893=VERTEX_POINT('',#9302);
#3894=VERTEX_POINT('',#9310);
#3895=VERTEX_POINT('',#9311);
#3896=VERTEX_POINT('',#9320);
#3897=VERTEX_POINT('',#9323);
#3898=VERTEX_POINT('',#9329);
#3899=VERTEX_POINT('',#9332);
#3900=VERTEX_POINT('',#9338);
#3901=VERTEX_POINT('',#9340);
#3902=VERTEX_POINT('',#9346);
#3903=VERTEX_POINT('',#9349);
#3904=VERTEX_POINT('',#9354);
#3905=VERTEX_POINT('',#9357);
#3906=VERTEX_POINT('',#9360);
#3907=VERTEX_POINT('',#9363);
#3908=VERTEX_POINT('',#9366);
#3909=VERTEX_POINT('',#9369);
#3910=VERTEX_POINT('',#9374);
#3911=VERTEX_POINT('',#9376);
#3912=VERTEX_POINT('',#9379);
#3913=VERTEX_POINT('',#9382);
#3914=VERTEX_POINT('',#9385);
#3915=VERTEX_POINT('',#9388);
#3916=VERTEX_POINT('',#9391);
#3917=VERTEX_POINT('',#9394);
#3918=VERTEX_POINT('',#9397);
#3919=VERTEX_POINT('',#9400);
#3920=VERTEX_POINT('',#9403);
#3921=VERTEX_POINT('',#9406);
#3922=VERTEX_POINT('',#9409);
#3923=VERTEX_POINT('',#9412);
#3924=VERTEX_POINT('',#9415);
#3925=VERTEX_POINT('',#9418);
#3926=VERTEX_POINT('',#9421);
#3927=VERTEX_POINT('',#9424);
#3928=VERTEX_POINT('',#9427);
#3929=VERTEX_POINT('',#9430);
#3930=VERTEX_POINT('',#9435);
#3931=VERTEX_POINT('',#9437);
#3932=VERTEX_POINT('',#9440);
#3933=VERTEX_POINT('',#9443);
#3934=VERTEX_POINT('',#9446);
#3935=VERTEX_POINT('',#9449);
#3936=VERTEX_POINT('',#9452);
#3937=VERTEX_POINT('',#9455);
#3938=VERTEX_POINT('',#9458);
#3939=VERTEX_POINT('',#9461);
#3940=VERTEX_POINT('',#9464);
#3941=VERTEX_POINT('',#9467);
#3942=VERTEX_POINT('',#9470);
#3943=VERTEX_POINT('',#9473);
#3944=VERTEX_POINT('',#9476);
#3945=VERTEX_POINT('',#9481);
#3946=VERTEX_POINT('',#9482);
#3947=VERTEX_POINT('',#9492);
#3948=VERTEX_POINT('',#9494);
#3949=VERTEX_POINT('',#9498);
#3950=VERTEX_POINT('',#9499);
#3951=VERTEX_POINT('',#9509);
#3952=VERTEX_POINT('',#9511);
#3953=VERTEX_POINT('',#9521);
#3954=VERTEX_POINT('',#9522);
#3955=VERTEX_POINT('',#9524);
#3956=VERTEX_POINT('',#9526);
#3957=VERTEX_POINT('',#9536);
#3958=VERTEX_POINT('',#9537);
#3959=VERTEX_POINT('',#9539);
#3960=VERTEX_POINT('',#9541);
#3961=VERTEX_POINT('',#9545);
#3962=VERTEX_POINT('',#9546);
#3963=VERTEX_POINT('',#9548);
#3964=VERTEX_POINT('',#9550);
#3965=VERTEX_POINT('',#9552);
#3966=VERTEX_POINT('',#9554);
#3967=VERTEX_POINT('',#9556);
#3968=VERTEX_POINT('',#9558);
#3969=VERTEX_POINT('',#9560);
#3970=VERTEX_POINT('',#9562);
#3971=VERTEX_POINT('',#9564);
#3972=VERTEX_POINT('',#9566);
#3973=VERTEX_POINT('',#9572);
#3974=VERTEX_POINT('',#9574);
#3975=VERTEX_POINT('',#9576);
#3976=VERTEX_POINT('',#9578);
#3977=VERTEX_POINT('',#9580);
#3978=VERTEX_POINT('',#9582);
#3979=VERTEX_POINT('',#9584);
#3980=VERTEX_POINT('',#9586);
#3981=VERTEX_POINT('',#9588);
#3982=VERTEX_POINT('',#9590);
#3983=VERTEX_POINT('',#9597);
#3984=VERTEX_POINT('',#9598);
#3985=VERTEX_POINT('',#9600);
#3986=VERTEX_POINT('',#9602);
#3987=VERTEX_POINT('',#9604);
#3988=VERTEX_POINT('',#9606);
#3989=VERTEX_POINT('',#9608);
#3990=VERTEX_POINT('',#9610);
#3991=VERTEX_POINT('',#9612);
#3992=VERTEX_POINT('',#9614);
#3993=VERTEX_POINT('',#9616);
#3994=VERTEX_POINT('',#9618);
#3995=VERTEX_POINT('',#9626);
#3996=VERTEX_POINT('',#9628);
#3997=VERTEX_POINT('',#9630);
#3998=VERTEX_POINT('',#9632);
#3999=VERTEX_POINT('',#9634);
#4000=VERTEX_POINT('',#9636);
#4001=VERTEX_POINT('',#9638);
#4002=VERTEX_POINT('',#9640);
#4003=VERTEX_POINT('',#9642);
#4004=VERTEX_POINT('',#9644);
#4005=VERTEX_POINT('',#9649);
#4006=VERTEX_POINT('',#9651);
#4007=VERTEX_POINT('',#9657);
#4008=VERTEX_POINT('',#9659);
#4009=VERTEX_POINT('',#9672);
#4010=VERTEX_POINT('',#9677);
#4011=VERTEX_POINT('',#9681);
#4012=VERTEX_POINT('',#9683);
#4013=VERTEX_POINT('',#9685);
#4014=VERTEX_POINT('',#9688);
#4015=VERTEX_POINT('',#9689);
#4016=VERTEX_POINT('',#9691);
#4017=VERTEX_POINT('',#9693);
#4018=VERTEX_POINT('',#9695);
#4019=VERTEX_POINT('',#9697);
#4020=VERTEX_POINT('',#9699);
#4021=VERTEX_POINT('',#9701);
#4022=VERTEX_POINT('',#9704);
#4023=VERTEX_POINT('',#9705);
#4024=VERTEX_POINT('',#9707);
#4025=VERTEX_POINT('',#9709);
#4026=VERTEX_POINT('',#9711);
#4027=VERTEX_POINT('',#9713);
#4028=VERTEX_POINT('',#9715);
#4029=VERTEX_POINT('',#9717);
#4030=VERTEX_POINT('',#9719);
#4031=VERTEX_POINT('',#9721);
#4032=VERTEX_POINT('',#9724);
#4033=VERTEX_POINT('',#9725);
#4034=VERTEX_POINT('',#9727);
#4035=VERTEX_POINT('',#9729);
#4036=VERTEX_POINT('',#9731);
#4037=VERTEX_POINT('',#9733);
#4038=VERTEX_POINT('',#9735);
#4039=VERTEX_POINT('',#9737);
#4040=VERTEX_POINT('',#9739);
#4041=VERTEX_POINT('',#9741);
#4042=VERTEX_POINT('',#9745);
#4043=VERTEX_POINT('',#9747);
#4044=VERTEX_POINT('',#9749);
#4045=VERTEX_POINT('',#9752);
#4046=VERTEX_POINT('',#9753);
#4047=VERTEX_POINT('',#9755);
#4048=VERTEX_POINT('',#9757);
#4049=VERTEX_POINT('',#9759);
#4050=VERTEX_POINT('',#9761);
#4051=VERTEX_POINT('',#9763);
#4052=VERTEX_POINT('',#9765);
#4053=VERTEX_POINT('',#9768);
#4054=VERTEX_POINT('',#9769);
#4055=VERTEX_POINT('',#9771);
#4056=VERTEX_POINT('',#9773);
#4057=VERTEX_POINT('',#9775);
#4058=VERTEX_POINT('',#9777);
#4059=VERTEX_POINT('',#9779);
#4060=VERTEX_POINT('',#9781);
#4061=VERTEX_POINT('',#9783);
#4062=VERTEX_POINT('',#9785);
#4063=VERTEX_POINT('',#9789);
#4064=VERTEX_POINT('',#9801);
#4065=VERTEX_POINT('',#9803);
#4066=VERTEX_POINT('',#9805);
#4067=VERTEX_POINT('',#9816);
#4068=VERTEX_POINT('',#9818);
#4069=VERTEX_POINT('',#9836);
#4070=VERTEX_POINT('',#9838);
#4071=VERTEX_POINT('',#9842);
#4072=VERTEX_POINT('',#9846);
#4073=VERTEX_POINT('',#9850);
#4074=VERTEX_POINT('',#9854);
#4075=VERTEX_POINT('',#9858);
#4076=VERTEX_POINT('',#9862);
#4077=VERTEX_POINT('',#9866);
#4078=VERTEX_POINT('',#9870);
#4079=VERTEX_POINT('',#9874);
#4080=VERTEX_POINT('',#9876);
#4081=VERTEX_POINT('',#9880);
#4082=VERTEX_POINT('',#9884);
#4083=VERTEX_POINT('',#9888);
#4084=VERTEX_POINT('',#9892);
#4085=VERTEX_POINT('',#9896);
#4086=VERTEX_POINT('',#9900);
#4087=VERTEX_POINT('',#9909);
#4088=VERTEX_POINT('',#9910);
#4089=VERTEX_POINT('',#9912);
#4090=VERTEX_POINT('',#9914);
#4091=VERTEX_POINT('',#9916);
#4092=VERTEX_POINT('',#9918);
#4093=VERTEX_POINT('',#9922);
#4094=VERTEX_POINT('',#9924);
#4095=VERTEX_POINT('',#9928);
#4096=VERTEX_POINT('',#9932);
#4097=VERTEX_POINT('',#9936);
#4098=VERTEX_POINT('',#9940);
#4099=VERTEX_POINT('',#9947);
#4100=VERTEX_POINT('',#9949);
#4101=VERTEX_POINT('',#9953);
#4102=VERTEX_POINT('',#9957);
#4103=VERTEX_POINT('',#9961);
#4104=VERTEX_POINT('',#9965);
#4105=VERTEX_POINT('',#9969);
#4106=VERTEX_POINT('',#9973);
#4107=VERTEX_POINT('',#9977);
#4108=VERTEX_POINT('',#9981);
#4109=VERTEX_POINT('',#9985);
#4110=VERTEX_POINT('',#9987);
#4111=VERTEX_POINT('',#9991);
#4112=VERTEX_POINT('',#9995);
#4113=VERTEX_POINT('',#9999);
#4114=VERTEX_POINT('',#10003);
#4115=VERTEX_POINT('',#10007);
#4116=VERTEX_POINT('',#10011);
#4117=VERTEX_POINT('',#10015);
#4118=VERTEX_POINT('',#10019);
#4119=VERTEX_POINT('',#10023);
#4120=VERTEX_POINT('',#10025);
#4121=VERTEX_POINT('',#10029);
#4122=VERTEX_POINT('',#10033);
#4123=VERTEX_POINT('',#10037);
#4124=VERTEX_POINT('',#10041);
#4125=VERTEX_POINT('',#10045);
#4126=VERTEX_POINT('',#10049);
#4127=VERTEX_POINT('',#10061);
#4128=VERTEX_POINT('',#10062);
#4129=VERTEX_POINT('',#10064);
#4130=VERTEX_POINT('',#10066);
#4131=VERTEX_POINT('',#10068);
#4132=VERTEX_POINT('',#10070);
#4133=VERTEX_POINT('',#10074);
#4134=VERTEX_POINT('',#10076);
#4135=VERTEX_POINT('',#10080);
#4136=VERTEX_POINT('',#10084);
#4137=VERTEX_POINT('',#10088);
#4138=VERTEX_POINT('',#10092);
#4139=VERTEX_POINT('',#10100);
#4140=VERTEX_POINT('',#10102);
#4141=VERTEX_POINT('',#10105);
#4142=VERTEX_POINT('',#10108);
#4143=VERTEX_POINT('',#10111);
#4144=VERTEX_POINT('',#10114);
#4145=VERTEX_POINT('',#10117);
#4146=VERTEX_POINT('',#10120);
#4147=CIRCLE('',#5933,0.15025);
#4148=CIRCLE('',#5935,0.1875);
#4149=CIRCLE('',#5937,0.1875);
#4150=CIRCLE('',#5939,0.1975);
#4151=CIRCLE('',#5941,0.220756849187252);
#4152=CIRCLE('',#5943,0.282816446128796);
#4153=CIRCLE('',#5945,0.261160254037844);
#4154=CIRCLE('',#5947,0.235179491924311);
#4155=CIRCLE('',#5949,0.189);
#4156=CIRCLE('',#5951,0.174);
#4157=CIRCLE('',#5953,0.174);
#4158=CIRCLE('',#5955,0.137290960636936);
#4159=CIRCLE('',#5957,0.3);
#4160=CIRCLE('',#5959,0.3);
#4161=CIRCLE('',#5963,0.533437479641692);
#4162=CIRCLE('',#5965,0.300042434488532);
#4163=CIRCLE('',#5966,0.341562520358308);
#4164=CIRCLE('',#5968,0.234620725553348);
#4165=CIRCLE('',#5979,0.608613997089659);
#4166=CIRCLE('',#5981,0.267343189173776);
#4167=CIRCLE('',#5983,0.234620725553348);
#4168=CIRCLE('',#5994,0.696);
#4169=CIRCLE('',#5995,0.420459508194416);
#4170=CIRCLE('',#6001,0.0629999999999999);
#4171=CIRCLE('',#6003,0.0353983650671965);
#4172=CIRCLE('',#6004,0.0353983650671965);
#4173=CIRCLE('',#6006,0.0240332270864221);
#4174=CIRCLE('',#6007,0.0240332270864221);
#4175=CIRCLE('',#6014,0.0297921784583338);
#4176=CIRCLE('',#6015,0.0297921784583338);
#4177=CIRCLE('',#6020,0.0175678191286304);
#4178=CIRCLE('',#6021,0.0175678191286304);
#4179=CIRCLE('',#6023,0.0170094592431446);
#4180=CIRCLE('',#6024,0.0170094592431446);
#4181=CIRCLE('',#6027,0.0110446051251739);
#4182=CIRCLE('',#6028,0.0110446051251739);
#4183=CIRCLE('',#6030,0.0111142939527995);
#4184=CIRCLE('',#6031,0.0111142939527995);
#4185=CIRCLE('',#6033,0.0934920328529514);
#4186=CIRCLE('',#6034,0.0934920328529514);
#4187=CIRCLE('',#6037,0.0363276436728649);
#4188=CIRCLE('',#6038,0.0363276436728649);
#4189=CIRCLE('',#6040,0.0314549665867949);
#4190=CIRCLE('',#6041,0.0314549665867949);
#4191=CIRCLE('',#6043,0.0351069566426791);
#4192=CIRCLE('',#6044,0.0351069566426791);
#4193=CIRCLE('',#6047,0.0146358282530976);
#4194=CIRCLE('',#6048,0.0146358282530976);
#4195=CIRCLE('',#6050,0.023210721169513);
#4196=CIRCLE('',#6051,0.023210721169513);
#4197=CIRCLE('',#6054,0.0361324090653662);
#4198=CIRCLE('',#6055,0.0361324090653662);
#4199=CIRCLE('',#6060,0.0310536630563227);
#4200=CIRCLE('',#6061,0.0310536630563227);
#4201=CIRCLE('',#6063,0.0187300015920881);
#4202=CIRCLE('',#6064,0.0187300015920881);
#4203=CIRCLE('',#6066,0.0775751990662358);
#4204=CIRCLE('',#6067,0.0775751990662358);
#4205=CIRCLE('',#6072,0.0398030371508692);
#4206=CIRCLE('',#6073,0.0398030371508692);
#4207=CIRCLE('',#6075,0.00816863309824005);
#4208=CIRCLE('',#6076,0.00816863309824005);
#4209=CIRCLE('',#6078,0.0160924966589529);
#4210=CIRCLE('',#6079,0.0160924966589529);
#4211=CIRCLE('',#6081,0.0647634846897826);
#4212=CIRCLE('',#6082,0.0647634846897826);
#4213=CIRCLE('',#6085,0.036327643672861);
#4214=CIRCLE('',#6086,0.036327643672861);
#4215=CIRCLE('',#6088,0.0314549665867952);
#4216=CIRCLE('',#6089,0.0314549665867952);
#4217=CIRCLE('',#6091,0.0224046958522681);
#4218=CIRCLE('',#6092,0.0224046958522681);
#4219=CIRCLE('',#6095,0.0146358282530782);
#4220=CIRCLE('',#6096,0.0146358282530782);
#4221=CIRCLE('',#6098,0.0240204808826783);
#4222=CIRCLE('',#6099,0.0240204808826783);
#4223=CIRCLE('',#6102,0.0376133299891737);
#4224=CIRCLE('',#6103,0.0376133299891737);
#4225=CIRCLE('',#6108,0.0256738614131078);
#4226=CIRCLE('',#6109,0.0256738614131078);
#4227=CIRCLE('',#6111,0.0290581813057786);
#4228=CIRCLE('',#6112,0.0290581813057786);
#4229=CIRCLE('',#6114,0.035000589266702);
#4230=CIRCLE('',#6115,0.035000589266702);
#4231=CIRCLE('',#6117,0.021376559038239);
#4232=CIRCLE('',#6118,0.021376559038239);
#4233=CIRCLE('',#6124,0.0302695666293047);
#4234=CIRCLE('',#6125,0.0302695666293047);
#4235=CIRCLE('',#6127,0.0187300015920914);
#4236=CIRCLE('',#6128,0.0187300015920914);
#4237=CIRCLE('',#6130,0.0482421688861623);
#4238=CIRCLE('',#6131,0.0482421688861623);
#4239=CIRCLE('',#6136,0.0722060455666599);
#4240=CIRCLE('',#6137,0.0722060455666599);
#4241=CIRCLE('',#6139,0.00816863309822224);
#4242=CIRCLE('',#6140,0.00816863309822224);
#4243=CIRCLE('',#6142,0.0167991552687541);
#4244=CIRCLE('',#6143,0.0167991552687541);
#4245=CIRCLE('',#6145,0.140611020341928);
#4246=CIRCLE('',#6146,0.140611020341928);
#4247=CIRCLE('',#6150,0.0207101811524366);
#4248=CIRCLE('',#6151,0.0207101811524366);
#4249=CIRCLE('',#6153,0.00595222312242968);
#4250=CIRCLE('',#6154,0.00595222312242968);
#4251=CIRCLE('',#6156,0.0163600561819992);
#4252=CIRCLE('',#6157,0.0163600561819992);
#4253=CIRCLE('',#6159,0.0500040204894585);
#4254=CIRCLE('',#6160,0.0500040204894585);
#4255=CIRCLE('',#6162,0.0193772837803714);
#4256=CIRCLE('',#6163,0.0193772837803714);
#4257=CIRCLE('',#6165,0.0191682294217149);
#4258=CIRCLE('',#6166,0.0191682294217149);
#4259=CIRCLE('',#6168,0.0244422148955902);
#4260=CIRCLE('',#6169,0.0244422148955902);
#4261=CIRCLE('',#6172,0.0160339270511766);
#4262=CIRCLE('',#6173,0.0160339270511766);
#4263=CIRCLE('',#6175,0.00443234315433469);
#4264=CIRCLE('',#6176,0.00443234315433469);
#4265=CIRCLE('',#6178,0.00355655588118153);
#4266=CIRCLE('',#6179,0.00355655588118153);
#4267=CIRCLE('',#6181,0.0629170087147184);
#4268=CIRCLE('',#6182,0.0629170087147184);
#4269=CIRCLE('',#6184,0.027889668876411);
#4270=CIRCLE('',#6185,0.027889668876411);
#4271=CIRCLE('',#6187,0.0212013277874111);
#4272=CIRCLE('',#6188,0.0212013277874111);
#4273=CIRCLE('',#6190,0.0294614186558128);
#4274=CIRCLE('',#6191,0.0294614186558128);
#4275=CIRCLE('',#6194,0.0305384345593135);
#4276=CIRCLE('',#6195,0.0305384345593135);
#4277=CIRCLE('',#6198,0.0305384345592974);
#4278=CIRCLE('',#6199,0.0305384345592974);
#4279=CIRCLE('',#6203,0.0314983130217098);
#4280=CIRCLE('',#6204,0.0314983130217098);
#4281=CIRCLE('',#6206,0.1325);
#4282=CIRCLE('',#6207,0.25);
#4283=CIRCLE('',#6209,0.759);
#4284=CIRCLE('',#6210,0.758489999199872);
#4285=CIRCLE('',#6214,0.1325);
#4286=CIRCLE('',#6215,0.25);
#4287=CIRCLE('',#6218,0.0630000000000001);
#4288=CIRCLE('',#6220,2.);
#4289=CIRCLE('',#6222,0.0207749927168448);
#4290=CIRCLE('',#6223,0.0159242311776852);
#4291=CIRCLE('',#6224,0.020635541742376);
#4292=CIRCLE('',#6225,0.0159598262812683);
#4293=CIRCLE('',#6227,0.0159598262812683);
#4294=CIRCLE('',#6228,0.020635541742376);
#4295=CIRCLE('',#6229,0.0159242311776852);
#4296=CIRCLE('',#6230,0.0207749927168448);
#4297=CIRCLE('',#6236,0.0164517326060355);
#4298=CIRCLE('',#6237,0.017897309689205);
#4299=CIRCLE('',#6239,0.0164517326060355);
#4300=CIRCLE('',#6240,0.017897309689205);
#4301=CIRCLE('',#6245,0.0165192852774138);
#4302=CIRCLE('',#6246,0.0187781375972545);
#4303=CIRCLE('',#6248,0.0165192852774138);
#4304=CIRCLE('',#6249,0.0187781375972545);
#4305=CIRCLE('',#6254,0.0202525351915119);
#4306=CIRCLE('',#6255,0.0158496273568213);
#4307=CIRCLE('',#6256,0.0202101207749275);
#4308=CIRCLE('',#6257,0.015638562497984);
#4309=CIRCLE('',#6259,0.015638562497984);
#4310=CIRCLE('',#6260,0.0202101207749275);
#4311=CIRCLE('',#6261,0.0158496273568213);
#4312=CIRCLE('',#6262,0.0202525351915119);
#4313=CIRCLE('',#6272,0.25);
#4314=CIRCLE('',#6274,0.25);
#4315=CIRCLE('',#6281,0.693846584384265);
#4316=CIRCLE('',#6282,2.);
#4317=CIRCLE('',#6284,0.1325);
#4318=CIRCLE('',#6286,0.1325);
#4319=CIRCLE('',#6291,0.2425);
#4320=CIRCLE('',#6292,0.632);
#4321=CIRCLE('',#6294,0.695);
#4322=CIRCLE('',#6297,0.315540491805584);
#4323=CIRCLE('',#6299,0.2425);
#4324=CIRCLE('',#6303,0.106213967783484);
#4325=CIRCLE('',#6305,0.2025);
#4326=CIRCLE('',#6307,0.125);
#4327=CIRCLE('',#6309,0.125);
#4328=CIRCLE('',#6311,0.1875);
#4329=CIRCLE('',#6313,0.1875);
#4330=CIRCLE('',#6317,0.1325);
#4331=CIRCLE('',#6318,0.265);
#4332=CIRCLE('',#6320,0.1325);
#4333=CIRCLE('',#6322,0.265);
#4334=CIRCLE('',#6324,0.265);
#4335=CIRCLE('',#6326,0.515);
#4336=CIRCLE('',#6328,0.515);
#4337=CIRCLE('',#6330,0.615);
#4338=CIRCLE('',#6332,0.615);
#4339=CIRCLE('',#6334,0.685);
#4340=CIRCLE('',#6336,0.685);
#4341=CIRCLE('',#6338,0.785);
#4342=CIRCLE('',#6340,0.785);
#4343=CIRCLE('',#6342,0.685);
#4344=CIRCLE('',#6344,0.685);
#4345=CIRCLE('',#6346,0.615);
#4346=CIRCLE('',#6348,0.615);
#4347=CIRCLE('',#6350,0.515);
#4348=CIRCLE('',#6352,0.515);
#4349=CIRCLE('',#6354,0.265);
#4350=CIRCLE('',#6358,0.893302528661925);
#4351=CIRCLE('',#6359,0.983179186789837);
#4352=CIRCLE('',#6361,0.615);
#4353=CIRCLE('',#6363,0.615);
#4354=CIRCLE('',#6365,0.685);
#4355=CIRCLE('',#6367,0.685);
#4356=CIRCLE('',#6369,0.785);
#4357=CIRCLE('',#6371,0.785);
#4358=CIRCLE('',#6373,0.685);
#4359=CIRCLE('',#6375,0.685);
#4360=CIRCLE('',#6377,0.615);
#4361=CIRCLE('',#6379,0.615);
#4362=CIRCLE('',#6381,0.893302528661925);
#4363=CIRCLE('',#6383,0.983179186789837);
#4364=CIRCLE('',#6385,1.);
#4365=CIRCLE('',#6389,0.10075);
#4366=CIRCLE('',#6393,0.157);
#4367=CIRCLE('',#6399,0.1435);
#4368=CIRCLE('',#6401,0.375);
#4369=CIRCLE('',#6402,0.125);
#4370=CIRCLE('',#6403,0.375);
#4371=CIRCLE('',#6405,0.1435);
#4372=CIRCLE('',#6409,0.1435);
#4373=CIRCLE('',#6410,0.1435);
#4374=CIRCLE('',#6412,0.375);
#4375=CIRCLE('',#6413,0.125);
#4376=CIRCLE('',#6414,0.375);
#4377=CIRCLE('',#6427,0.125);
#4378=CIRCLE('',#6428,0.125);
#4379=CIRCLE('',#6429,0.0240000000000001);
#4380=CIRCLE('',#6430,0.0240000000000002);
#4381=CIRCLE('',#6431,0.0239999999999999);
#4382=CIRCLE('',#6432,0.0240000000000002);
#4383=CIRCLE('',#6434,0.125);
#4384=CIRCLE('',#6435,0.125);
#4385=CIRCLE('',#6436,0.0240000000000002);
#4386=CIRCLE('',#6437,0.0240000000000002);
#4387=CIRCLE('',#6438,0.0240000000000004);
#4388=CIRCLE('',#6439,0.0240000000000002);
#4389=CIRCLE('',#6446,0.125);
#4390=CIRCLE('',#6447,0.125);
#4391=CIRCLE('',#6453,0.125);
#4392=CIRCLE('',#6454,0.125);
#4393=CIRCLE('',#6460,0.157);
#4394=CIRCLE('',#6464,0.10075);
#4395=CIRCLE('',#6477,0.0240000000000002);
#4396=CIRCLE('',#6480,0.0240000000000002);
#4397=CIRCLE('',#6483,0.0240000000000004);
#4398=CIRCLE('',#6486,0.0240000000000002);
#4399=CIRCLE('',#6491,0.0119999999999999);
#4400=CIRCLE('',#6492,0.0119999999999999);
#4401=CIRCLE('',#6493,0.0120000000000001);
#4402=CIRCLE('',#6494,0.0119999999999998);
#4403=CIRCLE('',#6497,0.0119999999999999);
#4404=CIRCLE('',#6499,0.0120000000000001);
#4405=CIRCLE('',#6502,0.0119999999999998);
#4406=CIRCLE('',#6504,0.0119999999999999);
#4407=CIRCLE('',#6526,0.0240000000000001);
#4408=CIRCLE('',#6529,0.0240000000000002);
#4409=CIRCLE('',#6532,0.0239999999999999);
#4410=CIRCLE('',#6537,0.0240000000000002);
#4411=CIRCLE('',#6541,0.0120000000000002);
#4412=CIRCLE('',#6542,0.0119999999999998);
#4413=CIRCLE('',#6543,0.0120000000000001);
#4414=CIRCLE('',#6544,0.0119999999999998);
#4415=CIRCLE('',#6546,0.0120000000000002);
#4416=CIRCLE('',#6548,0.0119999999999998);
#4417=CIRCLE('',#6551,0.0120000000000001);
#4418=CIRCLE('',#6553,0.0119999999999998);
#4419=CIRCLE('',#6558,0.18);
#4420=CIRCLE('',#6559,0.228230897388471);
#4421=CIRCLE('',#6561,0.264567198084398);
#4422=CIRCLE('',#6563,0.62);
#4423=CIRCLE('',#6565,0.62);
#4424=CIRCLE('',#6567,0.309202253186553);
#4425=CIRCLE('',#6569,0.239002538087416);
#4426=CIRCLE('',#6571,0.18);
#4427=EDGE_LOOP('',(#1217));
#4428=EDGE_LOOP('',(#1218));
#4429=EDGE_LOOP('',(#1219));
#4430=EDGE_LOOP('',(#1220));
#4431=EDGE_LOOP('',(#1221));
#4432=EDGE_LOOP('',(#1222));
#4433=EDGE_LOOP('',(#1223));
#4434=EDGE_LOOP('',(#1224));
#4435=EDGE_LOOP('',(#1225));
#4436=EDGE_LOOP('',(#1226));
#4437=EDGE_LOOP('',(#1227));
#4438=EDGE_LOOP('',(#1228));
#4439=EDGE_LOOP('',(#1229));
#4440=EDGE_LOOP('',(#1230));
#4441=EDGE_LOOP('',(#1231));
#4442=EDGE_LOOP('',(#1232));
#4443=EDGE_LOOP('',(#1233));
#4444=EDGE_LOOP('',(#1234));
#4445=EDGE_LOOP('',(#1235));
#4446=EDGE_LOOP('',(#1236));
#4447=EDGE_LOOP('',(#1237));
#4448=EDGE_LOOP('',(#1238));
#4449=EDGE_LOOP('',(#1239));
#4450=EDGE_LOOP('',(#1240));
#4451=EDGE_LOOP('',(#1241));
#4452=EDGE_LOOP('',(#1242));
#4453=EDGE_LOOP('',(#1243));
#4454=EDGE_LOOP('',(#1244));
#4455=EDGE_LOOP('',(#1245,#1246,#1247,#1248,#1249,#1250,#1251,#1252));
#4456=EDGE_LOOP('',(#1253));
#4457=EDGE_LOOP('',(#1254));
#4458=EDGE_LOOP('',(#1255));
#4459=EDGE_LOOP('',(#1256));
#4460=EDGE_LOOP('',(#1257));
#4461=EDGE_LOOP('',(#1258,#1259,#1260,#1261,#1262,#1263));
#4462=EDGE_LOOP('',(#1264));
#4463=EDGE_LOOP('',(#1265,#1266,#1267,#1268));
#4464=EDGE_LOOP('',(#1269,#1270,#1271,#1272));
#4465=EDGE_LOOP('',(#1273,#1274,#1275,#1276));
#4466=EDGE_LOOP('',(#1277,#1278,#1279,#1280));
#4467=EDGE_LOOP('',(#1281,#1282,#1283,#1284));
#4468=EDGE_LOOP('',(#1285,#1286,#1287,#1288));
#4469=EDGE_LOOP('',(#1289,#1290,#1291,#1292));
#4470=EDGE_LOOP('',(#1293,#1294,#1295,#1296));
#4471=EDGE_LOOP('',(#1297));
#4472=EDGE_LOOP('',(#1298,#1299,#1300,#1301,#1302,#1303,#1304,#1305));
#4473=EDGE_LOOP('',(#1306));
#4474=EDGE_LOOP('',(#1307));
#4475=EDGE_LOOP('',(#1308));
#4476=EDGE_LOOP('',(#1309));
#4477=EDGE_LOOP('',(#1310,#1311,#1312,#1313,#1314,#1315));
#4478=EDGE_LOOP('',(#1316));
#4479=EDGE_LOOP('',(#1317,#1318,#1319,#1320));
#4480=EDGE_LOOP('',(#1321,#1322,#1323,#1324));
#4481=EDGE_LOOP('',(#1325,#1326,#1327,#1328));
#4482=EDGE_LOOP('',(#1329,#1330,#1331,#1332));
#4483=EDGE_LOOP('',(#1333,#1334,#1335,#1336));
#4484=EDGE_LOOP('',(#1337,#1338,#1339,#1340));
#4485=EDGE_LOOP('',(#1341));
#4486=EDGE_LOOP('',(#1342));
#4487=EDGE_LOOP('',(#1343));
#4488=EDGE_LOOP('',(#1344));
#4489=EDGE_LOOP('',(#1345,#1346,#1347,#1348));
#4490=EDGE_LOOP('',(#1349,#1350,#1351,#1352,#1353,#1354));
#4491=EDGE_LOOP('',(#1355,#1356,#1357,#1358,#1359,#1360));
#4492=EDGE_LOOP('',(#1361,#1362,#1363,#1364));
#4493=EDGE_LOOP('',(#1365,#1366,#1367,#1368));
#4494=EDGE_LOOP('',(#1369,#1370,#1371,#1372));
#4495=EDGE_LOOP('',(#1373,#1374,#1375,#1376));
#4496=EDGE_LOOP('',(#1377,#1378,#1379,#1380));
#4497=EDGE_LOOP('',(#1381,#1382,#1383,#1384));
#4498=EDGE_LOOP('',(#1385,#1386,#1387,#1388));
#4499=EDGE_LOOP('',(#1389,#1390,#1391,#1392));
#4500=EDGE_LOOP('',(#1393,#1394,#1395,#1396));
#4501=EDGE_LOOP('',(#1397,#1398,#1399,#1400));
#4502=EDGE_LOOP('',(#1401,#1402,#1403,#1404));
#4503=EDGE_LOOP('',(#1405,#1406,#1407,#1408));
#4504=EDGE_LOOP('',(#1409,#1410,#1411,#1412));
#4505=EDGE_LOOP('',(#1413,#1414,#1415,#1416));
#4506=EDGE_LOOP('',(#1417,#1418,#1419,#1420));
#4507=EDGE_LOOP('',(#1421,#1422,#1423,#1424));
#4508=EDGE_LOOP('',(#1425,#1426,#1427,#1428));
#4509=EDGE_LOOP('',(#1429,#1430,#1431,#1432));
#4510=EDGE_LOOP('',(#1433,#1434,#1435,#1436));
#4511=EDGE_LOOP('',(#1437,#1438,#1439,#1440));
#4512=EDGE_LOOP('',(#1441,#1442,#1443,#1444));
#4513=EDGE_LOOP('',(#1445,#1446,#1447,#1448));
#4514=EDGE_LOOP('',(#1449,#1450,#1451,#1452));
#4515=EDGE_LOOP('',(#1453,#1454,#1455,#1456));
#4516=EDGE_LOOP('',(#1457,#1458,#1459,#1460));
#4517=EDGE_LOOP('',(#1461,#1462,#1463,#1464));
#4518=EDGE_LOOP('',(#1465,#1466,#1467,#1468));
#4519=EDGE_LOOP('',(#1469,#1470,#1471,#1472));
#4520=EDGE_LOOP('',(#1473,#1474,#1475,#1476));
#4521=EDGE_LOOP('',(#1477,#1478,#1479,#1480));
#4522=EDGE_LOOP('',(#1481,#1482,#1483,#1484));
#4523=EDGE_LOOP('',(#1485,#1486,#1487,#1488));
#4524=EDGE_LOOP('',(#1489,#1490,#1491,#1492));
#4525=EDGE_LOOP('',(#1493,#1494,#1495,#1496));
#4526=EDGE_LOOP('',(#1497,#1498,#1499,#1500));
#4527=EDGE_LOOP('',(#1501,#1502,#1503,#1504));
#4528=EDGE_LOOP('',(#1505,#1506,#1507,#1508));
#4529=EDGE_LOOP('',(#1509,#1510,#1511,#1512));
#4530=EDGE_LOOP('',(#1513,#1514,#1515,#1516));
#4531=EDGE_LOOP('',(#1517,#1518,#1519,#1520));
#4532=EDGE_LOOP('',(#1521,#1522,#1523,#1524));
#4533=EDGE_LOOP('',(#1525,#1526,#1527,#1528));
#4534=EDGE_LOOP('',(#1529,#1530,#1531,#1532));
#4535=EDGE_LOOP('',(#1533,#1534,#1535,#1536));
#4536=EDGE_LOOP('',(#1537,#1538,#1539,#1540));
#4537=EDGE_LOOP('',(#1541,#1542,#1543,#1544));
#4538=EDGE_LOOP('',(#1545,#1546,#1547,#1548));
#4539=EDGE_LOOP('',(#1549,#1550,#1551,#1552));
#4540=EDGE_LOOP('',(#1553,#1554,#1555,#1556));
#4541=EDGE_LOOP('',(#1557,#1558,#1559,#1560));
#4542=EDGE_LOOP('',(#1561,#1562,#1563,#1564));
#4543=EDGE_LOOP('',(#1565,#1566,#1567,#1568));
#4544=EDGE_LOOP('',(#1569,#1570,#1571,#1572));
#4545=EDGE_LOOP('',(#1573,#1574,#1575,#1576));
#4546=EDGE_LOOP('',(#1577,#1578,#1579,#1580));
#4547=EDGE_LOOP('',(#1581,#1582,#1583,#1584));
#4548=EDGE_LOOP('',(#1585,#1586,#1587,#1588));
#4549=EDGE_LOOP('',(#1589,#1590,#1591,#1592));
#4550=EDGE_LOOP('',(#1593,#1594,#1595,#1596));
#4551=EDGE_LOOP('',(#1597,#1598,#1599,#1600));
#4552=EDGE_LOOP('',(#1601,#1602,#1603,#1604));
#4553=EDGE_LOOP('',(#1605,#1606,#1607,#1608));
#4554=EDGE_LOOP('',(#1609,#1610,#1611,#1612));
#4555=EDGE_LOOP('',(#1613,#1614,#1615,#1616));
#4556=EDGE_LOOP('',(#1617,#1618,#1619,#1620));
#4557=EDGE_LOOP('',(#1621,#1622,#1623,#1624));
#4558=EDGE_LOOP('',(#1625,#1626,#1627,#1628));
#4559=EDGE_LOOP('',(#1629,#1630,#1631,#1632));
#4560=EDGE_LOOP('',(#1633,#1634,#1635,#1636));
#4561=EDGE_LOOP('',(#1637,#1638,#1639,#1640));
#4562=EDGE_LOOP('',(#1641,#1642,#1643,#1644));
#4563=EDGE_LOOP('',(#1645,#1646,#1647,#1648));
#4564=EDGE_LOOP('',(#1649,#1650,#1651,#1652));
#4565=EDGE_LOOP('',(#1653,#1654,#1655,#1656));
#4566=EDGE_LOOP('',(#1657,#1658,#1659,#1660));
#4567=EDGE_LOOP('',(#1661,#1662,#1663,#1664));
#4568=EDGE_LOOP('',(#1665,#1666,#1667,#1668));
#4569=EDGE_LOOP('',(#1669,#1670,#1671,#1672));
#4570=EDGE_LOOP('',(#1673,#1674,#1675,#1676));
#4571=EDGE_LOOP('',(#1677,#1678,#1679,#1680));
#4572=EDGE_LOOP('',(#1681,#1682,#1683,#1684));
#4573=EDGE_LOOP('',(#1685,#1686,#1687,#1688));
#4574=EDGE_LOOP('',(#1689,#1690,#1691,#1692));
#4575=EDGE_LOOP('',(#1693,#1694,#1695,#1696));
#4576=EDGE_LOOP('',(#1697,#1698,#1699,#1700));
#4577=EDGE_LOOP('',(#1701,#1702,#1703,#1704));
#4578=EDGE_LOOP('',(#1705,#1706,#1707,#1708));
#4579=EDGE_LOOP('',(#1709,#1710,#1711,#1712));
#4580=EDGE_LOOP('',(#1713,#1714,#1715,#1716));
#4581=EDGE_LOOP('',(#1717,#1718,#1719,#1720));
#4582=EDGE_LOOP('',(#1721,#1722,#1723,#1724));
#4583=EDGE_LOOP('',(#1725,#1726,#1727,#1728));
#4584=EDGE_LOOP('',(#1729,#1730,#1731,#1732));
#4585=EDGE_LOOP('',(#1733));
#4586=EDGE_LOOP('',(#1734,#1735,#1736,#1737,#1738,#1739));
#4587=EDGE_LOOP('',(#1740,#1741,#1742,#1743,#1744,#1745,#1746,#1747,#1748,
#1749,#1750,#1751,#1752,#1753,#1754,#1755));
#4588=EDGE_LOOP('',(#1756,#1757,#1758,#1759,#1760,#1761,#1762,#1763,#1764,
#1765,#1766,#1767,#1768,#1769,#1770));
#4589=EDGE_LOOP('',(#1771,#1772,#1773,#1774,#1775,#1776,#1777,#1778,#1779));
#4590=EDGE_LOOP('',(#1780,#1781,#1782,#1783,#1784,#1785,#1786,#1787,#1788));
#4591=EDGE_LOOP('',(#1789,#1790,#1791,#1792,#1793,#1794,#1795,#1796,#1797,
#1798,#1799,#1800,#1801,#1802,#1803));
#4592=EDGE_LOOP('',(#1804,#1805,#1806,#1807,#1808,#1809,#1810,#1811,#1812));
#4593=EDGE_LOOP('',(#1813,#1814,#1815,#1816,#1817,#1818,#1819,#1820,#1821,
#1822,#1823));
#4594=EDGE_LOOP('',(#1824,#1825,#1826,#1827,#1828,#1829,#1830,#1831,#1832));
#4595=EDGE_LOOP('',(#1833));
#4596=EDGE_LOOP('',(#1834,#1835,#1836,#1837));
#4597=EDGE_LOOP('',(#1838,#1839,#1840,#1841,#1842,#1843,#1844,#1845));
#4598=EDGE_LOOP('',(#1846));
#4599=EDGE_LOOP('',(#1847,#1848,#1849,#1850,#1851,#1852));
#4600=EDGE_LOOP('',(#1853,#1854,#1855,#1856,#1857));
#4601=EDGE_LOOP('',(#1858,#1859,#1860,#1861,#1862));
#4602=EDGE_LOOP('',(#1863,#1864,#1865,#1866,#1867,#1868));
#4603=EDGE_LOOP('',(#1869,#1870,#1871,#1872));
#4604=EDGE_LOOP('',(#1873,#1874,#1875,#1876,#1877,#1878,#1879,#1880,#1881));
#4605=EDGE_LOOP('',(#1882,#1883,#1884,#1885));
#4606=EDGE_LOOP('',(#1886,#1887,#1888,#1889));
#4607=EDGE_LOOP('',(#1890,#1891,#1892,#1893));
#4608=EDGE_LOOP('',(#1894,#1895,#1896,#1897));
#4609=EDGE_LOOP('',(#1898,#1899,#1900,#1901));
#4610=EDGE_LOOP('',(#1902,#1903,#1904));
#4611=EDGE_LOOP('',(#1905,#1906,#1907,#1908,#1909,#1910,#1911,#1912,#1913));
#4612=EDGE_LOOP('',(#1914,#1915,#1916));
#4613=EDGE_LOOP('',(#1917,#1918,#1919,#1920));
#4614=EDGE_LOOP('',(#1921,#1922,#1923,#1924));
#4615=EDGE_LOOP('',(#1925,#1926,#1927,#1928));
#4616=EDGE_LOOP('',(#1929,#1930,#1931));
#4617=EDGE_LOOP('',(#1932,#1933,#1934,#1935,#1936,#1937,#1938,#1939,#1940));
#4618=EDGE_LOOP('',(#1941,#1942,#1943));
#4619=EDGE_LOOP('',(#1944,#1945,#1946,#1947));
#4620=EDGE_LOOP('',(#1948,#1949,#1950,#1951));
#4621=EDGE_LOOP('',(#1952,#1953,#1954,#1955));
#4622=EDGE_LOOP('',(#1956,#1957,#1958,#1959));
#4623=EDGE_LOOP('',(#1960,#1961,#1962,#1963,#1964,#1965,#1966,#1967,#1968));
#4624=EDGE_LOOP('',(#1969,#1970,#1971,#1972));
#4625=EDGE_LOOP('',(#1973,#1974,#1975,#1976));
#4626=EDGE_LOOP('',(#1977,#1978,#1979,#1980));
#4627=EDGE_LOOP('',(#1981,#1982,#1983,#1984));
#4628=EDGE_LOOP('',(#1985,#1986,#1987,#1988));
#4629=EDGE_LOOP('',(#1989,#1990,#1991,#1992,#1993,#1994,#1995,#1996,#1997,
#1998,#1999,#2000,#2001,#2002,#2003,#2004));
#4630=EDGE_LOOP('',(#2005,#2006,#2007,#2008,#2009,#2010,#2011,#2012,#2013,
#2014,#2015,#2016,#2017,#2018,#2019));
#4631=EDGE_LOOP('',(#2020,#2021,#2022,#2023,#2024,#2025,#2026,#2027,#2028,
#2029,#2030,#2031,#2032,#2033,#2034));
#4632=EDGE_LOOP('',(#2035,#2036,#2037,#2038,#2039,#2040,#2041,#2042,#2043,
#2044,#2045));
#4633=EDGE_LOOP('',(#2046,#2047,#2048,#2049));
#4634=EDGE_LOOP('',(#2050,#2051,#2052,#2053));
#4635=EDGE_LOOP('',(#2054,#2055,#2056,#2057,#2058,#2059));
#4636=EDGE_LOOP('',(#2060,#2061,#2062,#2063,#2064,#2065));
#4637=EDGE_LOOP('',(#2066,#2067,#2068,#2069));
#4638=EDGE_LOOP('',(#2070,#2071,#2072,#2073));
#4639=EDGE_LOOP('',(#2074,#2075,#2076,#2077,#2078,#2079));
#4640=EDGE_LOOP('',(#2080,#2081,#2082,#2083,#2084,#2085));
#4641=EDGE_LOOP('',(#2086));
#4642=EDGE_LOOP('',(#2087,#2088,#2089,#2090,#2091,#2092));
#4643=EDGE_LOOP('',(#2093));
#4644=EDGE_LOOP('',(#2094,#2095,#2096,#2097));
#4645=EDGE_LOOP('',(#2098));
#4646=EDGE_LOOP('',(#2099));
#4647=EDGE_LOOP('',(#2100));
#4648=EDGE_LOOP('',(#2101));
#4649=EDGE_LOOP('',(#2102));
#4650=EDGE_LOOP('',(#2103));
#4651=EDGE_LOOP('',(#2104,#2105,#2106,#2107));
#4652=EDGE_LOOP('',(#2108));
#4653=EDGE_LOOP('',(#2109,#2110,#2111,#2112,#2113,#2114));
#4654=EDGE_LOOP('',(#2115));
#4655=EDGE_LOOP('',(#2116));
#4656=EDGE_LOOP('',(#2117));
#4657=EDGE_LOOP('',(#2118));
#4658=EDGE_LOOP('',(#2119));
#4659=EDGE_LOOP('',(#2120));
#4660=EDGE_LOOP('',(#2121));
#4661=EDGE_LOOP('',(#2122));
#4662=EDGE_LOOP('',(#2123));
#4663=EDGE_LOOP('',(#2124));
#4664=EDGE_LOOP('',(#2125));
#4665=EDGE_LOOP('',(#2126));
#4666=EDGE_LOOP('',(#2127));
#4667=EDGE_LOOP('',(#2128));
#4668=EDGE_LOOP('',(#2129));
#4669=EDGE_LOOP('',(#2130));
#4670=EDGE_LOOP('',(#2131));
#4671=EDGE_LOOP('',(#2132));
#4672=EDGE_LOOP('',(#2133));
#4673=EDGE_LOOP('',(#2134));
#4674=EDGE_LOOP('',(#2135));
#4675=EDGE_LOOP('',(#2136));
#4676=EDGE_LOOP('',(#2137));
#4677=EDGE_LOOP('',(#2138));
#4678=EDGE_LOOP('',(#2139));
#4679=EDGE_LOOP('',(#2140));
#4680=EDGE_LOOP('',(#2141));
#4681=EDGE_LOOP('',(#2142));
#4682=EDGE_LOOP('',(#2143));
#4683=EDGE_LOOP('',(#2144));
#4684=EDGE_LOOP('',(#2145));
#4685=EDGE_LOOP('',(#2146));
#4686=EDGE_LOOP('',(#2147));
#4687=EDGE_LOOP('',(#2148));
#4688=EDGE_LOOP('',(#2149));
#4689=EDGE_LOOP('',(#2150));
#4690=EDGE_LOOP('',(#2151));
#4691=EDGE_LOOP('',(#2152));
#4692=EDGE_LOOP('',(#2153));
#4693=EDGE_LOOP('',(#2154));
#4694=EDGE_LOOP('',(#2155));
#4695=EDGE_LOOP('',(#2156));
#4696=EDGE_LOOP('',(#2157));
#4697=EDGE_LOOP('',(#2158));
#4698=EDGE_LOOP('',(#2159));
#4699=EDGE_LOOP('',(#2160));
#4700=EDGE_LOOP('',(#2161));
#4701=EDGE_LOOP('',(#2162));
#4702=EDGE_LOOP('',(#2163));
#4703=EDGE_LOOP('',(#2164));
#4704=EDGE_LOOP('',(#2165));
#4705=EDGE_LOOP('',(#2166));
#4706=EDGE_LOOP('',(#2167));
#4707=EDGE_LOOP('',(#2168));
#4708=EDGE_LOOP('',(#2169));
#4709=EDGE_LOOP('',(#2170));
#4710=EDGE_LOOP('',(#2171));
#4711=EDGE_LOOP('',(#2172));
#4712=EDGE_LOOP('',(#2173));
#4713=EDGE_LOOP('',(#2174));
#4714=EDGE_LOOP('',(#2175));
#4715=EDGE_LOOP('',(#2176));
#4716=EDGE_LOOP('',(#2177));
#4717=EDGE_LOOP('',(#2178));
#4718=EDGE_LOOP('',(#2179));
#4719=EDGE_LOOP('',(#2180));
#4720=EDGE_LOOP('',(#2181));
#4721=EDGE_LOOP('',(#2182));
#4722=EDGE_LOOP('',(#2183));
#4723=EDGE_LOOP('',(#2184));
#4724=EDGE_LOOP('',(#2185));
#4725=EDGE_LOOP('',(#2186));
#4726=EDGE_LOOP('',(#2187));
#4727=EDGE_LOOP('',(#2188));
#4728=EDGE_LOOP('',(#2189));
#4729=EDGE_LOOP('',(#2190));
#4730=EDGE_LOOP('',(#2191));
#4731=EDGE_LOOP('',(#2192));
#4732=EDGE_LOOP('',(#2193));
#4733=EDGE_LOOP('',(#2194));
#4734=EDGE_LOOP('',(#2195));
#4735=EDGE_LOOP('',(#2196));
#4736=EDGE_LOOP('',(#2197));
#4737=EDGE_LOOP('',(#2198));
#4738=EDGE_LOOP('',(#2199));
#4739=EDGE_LOOP('',(#2200));
#4740=EDGE_LOOP('',(#2201));
#4741=EDGE_LOOP('',(#2202));
#4742=EDGE_LOOP('',(#2203,#2204,#2205,#2206));
#4743=EDGE_LOOP('',(#2207,#2208,#2209,#2210));
#4744=EDGE_LOOP('',(#2211,#2212,#2213,#2214));
#4745=EDGE_LOOP('',(#2215,#2216,#2217,#2218));
#4746=EDGE_LOOP('',(#2219,#2220,#2221,#2222,#2223,#2224,#2225,#2226,#2227,
#2228,#2229,#2230));
#4747=EDGE_LOOP('',(#2231,#2232,#2233,#2234,#2235,#2236,#2237,#2238,#2239,
#2240,#2241,#2242,#2243,#2244,#2245,#2246,#2247,#2248,#2249,#2250,#2251,
#2252));
#4748=EDGE_LOOP('',(#2253,#2254,#2255,#2256,#2257,#2258,#2259,#2260,#2261,
#2262,#2263,#2264));
#4749=EDGE_LOOP('',(#2265,#2266,#2267,#2268,#2269,#2270,#2271,#2272,#2273,
#2274,#2275,#2276,#2277,#2278,#2279,#2280,#2281,#2282,#2283,#2284,#2285,
#2286));
#4750=EDGE_LOOP('',(#2287,#2288,#2289,#2290,#2291,#2292));
#4751=EDGE_LOOP('',(#2293,#2294,#2295,#2296,#2297,#2298));
#4752=EDGE_LOOP('',(#2299,#2300,#2301,#2302));
#4753=EDGE_LOOP('',(#2303,#2304,#2305,#2306));
#4754=EDGE_LOOP('',(#2307,#2308,#2309,#2310));
#4755=EDGE_LOOP('',(#2311,#2312,#2313,#2314,#2315,#2316));
#4756=EDGE_LOOP('',(#2317,#2318,#2319,#2320));
#4757=EDGE_LOOP('',(#2321,#2322,#2323,#2324,#2325));
#4758=EDGE_LOOP('',(#2326,#2327,#2328,#2329));
#4759=EDGE_LOOP('',(#2330,#2331,#2332,#2333,#2334,#2335));
#4760=EDGE_LOOP('',(#2336,#2337,#2338,#2339,#2340,#2341,#2342,#2343));
#4761=EDGE_LOOP('',(#2344,#2345,#2346,#2347,#2348,#2349,#2350,#2351,#2352,
#2353));
#4762=EDGE_LOOP('',(#2354,#2355,#2356,#2357,#2358,#2359,#2360,#2361,#2362,
#2363));
#4763=EDGE_LOOP('',(#2364,#2365,#2366,#2367,#2368,#2369));
#4764=EDGE_LOOP('',(#2370,#2371,#2372,#2373,#2374,#2375,#2376,#2377));
#4765=EDGE_LOOP('',(#2378,#2379,#2380,#2381,#2382,#2383,#2384,#2385,#2386,
#2387));
#4766=EDGE_LOOP('',(#2388,#2389,#2390,#2391,#2392,#2393));
#4767=EDGE_LOOP('',(#2394,#2395,#2396,#2397));
#4768=EDGE_LOOP('',(#2398,#2399,#2400,#2401));
#4769=EDGE_LOOP('',(#2402,#2403,#2404,#2405));
#4770=EDGE_LOOP('',(#2406,#2407,#2408,#2409,#2410,#2411));
#4771=EDGE_LOOP('',(#2412,#2413,#2414,#2415,#2416,#2417,#2418));
#4772=EDGE_LOOP('',(#2419,#2420,#2421,#2422,#2423,#2424));
#4773=EDGE_LOOP('',(#2425,#2426,#2427,#2428));
#4774=EDGE_LOOP('',(#2429,#2430,#2431,#2432));
#4775=EDGE_LOOP('',(#2433,#2434,#2435,#2436));
#4776=EDGE_LOOP('',(#2437,#2438,#2439,#2440,#2441,#2442));
#4777=EDGE_LOOP('',(#2443,#2444,#2445,#2446));
#4778=EDGE_LOOP('',(#2447,#2448,#2449,#2450));
#4779=EDGE_LOOP('',(#2451,#2452,#2453,#2454));
#4780=EDGE_LOOP('',(#2455,#2456));
#4781=EDGE_LOOP('',(#2457,#2458,#2459,#2460,#2461,#2462));
#4782=EDGE_LOOP('',(#2463,#2464));
#4783=EDGE_LOOP('',(#2465,#2466));
#4784=EDGE_LOOP('',(#2467,#2468));
#4785=EDGE_LOOP('',(#2469,#2470,#2471,#2472,#2473,#2474));
#4786=EDGE_LOOP('',(#2475,#2476,#2477,#2478));
#4787=EDGE_LOOP('',(#2479,#2480,#2481,#2482));
#4788=EDGE_LOOP('',(#2483,#2484,#2485,#2486));
#4789=EDGE_LOOP('',(#2487,#2488,#2489,#2490));
#4790=EDGE_LOOP('',(#2491,#2492,#2493,#2494));
#4791=EDGE_LOOP('',(#2495,#2496,#2497,#2498));
#4792=EDGE_LOOP('',(#2499,#2500,#2501,#2502));
#4793=EDGE_LOOP('',(#2503,#2504,#2505,#2506));
#4794=EDGE_LOOP('',(#2507,#2508,#2509,#2510));
#4795=EDGE_LOOP('',(#2511,#2512,#2513,#2514));
#4796=EDGE_LOOP('',(#2515,#2516,#2517,#2518));
#4797=EDGE_LOOP('',(#2519,#2520,#2521,#2522));
#4798=EDGE_LOOP('',(#2523,#2524,#2525,#2526));
#4799=EDGE_LOOP('',(#2527,#2528,#2529,#2530));
#4800=EDGE_LOOP('',(#2531,#2532,#2533,#2534));
#4801=EDGE_LOOP('',(#2535,#2536,#2537,#2538));
#4802=EDGE_LOOP('',(#2539,#2540,#2541,#2542));
#4803=EDGE_LOOP('',(#2543,#2544,#2545,#2546));
#4804=EDGE_LOOP('',(#2547,#2548,#2549,#2550));
#4805=EDGE_LOOP('',(#2551,#2552,#2553,#2554));
#4806=EDGE_LOOP('',(#2555,#2556,#2557,#2558,#2559,#2560,#2561,#2562,#2563,
#2564));
#4807=EDGE_LOOP('',(#2565,#2566,#2567,#2568,#2569,#2570));
#4808=EDGE_LOOP('',(#2571,#2572,#2573,#2574));
#4809=EDGE_LOOP('',(#2575,#2576,#2577,#2578));
#4810=EDGE_LOOP('',(#2579,#2580,#2581,#2582));
#4811=EDGE_LOOP('',(#2583,#2584,#2585,#2586));
#4812=EDGE_LOOP('',(#2587,#2588,#2589,#2590));
#4813=EDGE_LOOP('',(#2591,#2592,#2593,#2594));
#4814=EDGE_LOOP('',(#2595,#2596,#2597,#2598,#2599,#2600));
#4815=EDGE_LOOP('',(#2601,#2602,#2603,#2604,#2605,#2606,#2607,#2608));
#4816=EDGE_LOOP('',(#2609,#2610,#2611,#2612));
#4817=EDGE_LOOP('',(#2613,#2614,#2615,#2616));
#4818=EDGE_LOOP('',(#2617,#2618,#2619,#2620));
#4819=EDGE_LOOP('',(#2621,#2622,#2623,#2624));
#4820=EDGE_LOOP('',(#2625,#2626,#2627,#2628));
#4821=EDGE_LOOP('',(#2629,#2630,#2631,#2632));
#4822=EDGE_LOOP('',(#2633,#2634,#2635,#2636));
#4823=EDGE_LOOP('',(#2637,#2638,#2639,#2640));
#4824=EDGE_LOOP('',(#2641,#2642,#2643,#2644));
#4825=EDGE_LOOP('',(#2645,#2646,#2647,#2648));
#4826=EDGE_LOOP('',(#2649,#2650,#2651,#2652));
#4827=EDGE_LOOP('',(#2653,#2654,#2655,#2656));
#4828=EDGE_LOOP('',(#2657,#2658,#2659,#2660));
#4829=EDGE_LOOP('',(#2661,#2662,#2663,#2664));
#4830=EDGE_LOOP('',(#2665,#2666,#2667,#2668));
#4831=EDGE_LOOP('',(#2669,#2670,#2671,#2672));
#4832=EDGE_LOOP('',(#2673,#2674,#2675,#2676));
#4833=EDGE_LOOP('',(#2677,#2678,#2679,#2680));
#4834=EDGE_LOOP('',(#2681,#2682,#2683,#2684));
#4835=EDGE_LOOP('',(#2685,#2686,#2687,#2688));
#4836=EDGE_LOOP('',(#2689,#2690,#2691,#2692));
#4837=EDGE_LOOP('',(#2693,#2694,#2695,#2696));
#4838=EDGE_LOOP('',(#2697,#2698,#2699,#2700));
#4839=EDGE_LOOP('',(#2701,#2702,#2703,#2704));
#4840=EDGE_LOOP('',(#2705,#2706,#2707,#2708));
#4841=EDGE_LOOP('',(#2709,#2710,#2711,#2712));
#4842=EDGE_LOOP('',(#2713,#2714,#2715,#2716));
#4843=EDGE_LOOP('',(#2717,#2718,#2719,#2720));
#4844=EDGE_LOOP('',(#2721,#2722,#2723,#2724,#2725,#2726,#2727,#2728,#2729,
#2730));
#4845=EDGE_LOOP('',(#2731,#2732,#2733,#2734,#2735,#2736,#2737,#2738,#2739,
#2740));
#4846=EDGE_LOOP('',(#2741,#2742,#2743,#2744,#2745,#2746));
#4847=EDGE_LOOP('',(#2747,#2748,#2749,#2750));
#4848=EDGE_LOOP('',(#2751,#2752,#2753,#2754));
#4849=EDGE_LOOP('',(#2755,#2756,#2757,#2758));
#4850=EDGE_LOOP('',(#2759,#2760,#2761,#2762));
#4851=EDGE_LOOP('',(#2763,#2764,#2765,#2766));
#4852=EDGE_LOOP('',(#2767,#2768,#2769,#2770));
#4853=EDGE_LOOP('',(#2771,#2772,#2773,#2774,#2775,#2776));
#4854=EDGE_LOOP('',(#2777,#2778,#2779,#2780,#2781,#2782,#2783,#2784));
#4855=EDGE_LOOP('',(#2785));
#4856=EDGE_LOOP('',(#2786));
#4857=EDGE_LOOP('',(#2787));
#4858=EDGE_LOOP('',(#2788));
#4859=EDGE_LOOP('',(#2789));
#4860=EDGE_LOOP('',(#2790));
#4861=EDGE_LOOP('',(#2791));
#4862=EDGE_LOOP('',(#2792));
#4863=EDGE_LOOP('',(#2793));
#4864=EDGE_LOOP('',(#2794));
#4865=EDGE_LOOP('',(#2795));
#4866=EDGE_LOOP('',(#2796));
#4867=EDGE_LOOP('',(#2797));
#4868=EDGE_LOOP('',(#2798));
#4869=EDGE_LOOP('',(#2799));
#4870=EDGE_LOOP('',(#2800));
#4871=FACE_BOUND('',#4427,.T.);
#4872=FACE_BOUND('',#4428,.T.);
#4873=FACE_BOUND('',#4429,.T.);
#4874=FACE_BOUND('',#4430,.T.);
#4875=FACE_BOUND('',#4431,.T.);
#4876=FACE_BOUND('',#4432,.T.);
#4877=FACE_BOUND('',#4433,.T.);
#4878=FACE_BOUND('',#4434,.T.);
#4879=FACE_BOUND('',#4435,.T.);
#4880=FACE_BOUND('',#4436,.T.);
#4881=FACE_BOUND('',#4437,.T.);
#4882=FACE_BOUND('',#4438,.T.);
#4883=FACE_BOUND('',#4439,.T.);
#4884=FACE_BOUND('',#4440,.T.);
#4885=FACE_BOUND('',#4441,.T.);
#4886=FACE_BOUND('',#4442,.T.);
#4887=FACE_BOUND('',#4443,.T.);
#4888=FACE_BOUND('',#4444,.T.);
#4889=FACE_BOUND('',#4445,.T.);
#4890=FACE_BOUND('',#4446,.T.);
#4891=FACE_BOUND('',#4447,.T.);
#4892=FACE_BOUND('',#4448,.T.);
#4893=FACE_BOUND('',#4449,.T.);
#4894=FACE_BOUND('',#4450,.T.);
#4895=FACE_BOUND('',#4451,.T.);
#4896=FACE_BOUND('',#4452,.T.);
#4897=FACE_BOUND('',#4453,.T.);
#4898=FACE_BOUND('',#4454,.T.);
#4899=FACE_BOUND('',#4455,.T.);
#4900=FACE_BOUND('',#4456,.T.);
#4901=FACE_BOUND('',#4457,.T.);
#4902=FACE_BOUND('',#4458,.T.);
#4903=FACE_BOUND('',#4459,.T.);
#4904=FACE_BOUND('',#4460,.T.);
#4905=FACE_BOUND('',#4461,.T.);
#4906=FACE_BOUND('',#4462,.T.);
#4907=FACE_BOUND('',#4463,.T.);
#4908=FACE_BOUND('',#4464,.T.);
#4909=FACE_BOUND('',#4465,.T.);
#4910=FACE_BOUND('',#4466,.T.);
#4911=FACE_BOUND('',#4467,.T.);
#4912=FACE_BOUND('',#4468,.T.);
#4913=FACE_BOUND('',#4469,.T.);
#4914=FACE_BOUND('',#4470,.T.);
#4915=FACE_BOUND('',#4471,.T.);
#4916=FACE_BOUND('',#4472,.T.);
#4917=FACE_BOUND('',#4473,.T.);
#4918=FACE_BOUND('',#4474,.T.);
#4919=FACE_BOUND('',#4475,.T.);
#4920=FACE_BOUND('',#4476,.T.);
#4921=FACE_BOUND('',#4477,.T.);
#4922=FACE_BOUND('',#4478,.T.);
#4923=FACE_BOUND('',#4479,.T.);
#4924=FACE_BOUND('',#4480,.T.);
#4925=FACE_BOUND('',#4481,.T.);
#4926=FACE_BOUND('',#4482,.T.);
#4927=FACE_BOUND('',#4483,.T.);
#4928=FACE_BOUND('',#4484,.T.);
#4929=FACE_BOUND('',#4485,.T.);
#4930=FACE_BOUND('',#4486,.T.);
#4931=FACE_BOUND('',#4487,.T.);
#4932=FACE_BOUND('',#4488,.T.);
#4933=FACE_BOUND('',#4489,.T.);
#4934=FACE_BOUND('',#4490,.T.);
#4935=FACE_BOUND('',#4491,.T.);
#4936=FACE_BOUND('',#4492,.T.);
#4937=FACE_BOUND('',#4493,.T.);
#4938=FACE_BOUND('',#4494,.T.);
#4939=FACE_BOUND('',#4495,.T.);
#4940=FACE_BOUND('',#4496,.T.);
#4941=FACE_BOUND('',#4497,.T.);
#4942=FACE_BOUND('',#4498,.T.);
#4943=FACE_BOUND('',#4499,.T.);
#4944=FACE_BOUND('',#4500,.T.);
#4945=FACE_BOUND('',#4501,.T.);
#4946=FACE_BOUND('',#4502,.T.);
#4947=FACE_BOUND('',#4503,.T.);
#4948=FACE_BOUND('',#4504,.T.);
#4949=FACE_BOUND('',#4505,.T.);
#4950=FACE_BOUND('',#4506,.T.);
#4951=FACE_BOUND('',#4507,.T.);
#4952=FACE_BOUND('',#4508,.T.);
#4953=FACE_BOUND('',#4509,.T.);
#4954=FACE_BOUND('',#4510,.T.);
#4955=FACE_BOUND('',#4511,.T.);
#4956=FACE_BOUND('',#4512,.T.);
#4957=FACE_BOUND('',#4513,.T.);
#4958=FACE_BOUND('',#4514,.T.);
#4959=FACE_BOUND('',#4515,.T.);
#4960=FACE_BOUND('',#4516,.T.);
#4961=FACE_BOUND('',#4517,.T.);
#4962=FACE_BOUND('',#4518,.T.);
#4963=FACE_BOUND('',#4519,.T.);
#4964=FACE_BOUND('',#4520,.T.);
#4965=FACE_BOUND('',#4521,.T.);
#4966=FACE_BOUND('',#4522,.T.);
#4967=FACE_BOUND('',#4523,.T.);
#4968=FACE_BOUND('',#4524,.T.);
#4969=FACE_BOUND('',#4525,.T.);
#4970=FACE_BOUND('',#4526,.T.);
#4971=FACE_BOUND('',#4527,.T.);
#4972=FACE_BOUND('',#4528,.T.);
#4973=FACE_BOUND('',#4529,.T.);
#4974=FACE_BOUND('',#4530,.T.);
#4975=FACE_BOUND('',#4531,.T.);
#4976=FACE_BOUND('',#4532,.T.);
#4977=FACE_BOUND('',#4533,.T.);
#4978=FACE_BOUND('',#4534,.T.);
#4979=FACE_BOUND('',#4535,.T.);
#4980=FACE_BOUND('',#4536,.T.);
#4981=FACE_BOUND('',#4537,.T.);
#4982=FACE_BOUND('',#4538,.T.);
#4983=FACE_BOUND('',#4539,.T.);
#4984=FACE_BOUND('',#4540,.T.);
#4985=FACE_BOUND('',#4541,.T.);
#4986=FACE_BOUND('',#4542,.T.);
#4987=FACE_BOUND('',#4543,.T.);
#4988=FACE_BOUND('',#4544,.T.);
#4989=FACE_BOUND('',#4545,.T.);
#4990=FACE_BOUND('',#4546,.T.);
#4991=FACE_BOUND('',#4547,.T.);
#4992=FACE_BOUND('',#4548,.T.);
#4993=FACE_BOUND('',#4549,.T.);
#4994=FACE_BOUND('',#4550,.T.);
#4995=FACE_BOUND('',#4551,.T.);
#4996=FACE_BOUND('',#4552,.T.);
#4997=FACE_BOUND('',#4553,.T.);
#4998=FACE_BOUND('',#4554,.T.);
#4999=FACE_BOUND('',#4555,.T.);
#5000=FACE_BOUND('',#4556,.T.);
#5001=FACE_BOUND('',#4557,.T.);
#5002=FACE_BOUND('',#4558,.T.);
#5003=FACE_BOUND('',#4559,.T.);
#5004=FACE_BOUND('',#4560,.T.);
#5005=FACE_BOUND('',#4561,.T.);
#5006=FACE_BOUND('',#4562,.T.);
#5007=FACE_BOUND('',#4563,.T.);
#5008=FACE_BOUND('',#4564,.T.);
#5009=FACE_BOUND('',#4565,.T.);
#5010=FACE_BOUND('',#4566,.T.);
#5011=FACE_BOUND('',#4567,.T.);
#5012=FACE_BOUND('',#4568,.T.);
#5013=FACE_BOUND('',#4569,.T.);
#5014=FACE_BOUND('',#4570,.T.);
#5015=FACE_BOUND('',#4571,.T.);
#5016=FACE_BOUND('',#4572,.T.);
#5017=FACE_BOUND('',#4573,.T.);
#5018=FACE_BOUND('',#4574,.T.);
#5019=FACE_BOUND('',#4575,.T.);
#5020=FACE_BOUND('',#4576,.T.);
#5021=FACE_BOUND('',#4577,.T.);
#5022=FACE_BOUND('',#4578,.T.);
#5023=FACE_BOUND('',#4579,.T.);
#5024=FACE_BOUND('',#4580,.T.);
#5025=FACE_BOUND('',#4581,.T.);
#5026=FACE_BOUND('',#4582,.T.);
#5027=FACE_BOUND('',#4583,.T.);
#5028=FACE_BOUND('',#4584,.T.);
#5029=FACE_BOUND('',#4585,.T.);
#5030=FACE_BOUND('',#4586,.T.);
#5031=FACE_BOUND('',#4587,.T.);
#5032=FACE_BOUND('',#4588,.T.);
#5033=FACE_BOUND('',#4589,.T.);
#5034=FACE_BOUND('',#4590,.T.);
#5035=FACE_BOUND('',#4591,.T.);
#5036=FACE_BOUND('',#4592,.T.);
#5037=FACE_BOUND('',#4593,.T.);
#5038=FACE_BOUND('',#4594,.T.);
#5039=FACE_BOUND('',#4595,.T.);
#5040=FACE_BOUND('',#4596,.T.);
#5041=FACE_BOUND('',#4597,.T.);
#5042=FACE_BOUND('',#4598,.T.);
#5043=FACE_BOUND('',#4599,.T.);
#5044=FACE_BOUND('',#4600,.T.);
#5045=FACE_BOUND('',#4601,.T.);
#5046=FACE_BOUND('',#4602,.T.);
#5047=FACE_BOUND('',#4603,.T.);
#5048=FACE_BOUND('',#4604,.T.);
#5049=FACE_BOUND('',#4605,.T.);
#5050=FACE_BOUND('',#4606,.T.);
#5051=FACE_BOUND('',#4607,.T.);
#5052=FACE_BOUND('',#4608,.T.);
#5053=FACE_BOUND('',#4609,.T.);
#5054=FACE_BOUND('',#4610,.T.);
#5055=FACE_BOUND('',#4611,.T.);
#5056=FACE_BOUND('',#4612,.T.);
#5057=FACE_BOUND('',#4613,.T.);
#5058=FACE_BOUND('',#4614,.T.);
#5059=FACE_BOUND('',#4615,.T.);
#5060=FACE_BOUND('',#4616,.T.);
#5061=FACE_BOUND('',#4617,.T.);
#5062=FACE_BOUND('',#4618,.T.);
#5063=FACE_BOUND('',#4619,.T.);
#5064=FACE_BOUND('',#4620,.T.);
#5065=FACE_BOUND('',#4621,.T.);
#5066=FACE_BOUND('',#4622,.T.);
#5067=FACE_BOUND('',#4623,.T.);
#5068=FACE_BOUND('',#4624,.T.);
#5069=FACE_BOUND('',#4625,.T.);
#5070=FACE_BOUND('',#4626,.T.);
#5071=FACE_BOUND('',#4627,.T.);
#5072=FACE_BOUND('',#4628,.T.);
#5073=FACE_BOUND('',#4629,.T.);
#5074=FACE_BOUND('',#4630,.T.);
#5075=FACE_BOUND('',#4631,.T.);
#5076=FACE_BOUND('',#4632,.T.);
#5077=FACE_BOUND('',#4633,.T.);
#5078=FACE_BOUND('',#4634,.T.);
#5079=FACE_BOUND('',#4635,.T.);
#5080=FACE_BOUND('',#4636,.T.);
#5081=FACE_BOUND('',#4637,.T.);
#5082=FACE_BOUND('',#4638,.T.);
#5083=FACE_BOUND('',#4639,.T.);
#5084=FACE_BOUND('',#4640,.T.);
#5085=FACE_BOUND('',#4641,.T.);
#5086=FACE_BOUND('',#4642,.T.);
#5087=FACE_BOUND('',#4643,.T.);
#5088=FACE_BOUND('',#4644,.T.);
#5089=FACE_BOUND('',#4645,.T.);
#5090=FACE_BOUND('',#4646,.T.);
#5091=FACE_BOUND('',#4647,.T.);
#5092=FACE_BOUND('',#4648,.T.);
#5093=FACE_BOUND('',#4649,.T.);
#5094=FACE_BOUND('',#4650,.T.);
#5095=FACE_BOUND('',#4651,.T.);
#5096=FACE_BOUND('',#4652,.T.);
#5097=FACE_BOUND('',#4653,.T.);
#5098=FACE_BOUND('',#4654,.T.);
#5099=FACE_BOUND('',#4655,.T.);
#5100=FACE_BOUND('',#4656,.T.);
#5101=FACE_BOUND('',#4657,.T.);
#5102=FACE_BOUND('',#4658,.T.);
#5103=FACE_BOUND('',#4659,.T.);
#5104=FACE_BOUND('',#4660,.T.);
#5105=FACE_BOUND('',#4661,.T.);
#5106=FACE_BOUND('',#4662,.T.);
#5107=FACE_BOUND('',#4663,.T.);
#5108=FACE_BOUND('',#4664,.T.);
#5109=FACE_BOUND('',#4665,.T.);
#5110=FACE_BOUND('',#4666,.T.);
#5111=FACE_BOUND('',#4667,.T.);
#5112=FACE_BOUND('',#4668,.T.);
#5113=FACE_BOUND('',#4669,.T.);
#5114=FACE_BOUND('',#4670,.T.);
#5115=FACE_BOUND('',#4671,.T.);
#5116=FACE_BOUND('',#4672,.T.);
#5117=FACE_BOUND('',#4673,.T.);
#5118=FACE_BOUND('',#4674,.T.);
#5119=FACE_BOUND('',#4675,.T.);
#5120=FACE_BOUND('',#4676,.T.);
#5121=FACE_BOUND('',#4677,.T.);
#5122=FACE_BOUND('',#4678,.T.);
#5123=FACE_BOUND('',#4679,.T.);
#5124=FACE_BOUND('',#4680,.T.);
#5125=FACE_BOUND('',#4681,.T.);
#5126=FACE_BOUND('',#4682,.T.);
#5127=FACE_BOUND('',#4683,.T.);
#5128=FACE_BOUND('',#4684,.T.);
#5129=FACE_BOUND('',#4685,.T.);
#5130=FACE_BOUND('',#4686,.T.);
#5131=FACE_BOUND('',#4687,.T.);
#5132=FACE_BOUND('',#4688,.T.);
#5133=FACE_BOUND('',#4689,.T.);
#5134=FACE_BOUND('',#4690,.T.);
#5135=FACE_BOUND('',#4691,.T.);
#5136=FACE_BOUND('',#4692,.T.);
#5137=FACE_BOUND('',#4693,.T.);
#5138=FACE_BOUND('',#4694,.T.);
#5139=FACE_BOUND('',#4695,.T.);
#5140=FACE_BOUND('',#4696,.T.);
#5141=FACE_BOUND('',#4697,.T.);
#5142=FACE_BOUND('',#4698,.T.);
#5143=FACE_BOUND('',#4699,.T.);
#5144=FACE_BOUND('',#4700,.T.);
#5145=FACE_BOUND('',#4701,.T.);
#5146=FACE_BOUND('',#4702,.T.);
#5147=FACE_BOUND('',#4703,.T.);
#5148=FACE_BOUND('',#4704,.T.);
#5149=FACE_BOUND('',#4705,.T.);
#5150=FACE_BOUND('',#4706,.T.);
#5151=FACE_BOUND('',#4707,.T.);
#5152=FACE_BOUND('',#4708,.T.);
#5153=FACE_BOUND('',#4709,.T.);
#5154=FACE_BOUND('',#4710,.T.);
#5155=FACE_BOUND('',#4711,.T.);
#5156=FACE_BOUND('',#4712,.T.);
#5157=FACE_BOUND('',#4713,.T.);
#5158=FACE_BOUND('',#4714,.T.);
#5159=FACE_BOUND('',#4715,.T.);
#5160=FACE_BOUND('',#4716,.T.);
#5161=FACE_BOUND('',#4717,.T.);
#5162=FACE_BOUND('',#4718,.T.);
#5163=FACE_BOUND('',#4719,.T.);
#5164=FACE_BOUND('',#4720,.T.);
#5165=FACE_BOUND('',#4721,.T.);
#5166=FACE_BOUND('',#4722,.T.);
#5167=FACE_BOUND('',#4723,.T.);
#5168=FACE_BOUND('',#4724,.T.);
#5169=FACE_BOUND('',#4725,.T.);
#5170=FACE_BOUND('',#4726,.T.);
#5171=FACE_BOUND('',#4727,.T.);
#5172=FACE_BOUND('',#4728,.T.);
#5173=FACE_BOUND('',#4729,.T.);
#5174=FACE_BOUND('',#4730,.T.);
#5175=FACE_BOUND('',#4731,.T.);
#5176=FACE_BOUND('',#4732,.T.);
#5177=FACE_BOUND('',#4733,.T.);
#5178=FACE_BOUND('',#4734,.T.);
#5179=FACE_BOUND('',#4735,.T.);
#5180=FACE_BOUND('',#4736,.T.);
#5181=FACE_BOUND('',#4737,.T.);
#5182=FACE_BOUND('',#4738,.T.);
#5183=FACE_BOUND('',#4739,.T.);
#5184=FACE_BOUND('',#4740,.T.);
#5185=FACE_BOUND('',#4741,.T.);
#5186=FACE_BOUND('',#4742,.T.);
#5187=FACE_BOUND('',#4743,.T.);
#5188=FACE_BOUND('',#4744,.T.);
#5189=FACE_BOUND('',#4745,.T.);
#5190=FACE_BOUND('',#4746,.T.);
#5191=FACE_BOUND('',#4747,.T.);
#5192=FACE_BOUND('',#4748,.T.);
#5193=FACE_BOUND('',#4749,.T.);
#5194=FACE_BOUND('',#4750,.T.);
#5195=FACE_BOUND('',#4751,.T.);
#5196=FACE_BOUND('',#4752,.T.);
#5197=FACE_BOUND('',#4753,.T.);
#5198=FACE_BOUND('',#4754,.T.);
#5199=FACE_BOUND('',#4755,.T.);
#5200=FACE_BOUND('',#4756,.T.);
#5201=FACE_BOUND('',#4757,.T.);
#5202=FACE_BOUND('',#4758,.T.);
#5203=FACE_BOUND('',#4759,.T.);
#5204=FACE_BOUND('',#4760,.T.);
#5205=FACE_BOUND('',#4761,.T.);
#5206=FACE_BOUND('',#4762,.T.);
#5207=FACE_BOUND('',#4763,.T.);
#5208=FACE_BOUND('',#4764,.T.);
#5209=FACE_BOUND('',#4765,.T.);
#5210=FACE_BOUND('',#4766,.T.);
#5211=FACE_BOUND('',#4767,.T.);
#5212=FACE_BOUND('',#4768,.T.);
#5213=FACE_BOUND('',#4769,.T.);
#5214=FACE_BOUND('',#4770,.T.);
#5215=FACE_BOUND('',#4771,.T.);
#5216=FACE_BOUND('',#4772,.T.);
#5217=FACE_BOUND('',#4773,.T.);
#5218=FACE_BOUND('',#4774,.T.);
#5219=FACE_BOUND('',#4775,.T.);
#5220=FACE_BOUND('',#4776,.T.);
#5221=FACE_BOUND('',#4777,.T.);
#5222=FACE_BOUND('',#4778,.T.);
#5223=FACE_BOUND('',#4779,.T.);
#5224=FACE_BOUND('',#4780,.T.);
#5225=FACE_BOUND('',#4781,.T.);
#5226=FACE_BOUND('',#4782,.T.);
#5227=FACE_BOUND('',#4783,.T.);
#5228=FACE_BOUND('',#4784,.T.);
#5229=FACE_BOUND('',#4785,.T.);
#5230=FACE_BOUND('',#4786,.T.);
#5231=FACE_BOUND('',#4787,.T.);
#5232=FACE_BOUND('',#4788,.T.);
#5233=FACE_BOUND('',#4789,.T.);
#5234=FACE_BOUND('',#4790,.T.);
#5235=FACE_BOUND('',#4791,.T.);
#5236=FACE_BOUND('',#4792,.T.);
#5237=FACE_BOUND('',#4793,.T.);
#5238=FACE_BOUND('',#4794,.T.);
#5239=FACE_BOUND('',#4795,.T.);
#5240=FACE_BOUND('',#4796,.T.);
#5241=FACE_BOUND('',#4797,.T.);
#5242=FACE_BOUND('',#4798,.T.);
#5243=FACE_BOUND('',#4799,.T.);
#5244=FACE_BOUND('',#4800,.T.);
#5245=FACE_BOUND('',#4801,.T.);
#5246=FACE_BOUND('',#4802,.T.);
#5247=FACE_BOUND('',#4803,.T.);
#5248=FACE_BOUND('',#4804,.T.);
#5249=FACE_BOUND('',#4805,.T.);
#5250=FACE_BOUND('',#4806,.T.);
#5251=FACE_BOUND('',#4807,.T.);
#5252=FACE_BOUND('',#4808,.T.);
#5253=FACE_BOUND('',#4809,.T.);
#5254=FACE_BOUND('',#4810,.T.);
#5255=FACE_BOUND('',#4811,.T.);
#5256=FACE_BOUND('',#4812,.T.);
#5257=FACE_BOUND('',#4813,.T.);
#5258=FACE_BOUND('',#4814,.T.);
#5259=FACE_BOUND('',#4815,.T.);
#5260=FACE_BOUND('',#4816,.T.);
#5261=FACE_BOUND('',#4817,.T.);
#5262=FACE_BOUND('',#4818,.T.);
#5263=FACE_BOUND('',#4819,.T.);
#5264=FACE_BOUND('',#4820,.T.);
#5265=FACE_BOUND('',#4821,.T.);
#5266=FACE_BOUND('',#4822,.T.);
#5267=FACE_BOUND('',#4823,.T.);
#5268=FACE_BOUND('',#4824,.T.);
#5269=FACE_BOUND('',#4825,.T.);
#5270=FACE_BOUND('',#4826,.T.);
#5271=FACE_BOUND('',#4827,.T.);
#5272=FACE_BOUND('',#4828,.T.);
#5273=FACE_BOUND('',#4829,.T.);
#5274=FACE_BOUND('',#4830,.T.);
#5275=FACE_BOUND('',#4831,.T.);
#5276=FACE_BOUND('',#4832,.T.);
#5277=FACE_BOUND('',#4833,.T.);
#5278=FACE_BOUND('',#4834,.T.);
#5279=FACE_BOUND('',#4835,.T.);
#5280=FACE_BOUND('',#4836,.T.);
#5281=FACE_BOUND('',#4837,.T.);
#5282=FACE_BOUND('',#4838,.T.);
#5283=FACE_BOUND('',#4839,.T.);
#5284=FACE_BOUND('',#4840,.T.);
#5285=FACE_BOUND('',#4841,.T.);
#5286=FACE_BOUND('',#4842,.T.);
#5287=FACE_BOUND('',#4843,.T.);
#5288=FACE_BOUND('',#4844,.T.);
#5289=FACE_BOUND('',#4845,.T.);
#5290=FACE_BOUND('',#4846,.T.);
#5291=FACE_BOUND('',#4847,.T.);
#5292=FACE_BOUND('',#4848,.T.);
#5293=FACE_BOUND('',#4849,.T.);
#5294=FACE_BOUND('',#4850,.T.);
#5295=FACE_BOUND('',#4851,.T.);
#5296=FACE_BOUND('',#4852,.T.);
#5297=FACE_BOUND('',#4853,.T.);
#5298=FACE_BOUND('',#4854,.T.);
#5299=FACE_BOUND('',#4855,.T.);
#5300=FACE_BOUND('',#4856,.T.);
#5301=FACE_BOUND('',#4857,.T.);
#5302=FACE_BOUND('',#4858,.T.);
#5303=FACE_BOUND('',#4859,.T.);
#5304=FACE_BOUND('',#4860,.T.);
#5305=FACE_BOUND('',#4861,.T.);
#5306=FACE_BOUND('',#4862,.T.);
#5307=FACE_BOUND('',#4863,.T.);
#5308=FACE_BOUND('',#4864,.T.);
#5309=FACE_BOUND('',#4865,.T.);
#5310=FACE_BOUND('',#4866,.T.);
#5311=FACE_BOUND('',#4867,.T.);
#5312=FACE_BOUND('',#4868,.T.);
#5313=FACE_BOUND('',#4869,.T.);
#5314=FACE_BOUND('',#4870,.T.);
#5315=PLANE('',#5932);
#5316=PLANE('',#5940);
#5317=PLANE('',#5948);
#5318=PLANE('',#5956);
#5319=PLANE('',#5960);
#5320=PLANE('',#5962);
#5321=PLANE('',#5964);
#5322=PLANE('',#5969);
#5323=PLANE('',#5970);
#5324=PLANE('',#5971);
#5325=PLANE('',#5972);
#5326=PLANE('',#5973);
#5327=PLANE('',#5974);
#5328=PLANE('',#5975);
#5329=PLANE('',#5976);
#5330=PLANE('',#5977);
#5331=PLANE('',#5978);
#5332=PLANE('',#5984);
#5333=PLANE('',#5985);
#5334=PLANE('',#5986);
#5335=PLANE('',#5987);
#5336=PLANE('',#5988);
#5337=PLANE('',#5989);
#5338=PLANE('',#5990);
#5339=PLANE('',#5993);
#5340=PLANE('',#5997);
#5341=PLANE('',#6000);
#5342=PLANE('',#6008);
#5343=PLANE('',#6009);
#5344=PLANE('',#6010);
#5345=PLANE('',#6011);
#5346=PLANE('',#6012);
#5347=PLANE('',#6016);
#5348=PLANE('',#6017);
#5349=PLANE('',#6018);
#5350=PLANE('',#6025);
#5351=PLANE('',#6035);
#5352=PLANE('',#6045);
#5353=PLANE('',#6052);
#5354=PLANE('',#6056);
#5355=PLANE('',#6057);
#5356=PLANE('',#6058);
#5357=PLANE('',#6068);
#5358=PLANE('',#6069);
#5359=PLANE('',#6070);
#5360=PLANE('',#6083);
#5361=PLANE('',#6093);
#5362=PLANE('',#6100);
#5363=PLANE('',#6104);
#5364=PLANE('',#6105);
#5365=PLANE('',#6106);
#5366=PLANE('',#6119);
#5367=PLANE('',#6120);
#5368=PLANE('',#6121);
#5369=PLANE('',#6122);
#5370=PLANE('',#6132);
#5371=PLANE('',#6133);
#5372=PLANE('',#6134);
#5373=PLANE('',#6147);
#5374=PLANE('',#6148);
#5375=PLANE('',#6170);
#5376=PLANE('',#6192);
#5377=PLANE('',#6196);
#5378=PLANE('',#6200);
#5379=PLANE('',#6201);
#5380=PLANE('',#6205);
#5381=PLANE('',#6213);
#5382=PLANE('',#6219);
#5383=PLANE('',#6221);
#5384=PLANE('',#6226);
#5385=PLANE('',#6235);
#5386=PLANE('',#6238);
#5387=PLANE('',#6243);
#5388=PLANE('',#6244);
#5389=PLANE('',#6247);
#5390=PLANE('',#6252);
#5391=PLANE('',#6253);
#5392=PLANE('',#6258);
#5393=PLANE('',#6267);
#5394=PLANE('',#6268);
#5395=PLANE('',#6269);
#5396=PLANE('',#6270);
#5397=PLANE('',#6275);
#5398=PLANE('',#6277);
#5399=PLANE('',#6278);
#5400=PLANE('',#6279);
#5401=PLANE('',#6280);
#5402=PLANE('',#6283);
#5403=PLANE('',#6285);
#5404=PLANE('',#6290);
#5405=PLANE('',#6298);
#5406=PLANE('',#6302);
#5407=PLANE('',#6306);
#5408=PLANE('',#6310);
#5409=PLANE('',#6314);
#5410=PLANE('',#6316);
#5411=PLANE('',#6321);
#5412=PLANE('',#6329);
#5413=PLANE('',#6337);
#5414=PLANE('',#6341);
#5415=PLANE('',#6349);
#5416=PLANE('',#6360);
#5417=PLANE('',#6368);
#5418=PLANE('',#6372);
#5419=PLANE('',#6380);
#5420=PLANE('',#6396);
#5421=PLANE('',#6398);
#5422=PLANE('',#6406);
#5423=PLANE('',#6408);
#5424=PLANE('',#6416);
#5425=PLANE('',#6418);
#5426=PLANE('',#6420);
#5427=PLANE('',#6422);
#5428=PLANE('',#6424);
#5429=PLANE('',#6425);
#5430=PLANE('',#6426);
#5431=PLANE('',#6433);
#5432=PLANE('',#6440);
#5433=PLANE('',#6441);
#5434=PLANE('',#6442);
#5435=PLANE('',#6444);
#5436=PLANE('',#6445);
#5437=PLANE('',#6448);
#5438=PLANE('',#6450);
#5439=PLANE('',#6452);
#5440=PLANE('',#6456);
#5441=PLANE('',#6458);
#5442=PLANE('',#6461);
#5443=PLANE('',#6462);
#5444=PLANE('',#6463);
#5445=PLANE('',#6467);
#5446=PLANE('',#6468);
#5447=PLANE('',#6469);
#5448=PLANE('',#6470);
#5449=PLANE('',#6471);
#5450=PLANE('',#6472);
#5451=PLANE('',#6473);
#5452=PLANE('',#6474);
#5453=PLANE('',#6475);
#5454=PLANE('',#6478);
#5455=PLANE('',#6481);
#5456=PLANE('',#6484);
#5457=PLANE('',#6487);
#5458=PLANE('',#6488);
#5459=PLANE('',#6489);
#5460=PLANE('',#6490);
#5461=PLANE('',#6495);
#5462=PLANE('',#6500);
#5463=PLANE('',#6505);
#5464=PLANE('',#6506);
#5465=PLANE('',#6507);
#5466=PLANE('',#6508);
#5467=PLANE('',#6509);
#5468=PLANE('',#6510);
#5469=PLANE('',#6511);
#5470=PLANE('',#6512);
#5471=PLANE('',#6513);
#5472=PLANE('',#6514);
#5473=PLANE('',#6515);
#5474=PLANE('',#6516);
#5475=PLANE('',#6517);
#5476=PLANE('',#6518);
#5477=PLANE('',#6519);
#5478=PLANE('',#6520);
#5479=PLANE('',#6521);
#5480=PLANE('',#6522);
#5481=PLANE('',#6523);
#5482=PLANE('',#6524);
#5483=PLANE('',#6527);
#5484=PLANE('',#6530);
#5485=PLANE('',#6533);
#5486=PLANE('',#6534);
#5487=PLANE('',#6535);
#5488=PLANE('',#6538);
#5489=PLANE('',#6539);
#5490=PLANE('',#6540);
#5491=PLANE('',#6549);
#5492=PLANE('',#6554);
#5493=PLANE('',#6555);
#5494=PLANE('',#6557);
#5495=PLANE('',#6566);
#5496=PLANE('',#6570);
#5497=ADVANCED_FACE('',(#4871),#5315,.F.);
#5498=ADVANCED_FACE('',(#4872,#4873),#1212,.T.);
#5499=ADVANCED_FACE('',(#4874,#4875),#1081,.T.);
#5500=ADVANCED_FACE('',(#4876,#4877),#1058,.F.);
#5501=ADVANCED_FACE('',(#4878,#4879),#5316,.F.);
#5502=ADVANCED_FACE('',(#4880,#4881),#1059,.T.);
#5503=ADVANCED_FACE('',(#4882,#4883),#1213,.T.);
#5504=ADVANCED_FACE('',(#4884,#4885),#1060,.T.);
#5505=ADVANCED_FACE('',(#4886,#4887),#5317,.F.);
#5506=ADVANCED_FACE('',(#4888,#4889),#1061,.F.);
#5507=ADVANCED_FACE('',(#4890,#4891),#1082,.T.);
#5508=ADVANCED_FACE('',(#4892,#4893),#1214,.T.);
#5509=ADVANCED_FACE('',(#4894,#4895),#5318,.F.);
#5510=ADVANCED_FACE('',(#4896,#4897),#1083,.T.);
#5511=ADVANCED_FACE('',(#4898),#5319,.F.);
#5512=ADVANCED_FACE('',(#4899,#4900),#5320,.F.);
#5513=ADVANCED_FACE('',(#4901,#4902),#5321,.F.);
#5514=ADVANCED_FACE('',(#4903,#4904),#1062,.T.);
#5515=ADVANCED_FACE('',(#4905,#4906),#5322,.F.);
#5516=ADVANCED_FACE('',(#4907),#5323,.F.);
#5517=ADVANCED_FACE('',(#4908),#5324,.F.);
#5518=ADVANCED_FACE('',(#4909),#5325,.F.);
#5519=ADVANCED_FACE('',(#4910),#5326,.F.);
#5520=ADVANCED_FACE('',(#4911),#5327,.F.);
#5521=ADVANCED_FACE('',(#4912),#5328,.F.);
#5522=ADVANCED_FACE('',(#4913),#5329,.F.);
#5523=ADVANCED_FACE('',(#4914),#5330,.F.);
#5524=ADVANCED_FACE('',(#4915,#4916),#5331,.T.);
#5525=ADVANCED_FACE('',(#4917,#4918),#1063,.T.);
#5526=ADVANCED_FACE('',(#4919,#4920),#1064,.F.);
#5527=ADVANCED_FACE('',(#4921,#4922),#5332,.T.);
#5528=ADVANCED_FACE('',(#4923),#5333,.F.);
#5529=ADVANCED_FACE('',(#4924),#5334,.F.);
#5530=ADVANCED_FACE('',(#4925),#5335,.F.);
#5531=ADVANCED_FACE('',(#4926),#5336,.F.);
#5532=ADVANCED_FACE('',(#4927),#5337,.F.);
#5533=ADVANCED_FACE('',(#4928),#5338,.F.);
#5534=ADVANCED_FACE('',(#4929,#4930),#1065,.T.);
#5535=ADVANCED_FACE('',(#4931,#4932),#5339,.F.);
#5536=ADVANCED_FACE('',(#4933),#1084,.F.);
#5537=ADVANCED_FACE('',(#4934),#5340,.F.);
#5538=ADVANCED_FACE('',(#4935),#5341,.F.);
#5539=ADVANCED_FACE('',(#4936),#1085,.F.);
#5540=ADVANCED_FACE('',(#4937),#1086,.F.);
#5541=ADVANCED_FACE('',(#4938),#5342,.T.);
#5542=ADVANCED_FACE('',(#4939),#5343,.T.);
#5543=ADVANCED_FACE('',(#4940),#5344,.T.);
#5544=ADVANCED_FACE('',(#4941),#5345,.T.);
#5545=ADVANCED_FACE('',(#4942),#5346,.T.);
#5546=ADVANCED_FACE('',(#4943),#1087,.F.);
#5547=ADVANCED_FACE('',(#4944),#5347,.T.);
#5548=ADVANCED_FACE('',(#4945),#5348,.T.);
#5549=ADVANCED_FACE('',(#4946),#5349,.T.);
#5550=ADVANCED_FACE('',(#4947),#1088,.F.);
#5551=ADVANCED_FACE('',(#4948),#1089,.F.);
#5552=ADVANCED_FACE('',(#4949),#5350,.T.);
#5553=ADVANCED_FACE('',(#4950),#1090,.T.);
#5554=ADVANCED_FACE('',(#4951),#1091,.T.);
#5555=ADVANCED_FACE('',(#4952),#1092,.T.);
#5556=ADVANCED_FACE('',(#4953),#5351,.T.);
#5557=ADVANCED_FACE('',(#4954),#1093,.F.);
#5558=ADVANCED_FACE('',(#4955),#1094,.F.);
#5559=ADVANCED_FACE('',(#4956),#1095,.F.);
#5560=ADVANCED_FACE('',(#4957),#5352,.T.);
#5561=ADVANCED_FACE('',(#4958),#1096,.T.);
#5562=ADVANCED_FACE('',(#4959),#1097,.T.);
#5563=ADVANCED_FACE('',(#4960),#5353,.T.);
#5564=ADVANCED_FACE('',(#4961),#1098,.F.);
#5565=ADVANCED_FACE('',(#4962),#5354,.T.);
#5566=ADVANCED_FACE('',(#4963),#5355,.T.);
#5567=ADVANCED_FACE('',(#4964),#5356,.T.);
#5568=ADVANCED_FACE('',(#4965),#1099,.F.);
#5569=ADVANCED_FACE('',(#4966),#1100,.F.);
#5570=ADVANCED_FACE('',(#4967),#1101,.F.);
#5571=ADVANCED_FACE('',(#4968),#5357,.T.);
#5572=ADVANCED_FACE('',(#4969),#5358,.T.);
#5573=ADVANCED_FACE('',(#4970),#5359,.T.);
#5574=ADVANCED_FACE('',(#4971),#1102,.T.);
#5575=ADVANCED_FACE('',(#4972),#1103,.T.);
#5576=ADVANCED_FACE('',(#4973),#1104,.T.);
#5577=ADVANCED_FACE('',(#4974),#1105,.T.);
#5578=ADVANCED_FACE('',(#4975),#5360,.T.);
#5579=ADVANCED_FACE('',(#4976),#1106,.F.);
#5580=ADVANCED_FACE('',(#4977),#1107,.F.);
#5581=ADVANCED_FACE('',(#4978),#1108,.F.);
#5582=ADVANCED_FACE('',(#4979),#5361,.T.);
#5583=ADVANCED_FACE('',(#4980),#1109,.T.);
#5584=ADVANCED_FACE('',(#4981),#1110,.T.);
#5585=ADVANCED_FACE('',(#4982),#5362,.T.);
#5586=ADVANCED_FACE('',(#4983),#1111,.F.);
#5587=ADVANCED_FACE('',(#4984),#5363,.T.);
#5588=ADVANCED_FACE('',(#4985),#5364,.T.);
#5589=ADVANCED_FACE('',(#4986),#5365,.T.);
#5590=ADVANCED_FACE('',(#4987),#1112,.F.);
#5591=ADVANCED_FACE('',(#4988),#1113,.F.);
#5592=ADVANCED_FACE('',(#4989),#1114,.F.);
#5593=ADVANCED_FACE('',(#4990),#1115,.F.);
#5594=ADVANCED_FACE('',(#4991),#5366,.T.);
#5595=ADVANCED_FACE('',(#4992),#5367,.T.);
#5596=ADVANCED_FACE('',(#4993),#5368,.T.);
#5597=ADVANCED_FACE('',(#4994),#5369,.T.);
#5598=ADVANCED_FACE('',(#4995),#1116,.F.);
#5599=ADVANCED_FACE('',(#4996),#1117,.F.);
#5600=ADVANCED_FACE('',(#4997),#1118,.F.);
#5601=ADVANCED_FACE('',(#4998),#5370,.T.);
#5602=ADVANCED_FACE('',(#4999),#5371,.T.);
#5603=ADVANCED_FACE('',(#5000),#5372,.T.);
#5604=ADVANCED_FACE('',(#5001),#1119,.T.);
#5605=ADVANCED_FACE('',(#5002),#1120,.T.);
#5606=ADVANCED_FACE('',(#5003),#1121,.T.);
#5607=ADVANCED_FACE('',(#5004),#1122,.T.);
#5608=ADVANCED_FACE('',(#5005),#5373,.T.);
#5609=ADVANCED_FACE('',(#5006),#5374,.T.);
#5610=ADVANCED_FACE('',(#5007),#1123,.T.);
#5611=ADVANCED_FACE('',(#5008),#1124,.T.);
#5612=ADVANCED_FACE('',(#5009),#1125,.T.);
#5613=ADVANCED_FACE('',(#5010),#1126,.F.);
#5614=ADVANCED_FACE('',(#5011),#1127,.F.);
#5615=ADVANCED_FACE('',(#5012),#1128,.F.);
#5616=ADVANCED_FACE('',(#5013),#1129,.F.);
#5617=ADVANCED_FACE('',(#5014),#5375,.T.);
#5618=ADVANCED_FACE('',(#5015),#1130,.T.);
#5619=ADVANCED_FACE('',(#5016),#1131,.T.);
#5620=ADVANCED_FACE('',(#5017),#1132,.T.);
#5621=ADVANCED_FACE('',(#5018),#1133,.T.);
#5622=ADVANCED_FACE('',(#5019),#1134,.F.);
#5623=ADVANCED_FACE('',(#5020),#1135,.F.);
#5624=ADVANCED_FACE('',(#5021),#1136,.F.);
#5625=ADVANCED_FACE('',(#5022),#5376,.T.);
#5626=ADVANCED_FACE('',(#5023),#1137,.F.);
#5627=ADVANCED_FACE('',(#5024),#5377,.T.);
#5628=ADVANCED_FACE('',(#5025),#1138,.F.);
#5629=ADVANCED_FACE('',(#5026),#5378,.T.);
#5630=ADVANCED_FACE('',(#5027),#5379,.T.);
#5631=ADVANCED_FACE('',(#5028),#1139,.F.);
#5632=ADVANCED_FACE('',(#5029,#5030,#5031,#5032,#5033,#5034,#5035,#5036,
#5037,#5038),#5380,.F.);
#5633=ADVANCED_FACE('',(#5039,#5040),#1066,.T.);
#5634=ADVANCED_FACE('',(#5041),#1140,.T.);
#5635=ADVANCED_FACE('',(#5042,#5043),#5381,.F.);
#5636=ADVANCED_FACE('',(#5044),#1141,.T.);
#5637=ADVANCED_FACE('',(#5045),#1142,.T.);
#5638=ADVANCED_FACE('',(#5046),#5382,.F.);
#5639=ADVANCED_FACE('',(#5047,#5048),#5383,.F.);
#5640=ADVANCED_FACE('',(#5049),#5384,.F.);
#5641=ADVANCED_FACE('',(#5050),#1143,.T.);
#5642=ADVANCED_FACE('',(#5051),#1144,.T.);
#5643=ADVANCED_FACE('',(#5052),#1145,.T.);
#5644=ADVANCED_FACE('',(#5053),#1146,.T.);
#5645=ADVANCED_FACE('',(#5054,#5055),#5385,.F.);
#5646=ADVANCED_FACE('',(#5056),#5386,.F.);
#5647=ADVANCED_FACE('',(#5057),#1147,.T.);
#5648=ADVANCED_FACE('',(#5058),#1148,.T.);
#5649=ADVANCED_FACE('',(#5059),#5387,.F.);
#5650=ADVANCED_FACE('',(#5060,#5061),#5388,.F.);
#5651=ADVANCED_FACE('',(#5062),#5389,.F.);
#5652=ADVANCED_FACE('',(#5063),#1149,.T.);
#5653=ADVANCED_FACE('',(#5064),#1150,.T.);
#5654=ADVANCED_FACE('',(#5065),#5390,.F.);
#5655=ADVANCED_FACE('',(#5066,#5067),#5391,.F.);
#5656=ADVANCED_FACE('',(#5068),#5392,.F.);
#5657=ADVANCED_FACE('',(#5069),#1151,.T.);
#5658=ADVANCED_FACE('',(#5070),#1152,.T.);
#5659=ADVANCED_FACE('',(#5071),#1153,.T.);
#5660=ADVANCED_FACE('',(#5072),#1154,.T.);
#5661=ADVANCED_FACE('',(#5073),#5393,.F.);
#5662=ADVANCED_FACE('',(#5074),#5394,.F.);
#5663=ADVANCED_FACE('',(#5075),#5395,.F.);
#5664=ADVANCED_FACE('',(#5076),#5396,.F.);
#5665=ADVANCED_FACE('',(#5077),#1155,.T.);
#5666=ADVANCED_FACE('',(#5078),#1156,.T.);
#5667=ADVANCED_FACE('',(#5079),#5397,.F.);
#5668=ADVANCED_FACE('',(#5080),#5398,.F.);
#5669=ADVANCED_FACE('',(#5081),#5399,.F.);
#5670=ADVANCED_FACE('',(#5082),#5400,.F.);
#5671=ADVANCED_FACE('',(#5083),#5401,.T.);
#5672=ADVANCED_FACE('',(#5084,#5085),#5402,.T.);
#5673=ADVANCED_FACE('',(#5086,#5087),#5403,.T.);
#5674=ADVANCED_FACE('',(#5088),#1157,.T.);
#5675=ADVANCED_FACE('',(#5089,#5090),#1158,.F.);
#5676=ADVANCED_FACE('',(#5091,#5092),#1159,.F.);
#5677=ADVANCED_FACE('',(#5093,#5094),#5404,.T.);
#5678=ADVANCED_FACE('',(#5095,#5096),#1067,.F.);
#5679=ADVANCED_FACE('',(#5097),#1160,.F.);
#5680=ADVANCED_FACE('',(#5098,#5099),#1068,.F.);
#5681=ADVANCED_FACE('',(#5100,#5101),#5405,.F.);
#5682=ADVANCED_FACE('',(#5102,#5103),#1161,.F.);
#5683=ADVANCED_FACE('',(#5104),#5406,.F.);
#5684=ADVANCED_FACE('',(#5105,#5106),#1069,.T.);
#5685=ADVANCED_FACE('',(#5107,#5108),#5407,.F.);
#5686=ADVANCED_FACE('',(#5109,#5110),#1162,.T.);
#5687=ADVANCED_FACE('',(#5111,#5112),#5408,.F.);
#5688=ADVANCED_FACE('',(#5113,#5114),#1163,.T.);
#5689=ADVANCED_FACE('',(#5115),#5409,.F.);
#5690=ADVANCED_FACE('',(#5116,#5117),#5410,.T.);
#5691=ADVANCED_FACE('',(#5118,#5119),#1164,.F.);
#5692=ADVANCED_FACE('',(#5120,#5121),#5411,.T.);
#5693=ADVANCED_FACE('',(#5122,#5123),#1165,.T.);
#5694=ADVANCED_FACE('',(#5124,#5125),#1070,.F.);
#5695=ADVANCED_FACE('',(#5126,#5127),#1166,.F.);
#5696=ADVANCED_FACE('',(#5128,#5129),#5412,.T.);
#5697=ADVANCED_FACE('',(#5130,#5131),#1167,.T.);
#5698=ADVANCED_FACE('',(#5132,#5133),#1071,.F.);
#5699=ADVANCED_FACE('',(#5134,#5135),#1168,.F.);
#5700=ADVANCED_FACE('',(#5136,#5137),#5413,.T.);
#5701=ADVANCED_FACE('',(#5138,#5139),#1169,.T.);
#5702=ADVANCED_FACE('',(#5140,#5141),#5414,.T.);
#5703=ADVANCED_FACE('',(#5142,#5143),#1170,.F.);
#5704=ADVANCED_FACE('',(#5144,#5145),#1072,.F.);
#5705=ADVANCED_FACE('',(#5146,#5147),#1171,.T.);
#5706=ADVANCED_FACE('',(#5148,#5149),#5415,.T.);
#5707=ADVANCED_FACE('',(#5150,#5151),#1172,.F.);
#5708=ADVANCED_FACE('',(#5152,#5153),#1073,.F.);
#5709=ADVANCED_FACE('',(#5154,#5155),#1173,.T.);
#5710=ADVANCED_FACE('',(#5156,#5157),#1074,.T.);
#5711=ADVANCED_FACE('',(#5158,#5159),#5416,.T.);
#5712=ADVANCED_FACE('',(#5160,#5161),#1174,.F.);
#5713=ADVANCED_FACE('',(#5162,#5163),#1075,.T.);
#5714=ADVANCED_FACE('',(#5164,#5165),#1175,.T.);
#5715=ADVANCED_FACE('',(#5166,#5167),#5417,.T.);
#5716=ADVANCED_FACE('',(#5168,#5169),#1176,.F.);
#5717=ADVANCED_FACE('',(#5170,#5171),#5418,.T.);
#5718=ADVANCED_FACE('',(#5172,#5173),#1177,.T.);
#5719=ADVANCED_FACE('',(#5174,#5175),#1076,.T.);
#5720=ADVANCED_FACE('',(#5176,#5177),#1178,.F.);
#5721=ADVANCED_FACE('',(#5178,#5179),#5419,.T.);
#5722=ADVANCED_FACE('',(#5180,#5181),#1077,.T.);
#5723=ADVANCED_FACE('',(#5182,#5183),#1215,.T.);
#5724=ADVANCED_FACE('',(#5184,#5185),#1216,.T.);
#5725=ADVANCED_FACE('',(#5186),#1179,.F.);
#5726=ADVANCED_FACE('',(#5187),#1180,.F.);
#5727=ADVANCED_FACE('',(#5188),#1181,.T.);
#5728=ADVANCED_FACE('',(#5189),#1182,.T.);
#5729=ADVANCED_FACE('',(#5190),#5420,.F.);
#5730=ADVANCED_FACE('',(#5191),#5421,.F.);
#5731=ADVANCED_FACE('',(#5192),#5422,.F.);
#5732=ADVANCED_FACE('',(#5193),#5423,.F.);
#5733=ADVANCED_FACE('',(#5194),#5424,.F.);
#5734=ADVANCED_FACE('',(#5195),#5425,.F.);
#5735=ADVANCED_FACE('',(#5196),#1183,.T.);
#5736=ADVANCED_FACE('',(#5197),#5426,.F.);
#5737=ADVANCED_FACE('',(#5198),#1184,.T.);
#5738=ADVANCED_FACE('',(#5199),#5427,.F.);
#5739=ADVANCED_FACE('',(#5200),#1185,.T.);
#5740=ADVANCED_FACE('',(#5201),#5428,.F.);
#5741=ADVANCED_FACE('',(#5202),#5429,.F.);
#5742=ADVANCED_FACE('',(#5203,#5204,#5205,#5206),#5430,.F.);
#5743=ADVANCED_FACE('',(#5207,#5208,#5209),#5431,.F.);
#5744=ADVANCED_FACE('',(#5210),#5432,.F.);
#5745=ADVANCED_FACE('',(#5211),#5433,.F.);
#5746=ADVANCED_FACE('',(#5212),#5434,.F.);
#5747=ADVANCED_FACE('',(#5213),#1186,.T.);
#5748=ADVANCED_FACE('',(#5214),#5435,.F.);
#5749=ADVANCED_FACE('',(#5215),#5436,.F.);
#5750=ADVANCED_FACE('',(#5216),#5437,.T.);
#5751=ADVANCED_FACE('',(#5217),#1187,.T.);
#5752=ADVANCED_FACE('',(#5218),#5438,.T.);
#5753=ADVANCED_FACE('',(#5219),#1188,.T.);
#5754=ADVANCED_FACE('',(#5220),#5439,.F.);
#5755=ADVANCED_FACE('',(#5221),#1189,.T.);
#5756=ADVANCED_FACE('',(#5222),#5440,.T.);
#5757=ADVANCED_FACE('',(#5223),#1190,.T.);
#5758=ADVANCED_FACE('',(#5224),#5441,.F.);
#5759=ADVANCED_FACE('',(#5225),#1191,.T.);
#5760=ADVANCED_FACE('',(#5226),#5442,.F.);
#5761=ADVANCED_FACE('',(#5227),#5443,.T.);
#5762=ADVANCED_FACE('',(#5228),#5444,.T.);
#5763=ADVANCED_FACE('',(#5229),#1192,.F.);
#5764=ADVANCED_FACE('',(#5230,#5231),#1193,.F.);
#5765=ADVANCED_FACE('',(#5232),#5445,.F.);
#5766=ADVANCED_FACE('',(#5233),#5446,.F.);
#5767=ADVANCED_FACE('',(#5234),#5447,.F.);
#5768=ADVANCED_FACE('',(#5235),#5448,.F.);
#5769=ADVANCED_FACE('',(#5236),#5449,.F.);
#5770=ADVANCED_FACE('',(#5237),#5450,.F.);
#5771=ADVANCED_FACE('',(#5238),#5451,.F.);
#5772=ADVANCED_FACE('',(#5239),#5452,.F.);
#5773=ADVANCED_FACE('',(#5240),#5453,.F.);
#5774=ADVANCED_FACE('',(#5241),#1194,.F.);
#5775=ADVANCED_FACE('',(#5242),#5454,.F.);
#5776=ADVANCED_FACE('',(#5243),#1195,.F.);
#5777=ADVANCED_FACE('',(#5244),#5455,.F.);
#5778=ADVANCED_FACE('',(#5245),#1196,.F.);
#5779=ADVANCED_FACE('',(#5246),#5456,.F.);
#5780=ADVANCED_FACE('',(#5247),#1197,.F.);
#5781=ADVANCED_FACE('',(#5248),#5457,.F.);
#5782=ADVANCED_FACE('',(#5249),#5458,.F.);
#5783=ADVANCED_FACE('',(#5250),#5459,.T.);
#5784=ADVANCED_FACE('',(#5251),#5460,.F.);
#5785=ADVANCED_FACE('',(#5252),#5461,.T.);
#5786=ADVANCED_FACE('',(#5253),#1198,.T.);
#5787=ADVANCED_FACE('',(#5254),#1199,.T.);
#5788=ADVANCED_FACE('',(#5255),#5462,.T.);
#5789=ADVANCED_FACE('',(#5256),#1200,.T.);
#5790=ADVANCED_FACE('',(#5257),#1201,.T.);
#5791=ADVANCED_FACE('',(#5258,#5259),#5463,.T.);
#5792=ADVANCED_FACE('',(#5260),#5464,.F.);
#5793=ADVANCED_FACE('',(#5261),#5465,.F.);
#5794=ADVANCED_FACE('',(#5262),#5466,.F.);
#5795=ADVANCED_FACE('',(#5263),#5467,.F.);
#5796=ADVANCED_FACE('',(#5264),#5468,.F.);
#5797=ADVANCED_FACE('',(#5265),#5469,.F.);
#5798=ADVANCED_FACE('',(#5266),#5470,.F.);
#5799=ADVANCED_FACE('',(#5267),#5471,.F.);
#5800=ADVANCED_FACE('',(#5268),#5472,.F.);
#5801=ADVANCED_FACE('',(#5269),#5473,.F.);
#5802=ADVANCED_FACE('',(#5270),#5474,.F.);
#5803=ADVANCED_FACE('',(#5271),#5475,.F.);
#5804=ADVANCED_FACE('',(#5272),#5476,.F.);
#5805=ADVANCED_FACE('',(#5273),#5477,.F.);
#5806=ADVANCED_FACE('',(#5274),#5478,.F.);
#5807=ADVANCED_FACE('',(#5275),#5479,.F.);
#5808=ADVANCED_FACE('',(#5276),#5480,.F.);
#5809=ADVANCED_FACE('',(#5277),#5481,.F.);
#5810=ADVANCED_FACE('',(#5278),#5482,.F.);
#5811=ADVANCED_FACE('',(#5279),#1202,.F.);
#5812=ADVANCED_FACE('',(#5280),#5483,.F.);
#5813=ADVANCED_FACE('',(#5281),#1203,.F.);
#5814=ADVANCED_FACE('',(#5282),#5484,.F.);
#5815=ADVANCED_FACE('',(#5283),#1204,.F.);
#5816=ADVANCED_FACE('',(#5284),#5485,.F.);
#5817=ADVANCED_FACE('',(#5285),#5486,.F.);
#5818=ADVANCED_FACE('',(#5286),#5487,.F.);
#5819=ADVANCED_FACE('',(#5287),#1205,.F.);
#5820=ADVANCED_FACE('',(#5288),#5488,.T.);
#5821=ADVANCED_FACE('',(#5289),#5489,.T.);
#5822=ADVANCED_FACE('',(#5290),#5490,.F.);
#5823=ADVANCED_FACE('',(#5291),#1206,.T.);
#5824=ADVANCED_FACE('',(#5292),#1207,.T.);
#5825=ADVANCED_FACE('',(#5293),#5491,.T.);
#5826=ADVANCED_FACE('',(#5294),#1208,.T.);
#5827=ADVANCED_FACE('',(#5295),#1209,.T.);
#5828=ADVANCED_FACE('',(#5296),#5492,.T.);
#5829=ADVANCED_FACE('',(#5297,#5298),#5493,.T.);
#5830=ADVANCED_FACE('',(#5299,#5300),#5494,.F.);
#5831=ADVANCED_FACE('',(#5301,#5302),#1078,.F.);
#5832=ADVANCED_FACE('',(#5303,#5304),#1079,.T.);
#5833=ADVANCED_FACE('',(#5305,#5306),#1210,.T.);
#5834=ADVANCED_FACE('',(#5307,#5308),#5495,.F.);
#5835=ADVANCED_FACE('',(#5309,#5310),#1080,.T.);
#5836=ADVANCED_FACE('',(#5311,#5312),#5496,.F.);
#5837=ADVANCED_FACE('',(#5313,#5314),#1211,.F.);
#5838=CLOSED_SHELL('',(#5497,#5498,#5499,#5500,#5501,#5502,#5503,#5504,
#5505,#5506,#5507,#5508,#5509,#5510,#5511));
#5839=CLOSED_SHELL('',(#5512,#5513,#5514,#5515,#5516,#5517,#5518,#5519,
#5520,#5521,#5522,#5523,#5524,#5525,#5526,#5527,#5528,#5529,#5530,#5531,
#5532,#5533,#5534));
#5840=CLOSED_SHELL('',(#5535,#5536,#5537,#5538,#5539,#5540,#5541,#5542,
#5543,#5544,#5545,#5546,#5547,#5548,#5549,#5550,#5551,#5552,#5553,#5554,
#5555,#5556,#5557,#5558,#5559,#5560,#5561,#5562,#5563,#5564,#5565,#5566,
#5567,#5568,#5569,#5570,#5571,#5572,#5573,#5574,#5575,#5576,#5577,#5578,
#5579,#5580,#5581,#5582,#5583,#5584,#5585,#5586,#5587,#5588,#5589,#5590,
#5591,#5592,#5593,#5594,#5595,#5596,#5597,#5598,#5599,#5600,#5601,#5602,
#5603,#5604,#5605,#5606,#5607,#5608,#5609,#5610,#5611,#5612,#5613,#5614,
#5615,#5616,#5617,#5618,#5619,#5620,#5621,#5622,#5623,#5624,#5625,#5626,
#5627,#5628,#5629,#5630,#5631,#5632,#5633,#5634,#5635,#5636,#5637,#5638,
#5639,#5640,#5641,#5642,#5643,#5644,#5645,#5646,#5647,#5648,#5649,#5650,
#5651,#5652,#5653,#5654,#5655,#5656,#5657,#5658,#5659,#5660,#5661,#5662,
#5663,#5664,#5665,#5666,#5667,#5668,#5669,#5670,#5671,#5672,#5673,#5674,
#5675,#5676,#5677,#5678,#5679,#5680,#5681,#5682));
#5841=CLOSED_SHELL('',(#5683,#5684,#5685,#5686,#5687,#5688,#5689));
#5842=CLOSED_SHELL('',(#5690,#5691,#5692,#5693,#5694,#5695,#5696,#5697,
#5698,#5699,#5700,#5701,#5702,#5703,#5704,#5705,#5706,#5707,#5708,#5709));
#5843=CLOSED_SHELL('',(#5710,#5711,#5712,#5713,#5714,#5715,#5716,#5717,
#5718,#5719,#5720,#5721,#5722,#5723,#5724));
#5844=CLOSED_SHELL('',(#5725,#5726,#5727,#5728,#5729,#5730,#5731,#5732,
#5733,#5734,#5735,#5736,#5737,#5738,#5739,#5740,#5741,#5742,#5743,#5744,
#5745,#5746,#5747,#5748,#5749,#5750,#5751,#5752,#5753,#5754,#5755,#5756,
#5757,#5758,#5759,#5760,#5761,#5762,#5763,#5764,#5765,#5766,#5767,#5768,
#5769,#5770,#5771,#5772,#5773,#5774,#5775,#5776,#5777,#5778,#5779,#5780,
#5781,#5782,#5783,#5784,#5785,#5786,#5787,#5788,#5789,#5790,#5791,#5792,
#5793,#5794,#5795,#5796,#5797,#5798,#5799,#5800,#5801,#5802,#5803,#5804,
#5805,#5806,#5807,#5808,#5809,#5810,#5811,#5812,#5813,#5814,#5815,#5816,
#5817,#5818,#5819,#5820,#5821,#5822,#5823,#5824,#5825,#5826,#5827,#5828,
#5829));
#5845=CLOSED_SHELL('',(#5830,#5831,#5832,#5833,#5834,#5835,#5836,#5837));
#5846=STYLED_ITEM('',(#5854),#5905);
#5847=STYLED_ITEM('',(#5855),#5906);
#5848=STYLED_ITEM('',(#5856),#5907);
#5849=STYLED_ITEM('',(#5857),#5908);
#5850=STYLED_ITEM('',(#5858),#5909);
#5851=STYLED_ITEM('',(#5859),#5910);
#5852=STYLED_ITEM('',(#5860),#5911);
#5853=STYLED_ITEM('',(#5861),#5912);
#5854=PRESENTATION_STYLE_ASSIGNMENT((#5862));
#5855=PRESENTATION_STYLE_ASSIGNMENT((#5863));
#5856=PRESENTATION_STYLE_ASSIGNMENT((#5864));
#5857=PRESENTATION_STYLE_ASSIGNMENT((#5865));
#5858=PRESENTATION_STYLE_ASSIGNMENT((#5866));
#5859=PRESENTATION_STYLE_ASSIGNMENT((#5867));
#5860=PRESENTATION_STYLE_ASSIGNMENT((#5868));
#5861=PRESENTATION_STYLE_ASSIGNMENT((#5869));
#5862=SURFACE_STYLE_USAGE(.BOTH.,#5870);
#5863=SURFACE_STYLE_USAGE(.BOTH.,#5871);
#5864=SURFACE_STYLE_USAGE(.BOTH.,#5872);
#5865=SURFACE_STYLE_USAGE(.BOTH.,#5873);
#5866=SURFACE_STYLE_USAGE(.BOTH.,#5874);
#5867=SURFACE_STYLE_USAGE(.BOTH.,#5875);
#5868=SURFACE_STYLE_USAGE(.BOTH.,#5876);
#5869=SURFACE_STYLE_USAGE(.BOTH.,#5877);
#5870=SURFACE_SIDE_STYLE('',(#5878));
#5871=SURFACE_SIDE_STYLE('',(#5879));
#5872=SURFACE_SIDE_STYLE('',(#5880));
#5873=SURFACE_SIDE_STYLE('',(#5881));
#5874=SURFACE_SIDE_STYLE('',(#5882));
#5875=SURFACE_SIDE_STYLE('',(#5883));
#5876=SURFACE_SIDE_STYLE('',(#5884));
#5877=SURFACE_SIDE_STYLE('',(#5885));
#5878=SURFACE_STYLE_FILL_AREA(#5886);
#5879=SURFACE_STYLE_FILL_AREA(#5887);
#5880=SURFACE_STYLE_FILL_AREA(#5888);
#5881=SURFACE_STYLE_FILL_AREA(#5889);
#5882=SURFACE_STYLE_FILL_AREA(#5890);
#5883=SURFACE_STYLE_FILL_AREA(#5891);
#5884=SURFACE_STYLE_FILL_AREA(#5892);
#5885=SURFACE_STYLE_FILL_AREA(#5893);
#5886=FILL_AREA_STYLE('',(#5894));
#5887=FILL_AREA_STYLE('',(#5895));
#5888=FILL_AREA_STYLE('',(#5896));
#5889=FILL_AREA_STYLE('',(#5897));
#5890=FILL_AREA_STYLE('',(#5898));
#5891=FILL_AREA_STYLE('',(#5899));
#5892=FILL_AREA_STYLE('',(#5900));
#5893=FILL_AREA_STYLE('',(#5901));
#5894=FILL_AREA_STYLE_COLOUR('',#5902);
#5895=FILL_AREA_STYLE_COLOUR('',#5902);
#5896=FILL_AREA_STYLE_COLOUR('',#5903);
#5897=FILL_AREA_STYLE_COLOUR('',#5902);
#5898=FILL_AREA_STYLE_COLOUR('',#10);
#5899=FILL_AREA_STYLE_COLOUR('',#5904);
#5900=FILL_AREA_STYLE_COLOUR('',#5902);
#5901=FILL_AREA_STYLE_COLOUR('',#5902);
#5902=COLOUR_RGB('',0.689999997615814,0.689999997615814,0.689999997615814);
#5903=COLOUR_RGB('',0.730000019073486,0.769999980926514,0.779999971389771);
#5904=COLOUR_RGB('',0.5,0.5,0.5);
#5905=MANIFOLD_SOLID_BREP('605Regent Series0',#5838);
#5906=MANIFOLD_SOLID_BREP('PRE-HUR1',#5839);
#5907=MANIFOLD_SOLID_BREP('PRE20ZN_H',#5840);
#5908=MANIFOLD_SOLID_BREP('PRE2-B-AXLE',#5841);
#5909=MANIFOLD_SOLID_BREP('007962_core',#5842);
#5910=MANIFOLD_SOLID_BREP('007962_tread',#5843);
#5911=MANIFOLD_SOLID_BREP('SB',#5844);
#5912=MANIFOLD_SOLID_BREP('PRE-W1',#5845);
#5913=SHAPE_DEFINITION_REPRESENTATION(#10148,#5922);
#5914=SHAPE_DEFINITION_REPRESENTATION(#10149,#5923);
#5915=SHAPE_DEFINITION_REPRESENTATION(#10151,#5924);
#5916=SHAPE_DEFINITION_REPRESENTATION(#10153,#5925);
#5917=SHAPE_DEFINITION_REPRESENTATION(#10155,#5926);
#5918=SHAPE_DEFINITION_REPRESENTATION(#10157,#5927);
#5919=SHAPE_DEFINITION_REPRESENTATION(#10159,#5928);
#5920=SHAPE_DEFINITION_REPRESENTATION(#10161,#5929);
#5921=SHAPE_DEFINITION_REPRESENTATION(#10163,#5930);
#5922=SHAPE_REPRESENTATION('PRE20605ZN-TPRB',(#5931,#5961,#5992,#6301,#6315,
#6356,#6387,#6556,#6573),#10124);
#5923=SHAPE_REPRESENTATION('605Regent Series0',(#5931),#10125);
#5924=SHAPE_REPRESENTATION('PRE-HUR1',(#5931),#10126);
#5925=SHAPE_REPRESENTATION('PRE20ZN_H',(#5931),#10127);
#5926=SHAPE_REPRESENTATION('PRE2-B-AXLE',(#5931),#10128);
#5927=SHAPE_REPRESENTATION('007962_core',(#5931),#10129);
#5928=SHAPE_REPRESENTATION('007962_tread',(#5931),#10130);
#5929=SHAPE_REPRESENTATION('SB',(#5931),#10131);
#5930=SHAPE_REPRESENTATION('PRE-W1',(#5931),#10132);
#5931=AXIS2_PLACEMENT_3D('',#8347,#6574,#6575);
#5932=AXIS2_PLACEMENT_3D('',#8348,#6576,#6577);
#5933=AXIS2_PLACEMENT_3D('',#8349,#6578,#6579);
#5934=AXIS2_PLACEMENT_3D('',#8351,#6580,#6581);
#5935=AXIS2_PLACEMENT_3D('',#8352,#6582,#6583);
#5936=AXIS2_PLACEMENT_3D('',#8354,#6584,#6585);
#5937=AXIS2_PLACEMENT_3D('',#8355,#6586,#6587);
#5938=AXIS2_PLACEMENT_3D('',#8357,#6588,#6589);
#5939=AXIS2_PLACEMENT_3D('',#8358,#6590,#6591);
#5940=AXIS2_PLACEMENT_3D('',#8360,#6592,#6593);
#5941=AXIS2_PLACEMENT_3D('',#8361,#6594,#6595);
#5942=AXIS2_PLACEMENT_3D('',#8363,#6596,#6597);
#5943=AXIS2_PLACEMENT_3D('',#8364,#6598,#6599);
#5944=AXIS2_PLACEMENT_3D('',#8366,#6600,#6601);
#5945=AXIS2_PLACEMENT_3D('',#8367,#6602,#6603);
#5946=AXIS2_PLACEMENT_3D('',#8369,#6604,#6605);
#5947=AXIS2_PLACEMENT_3D('',#8370,#6606,#6607);
#5948=AXIS2_PLACEMENT_3D('',#8372,#6608,#6609);
#5949=AXIS2_PLACEMENT_3D('',#8373,#6610,#6611);
#5950=AXIS2_PLACEMENT_3D('',#8375,#6612,#6613);
#5951=AXIS2_PLACEMENT_3D('',#8376,#6614,#6615);
#5952=AXIS2_PLACEMENT_3D('',#8378,#6616,#6617);
#5953=AXIS2_PLACEMENT_3D('',#8379,#6618,#6619);
#5954=AXIS2_PLACEMENT_3D('',#8381,#6620,#6621);
#5955=AXIS2_PLACEMENT_3D('',#8382,#6622,#6623);
#5956=AXIS2_PLACEMENT_3D('',#8384,#6624,#6625);
#5957=AXIS2_PLACEMENT_3D('',#8385,#6626,#6627);
#5958=AXIS2_PLACEMENT_3D('',#8387,#6628,#6629);
#5959=AXIS2_PLACEMENT_3D('',#8388,#6630,#6631);
#5960=AXIS2_PLACEMENT_3D('',#8390,#6632,#6633);
#5961=AXIS2_PLACEMENT_3D('',#8391,#6634,#6635);
#5962=AXIS2_PLACEMENT_3D('',#8392,#6636,#6637);
#5963=AXIS2_PLACEMENT_3D('',#8409,#6646,#6647);
#5964=AXIS2_PLACEMENT_3D('',#8411,#6648,#6649);
#5965=AXIS2_PLACEMENT_3D('',#8412,#6650,#6651);
#5966=AXIS2_PLACEMENT_3D('',#8414,#6652,#6653);
#5967=AXIS2_PLACEMENT_3D('',#8416,#6654,#6655);
#5968=AXIS2_PLACEMENT_3D('',#8417,#6656,#6657);
#5969=AXIS2_PLACEMENT_3D('',#8419,#6658,#6659);
#5970=AXIS2_PLACEMENT_3D('',#8432,#6666,#6667);
#5971=AXIS2_PLACEMENT_3D('',#8438,#6671,#6672);
#5972=AXIS2_PLACEMENT_3D('',#8442,#6675,#6676);
#5973=AXIS2_PLACEMENT_3D('',#8446,#6679,#6680);
#5974=AXIS2_PLACEMENT_3D('',#8450,#6683,#6684);
#5975=AXIS2_PLACEMENT_3D('',#8454,#6687,#6688);
#5976=AXIS2_PLACEMENT_3D('',#8458,#6691,#6692);
#5977=AXIS2_PLACEMENT_3D('',#8462,#6695,#6696);
#5978=AXIS2_PLACEMENT_3D('',#8464,#6698,#6699);
#5979=AXIS2_PLACEMENT_3D('',#8465,#6700,#6701);
#5980=AXIS2_PLACEMENT_3D('',#8467,#6702,#6703);
#5981=AXIS2_PLACEMENT_3D('',#8468,#6704,#6705);
#5982=AXIS2_PLACEMENT_3D('',#8470,#6706,#6707);
#5983=AXIS2_PLACEMENT_3D('',#8471,#6708,#6709);
#5984=AXIS2_PLACEMENT_3D('',#8473,#6710,#6711);
#5985=AXIS2_PLACEMENT_3D('',#8486,#6718,#6719);
#5986=AXIS2_PLACEMENT_3D('',#8489,#6722,#6723);
#5987=AXIS2_PLACEMENT_3D('',#8491,#6725,#6726);
#5988=AXIS2_PLACEMENT_3D('',#8493,#6728,#6729);
#5989=AXIS2_PLACEMENT_3D('',#8495,#6731,#6732);
#5990=AXIS2_PLACEMENT_3D('',#8497,#6734,#6735);
#5991=AXIS2_PLACEMENT_3D('',#8498,#6736,#6737);
#5992=AXIS2_PLACEMENT_3D('',#8499,#6738,#6739);
#5993=AXIS2_PLACEMENT_3D('',#8500,#6740,#6741);
#5994=AXIS2_PLACEMENT_3D('',#8501,#6742,#6743);
#5995=AXIS2_PLACEMENT_3D('',#8503,#6744,#6745);
#5996=AXIS2_PLACEMENT_3D('',#8505,#6746,#6747);
#5997=AXIS2_PLACEMENT_3D('',#8546,#6750,#6751);
#5998=AXIS2_PLACEMENT_3D('',#8547,#6752,#6753);
#5999=AXIS2_PLACEMENT_3D('',#8555,#6757,#6758);
#6000=AXIS2_PLACEMENT_3D('',#8556,#6759,#6760);
#6001=AXIS2_PLACEMENT_3D('',#8564,#6764,#6765);
#6002=AXIS2_PLACEMENT_3D('',#8569,#6768,#6769);
#6003=AXIS2_PLACEMENT_3D('',#8573,#6771,#6772);
#6004=AXIS2_PLACEMENT_3D('',#8577,#6774,#6775);
#6005=AXIS2_PLACEMENT_3D('',#8578,#6776,#6777);
#6006=AXIS2_PLACEMENT_3D('',#8579,#6778,#6779);
#6007=AXIS2_PLACEMENT_3D('',#8583,#6781,#6782);
#6008=AXIS2_PLACEMENT_3D('',#8584,#6783,#6784);
#6009=AXIS2_PLACEMENT_3D('',#8590,#6788,#6789);
#6010=AXIS2_PLACEMENT_3D('',#8596,#6793,#6794);
#6011=AXIS2_PLACEMENT_3D('',#8602,#6798,#6799);
#6012=AXIS2_PLACEMENT_3D('',#8608,#6803,#6804);
#6013=AXIS2_PLACEMENT_3D('',#8614,#6808,#6809);
#6014=AXIS2_PLACEMENT_3D('',#8615,#6810,#6811);
#6015=AXIS2_PLACEMENT_3D('',#8619,#6813,#6814);
#6016=AXIS2_PLACEMENT_3D('',#8620,#6815,#6816);
#6017=AXIS2_PLACEMENT_3D('',#8629,#6821,#6822);
#6018=AXIS2_PLACEMENT_3D('',#8635,#6826,#6827);
#6019=AXIS2_PLACEMENT_3D('',#8641,#6831,#6832);
#6020=AXIS2_PLACEMENT_3D('',#8642,#6833,#6834);
#6021=AXIS2_PLACEMENT_3D('',#8646,#6836,#6837);
#6022=AXIS2_PLACEMENT_3D('',#8647,#6838,#6839);
#6023=AXIS2_PLACEMENT_3D('',#8648,#6840,#6841);
#6024=AXIS2_PLACEMENT_3D('',#8652,#6843,#6844);
#6025=AXIS2_PLACEMENT_3D('',#8653,#6845,#6846);
#6026=AXIS2_PLACEMENT_3D('',#8659,#6850,#6851);
#6027=AXIS2_PLACEMENT_3D('',#8660,#6852,#6853);
#6028=AXIS2_PLACEMENT_3D('',#8664,#6855,#6856);
#6029=AXIS2_PLACEMENT_3D('',#8665,#6857,#6858);
#6030=AXIS2_PLACEMENT_3D('',#8666,#6859,#6860);
#6031=AXIS2_PLACEMENT_3D('',#8670,#6862,#6863);
#6032=AXIS2_PLACEMENT_3D('',#8671,#6864,#6865);
#6033=AXIS2_PLACEMENT_3D('',#8672,#6866,#6867);
#6034=AXIS2_PLACEMENT_3D('',#8676,#6869,#6870);
#6035=AXIS2_PLACEMENT_3D('',#8677,#6871,#6872);
#6036=AXIS2_PLACEMENT_3D('',#8683,#6876,#6877);
#6037=AXIS2_PLACEMENT_3D('',#8687,#6879,#6880);
#6038=AXIS2_PLACEMENT_3D('',#8691,#6882,#6883);
#6039=AXIS2_PLACEMENT_3D('',#8692,#6884,#6885);
#6040=AXIS2_PLACEMENT_3D('',#8693,#6886,#6887);
#6041=AXIS2_PLACEMENT_3D('',#8697,#6889,#6890);
#6042=AXIS2_PLACEMENT_3D('',#8698,#6891,#6892);
#6043=AXIS2_PLACEMENT_3D('',#8699,#6893,#6894);
#6044=AXIS2_PLACEMENT_3D('',#8703,#6896,#6897);
#6045=AXIS2_PLACEMENT_3D('',#8704,#6898,#6899);
#6046=AXIS2_PLACEMENT_3D('',#8710,#6903,#6904);
#6047=AXIS2_PLACEMENT_3D('',#8711,#6905,#6906);
#6048=AXIS2_PLACEMENT_3D('',#8715,#6908,#6909);
#6049=AXIS2_PLACEMENT_3D('',#8716,#6910,#6911);
#6050=AXIS2_PLACEMENT_3D('',#8717,#6912,#6913);
#6051=AXIS2_PLACEMENT_3D('',#8721,#6915,#6916);
#6052=AXIS2_PLACEMENT_3D('',#8722,#6917,#6918);
#6053=AXIS2_PLACEMENT_3D('',#8728,#6922,#6923);
#6054=AXIS2_PLACEMENT_3D('',#8729,#6924,#6925);
#6055=AXIS2_PLACEMENT_3D('',#8733,#6927,#6928);
#6056=AXIS2_PLACEMENT_3D('',#8734,#6929,#6930);
#6057=AXIS2_PLACEMENT_3D('',#8743,#6935,#6936);
#6058=AXIS2_PLACEMENT_3D('',#8749,#6940,#6941);
#6059=AXIS2_PLACEMENT_3D('',#8755,#6945,#6946);
#6060=AXIS2_PLACEMENT_3D('',#8756,#6947,#6948);
#6061=AXIS2_PLACEMENT_3D('',#8760,#6950,#6951);
#6062=AXIS2_PLACEMENT_3D('',#8761,#6952,#6953);
#6063=AXIS2_PLACEMENT_3D('',#8762,#6954,#6955);
#6064=AXIS2_PLACEMENT_3D('',#8766,#6957,#6958);
#6065=AXIS2_PLACEMENT_3D('',#8767,#6959,#6960);
#6066=AXIS2_PLACEMENT_3D('',#8768,#6961,#6962);
#6067=AXIS2_PLACEMENT_3D('',#8772,#6964,#6965);
#6068=AXIS2_PLACEMENT_3D('',#8773,#6966,#6967);
#6069=AXIS2_PLACEMENT_3D('',#8779,#6971,#6972);
#6070=AXIS2_PLACEMENT_3D('',#8785,#6976,#6977);
#6071=AXIS2_PLACEMENT_3D('',#8791,#6981,#6982);
#6072=AXIS2_PLACEMENT_3D('',#8792,#6983,#6984);
#6073=AXIS2_PLACEMENT_3D('',#8796,#6986,#6987);
#6074=AXIS2_PLACEMENT_3D('',#8797,#6988,#6989);
#6075=AXIS2_PLACEMENT_3D('',#8798,#6990,#6991);
#6076=AXIS2_PLACEMENT_3D('',#8802,#6993,#6994);
#6077=AXIS2_PLACEMENT_3D('',#8803,#6995,#6996);
#6078=AXIS2_PLACEMENT_3D('',#8804,#6997,#6998);
#6079=AXIS2_PLACEMENT_3D('',#8808,#7000,#7001);
#6080=AXIS2_PLACEMENT_3D('',#8809,#7002,#7003);
#6081=AXIS2_PLACEMENT_3D('',#8810,#7004,#7005);
#6082=AXIS2_PLACEMENT_3D('',#8814,#7007,#7008);
#6083=AXIS2_PLACEMENT_3D('',#8815,#7009,#7010);
#6084=AXIS2_PLACEMENT_3D('',#8821,#7014,#7015);
#6085=AXIS2_PLACEMENT_3D('',#8825,#7017,#7018);
#6086=AXIS2_PLACEMENT_3D('',#8829,#7020,#7021);
#6087=AXIS2_PLACEMENT_3D('',#8830,#7022,#7023);
#6088=AXIS2_PLACEMENT_3D('',#8831,#7024,#7025);
#6089=AXIS2_PLACEMENT_3D('',#8835,#7027,#7028);
#6090=AXIS2_PLACEMENT_3D('',#8836,#7029,#7030);
#6091=AXIS2_PLACEMENT_3D('',#8837,#7031,#7032);
#6092=AXIS2_PLACEMENT_3D('',#8841,#7034,#7035);
#6093=AXIS2_PLACEMENT_3D('',#8842,#7036,#7037);
#6094=AXIS2_PLACEMENT_3D('',#8848,#7041,#7042);
#6095=AXIS2_PLACEMENT_3D('',#8849,#7043,#7044);
#6096=AXIS2_PLACEMENT_3D('',#8853,#7046,#7047);
#6097=AXIS2_PLACEMENT_3D('',#8854,#7048,#7049);
#6098=AXIS2_PLACEMENT_3D('',#8855,#7050,#7051);
#6099=AXIS2_PLACEMENT_3D('',#8859,#7053,#7054);
#6100=AXIS2_PLACEMENT_3D('',#8860,#7055,#7056);
#6101=AXIS2_PLACEMENT_3D('',#8866,#7060,#7061);
#6102=AXIS2_PLACEMENT_3D('',#8867,#7062,#7063);
#6103=AXIS2_PLACEMENT_3D('',#8871,#7065,#7066);
#6104=AXIS2_PLACEMENT_3D('',#8872,#7067,#7068);
#6105=AXIS2_PLACEMENT_3D('',#8881,#7073,#7074);
#6106=AXIS2_PLACEMENT_3D('',#8887,#7078,#7079);
#6107=AXIS2_PLACEMENT_3D('',#8893,#7083,#7084);
#6108=AXIS2_PLACEMENT_3D('',#8894,#7085,#7086);
#6109=AXIS2_PLACEMENT_3D('',#8898,#7088,#7089);
#6110=AXIS2_PLACEMENT_3D('',#8899,#7090,#7091);
#6111=AXIS2_PLACEMENT_3D('',#8900,#7092,#7093);
#6112=AXIS2_PLACEMENT_3D('',#8904,#7095,#7096);
#6113=AXIS2_PLACEMENT_3D('',#8905,#7097,#7098);
#6114=AXIS2_PLACEMENT_3D('',#8906,#7099,#7100);
#6115=AXIS2_PLACEMENT_3D('',#8910,#7102,#7103);
#6116=AXIS2_PLACEMENT_3D('',#8911,#7104,#7105);
#6117=AXIS2_PLACEMENT_3D('',#8912,#7106,#7107);
#6118=AXIS2_PLACEMENT_3D('',#8916,#7109,#7110);
#6119=AXIS2_PLACEMENT_3D('',#8917,#7111,#7112);
#6120=AXIS2_PLACEMENT_3D('',#8923,#7116,#7117);
#6121=AXIS2_PLACEMENT_3D('',#8932,#7122,#7123);
#6122=AXIS2_PLACEMENT_3D('',#8938,#7127,#7128);
#6123=AXIS2_PLACEMENT_3D('',#8944,#7132,#7133);
#6124=AXIS2_PLACEMENT_3D('',#8945,#7134,#7135);
#6125=AXIS2_PLACEMENT_3D('',#8949,#7137,#7138);
#6126=AXIS2_PLACEMENT_3D('',#8950,#7139,#7140);
#6127=AXIS2_PLACEMENT_3D('',#8951,#7141,#7142);
#6128=AXIS2_PLACEMENT_3D('',#8955,#7144,#7145);
#6129=AXIS2_PLACEMENT_3D('',#8956,#7146,#7147);
#6130=AXIS2_PLACEMENT_3D('',#8957,#7148,#7149);
#6131=AXIS2_PLACEMENT_3D('',#8961,#7151,#7152);
#6132=AXIS2_PLACEMENT_3D('',#8962,#7153,#7154);
#6133=AXIS2_PLACEMENT_3D('',#8968,#7158,#7159);
#6134=AXIS2_PLACEMENT_3D('',#8974,#7163,#7164);
#6135=AXIS2_PLACEMENT_3D('',#8980,#7168,#7169);
#6136=AXIS2_PLACEMENT_3D('',#8981,#7170,#7171);
#6137=AXIS2_PLACEMENT_3D('',#8985,#7173,#7174);
#6138=AXIS2_PLACEMENT_3D('',#8986,#7175,#7176);
#6139=AXIS2_PLACEMENT_3D('',#8987,#7177,#7178);
#6140=AXIS2_PLACEMENT_3D('',#8991,#7180,#7181);
#6141=AXIS2_PLACEMENT_3D('',#8992,#7182,#7183);
#6142=AXIS2_PLACEMENT_3D('',#8993,#7184,#7185);
#6143=AXIS2_PLACEMENT_3D('',#8997,#7187,#7188);
#6144=AXIS2_PLACEMENT_3D('',#8998,#7189,#7190);
#6145=AXIS2_PLACEMENT_3D('',#8999,#7191,#7192);
#6146=AXIS2_PLACEMENT_3D('',#9003,#7194,#7195);
#6147=AXIS2_PLACEMENT_3D('',#9004,#7196,#7197);
#6148=AXIS2_PLACEMENT_3D('',#9010,#7201,#7202);
#6149=AXIS2_PLACEMENT_3D('',#9019,#7207,#7208);
#6150=AXIS2_PLACEMENT_3D('',#9020,#7209,#7210);
#6151=AXIS2_PLACEMENT_3D('',#9024,#7212,#7213);
#6152=AXIS2_PLACEMENT_3D('',#9025,#7214,#7215);
#6153=AXIS2_PLACEMENT_3D('',#9026,#7216,#7217);
#6154=AXIS2_PLACEMENT_3D('',#9030,#7219,#7220);
#6155=AXIS2_PLACEMENT_3D('',#9031,#7221,#7222);
#6156=AXIS2_PLACEMENT_3D('',#9032,#7223,#7224);
#6157=AXIS2_PLACEMENT_3D('',#9036,#7226,#7227);
#6158=AXIS2_PLACEMENT_3D('',#9037,#7228,#7229);
#6159=AXIS2_PLACEMENT_3D('',#9038,#7230,#7231);
#6160=AXIS2_PLACEMENT_3D('',#9042,#7233,#7234);
#6161=AXIS2_PLACEMENT_3D('',#9043,#7235,#7236);
#6162=AXIS2_PLACEMENT_3D('',#9044,#7237,#7238);
#6163=AXIS2_PLACEMENT_3D('',#9048,#7240,#7241);
#6164=AXIS2_PLACEMENT_3D('',#9049,#7242,#7243);
#6165=AXIS2_PLACEMENT_3D('',#9050,#7244,#7245);
#6166=AXIS2_PLACEMENT_3D('',#9054,#7247,#7248);
#6167=AXIS2_PLACEMENT_3D('',#9055,#7249,#7250);
#6168=AXIS2_PLACEMENT_3D('',#9056,#7251,#7252);
#6169=AXIS2_PLACEMENT_3D('',#9060,#7254,#7255);
#6170=AXIS2_PLACEMENT_3D('',#9061,#7256,#7257);
#6171=AXIS2_PLACEMENT_3D('',#9067,#7261,#7262);
#6172=AXIS2_PLACEMENT_3D('',#9068,#7263,#7264);
#6173=AXIS2_PLACEMENT_3D('',#9072,#7266,#7267);
#6174=AXIS2_PLACEMENT_3D('',#9073,#7268,#7269);
#6175=AXIS2_PLACEMENT_3D('',#9074,#7270,#7271);
#6176=AXIS2_PLACEMENT_3D('',#9078,#7273,#7274);
#6177=AXIS2_PLACEMENT_3D('',#9079,#7275,#7276);
#6178=AXIS2_PLACEMENT_3D('',#9080,#7277,#7278);
#6179=AXIS2_PLACEMENT_3D('',#9084,#7280,#7281);
#6180=AXIS2_PLACEMENT_3D('',#9085,#7282,#7283);
#6181=AXIS2_PLACEMENT_3D('',#9086,#7284,#7285);
#6182=AXIS2_PLACEMENT_3D('',#9090,#7287,#7288);
#6183=AXIS2_PLACEMENT_3D('',#9091,#7289,#7290);
#6184=AXIS2_PLACEMENT_3D('',#9092,#7291,#7292);
#6185=AXIS2_PLACEMENT_3D('',#9096,#7294,#7295);
#6186=AXIS2_PLACEMENT_3D('',#9097,#7296,#7297);
#6187=AXIS2_PLACEMENT_3D('',#9098,#7298,#7299);
#6188=AXIS2_PLACEMENT_3D('',#9102,#7301,#7302);
#6189=AXIS2_PLACEMENT_3D('',#9103,#7303,#7304);
#6190=AXIS2_PLACEMENT_3D('',#9104,#7305,#7306);
#6191=AXIS2_PLACEMENT_3D('',#9105,#7307,#7308);
#6192=AXIS2_PLACEMENT_3D('',#9106,#7309,#7310);
#6193=AXIS2_PLACEMENT_3D('',#9109,#7313,#7314);
#6194=AXIS2_PLACEMENT_3D('',#9110,#7315,#7316);
#6195=AXIS2_PLACEMENT_3D('',#9111,#7317,#7318);
#6196=AXIS2_PLACEMENT_3D('',#9112,#7319,#7320);
#6197=AXIS2_PLACEMENT_3D('',#9115,#7323,#7324);
#6198=AXIS2_PLACEMENT_3D('',#9116,#7325,#7326);
#6199=AXIS2_PLACEMENT_3D('',#9117,#7327,#7328);
#6200=AXIS2_PLACEMENT_3D('',#9118,#7329,#7330);
#6201=AXIS2_PLACEMENT_3D('',#9121,#7333,#7334);
#6202=AXIS2_PLACEMENT_3D('',#9124,#7337,#7338);
#6203=AXIS2_PLACEMENT_3D('',#9125,#7339,#7340);
#6204=AXIS2_PLACEMENT_3D('',#9126,#7341,#7342);
#6205=AXIS2_PLACEMENT_3D('',#9127,#7343,#7344);
#6206=AXIS2_PLACEMENT_3D('',#9128,#7345,#7346);
#6207=AXIS2_PLACEMENT_3D('',#9135,#7350,#7351);
#6208=AXIS2_PLACEMENT_3D('',#9136,#7352,#7353);
#6209=AXIS2_PLACEMENT_3D('',#9137,#7354,#7355);
#6210=AXIS2_PLACEMENT_3D('',#9145,#7356,#7357);
#6211=AXIS2_PLACEMENT_3D('',#9151,#7358,#7359);
#6212=AXIS2_PLACEMENT_3D('',#9155,#7361,#7362);
#6213=AXIS2_PLACEMENT_3D('',#9166,#7363,#7364);
#6214=AXIS2_PLACEMENT_3D('',#9167,#7365,#7366);
#6215=AXIS2_PLACEMENT_3D('',#9175,#7370,#7371);
#6216=AXIS2_PLACEMENT_3D('',#9178,#7373,#7374);
#6217=AXIS2_PLACEMENT_3D('',#9180,#7376,#7377);
#6218=AXIS2_PLACEMENT_3D('',#9183,#7379,#7380);
#6219=AXIS2_PLACEMENT_3D('',#9184,#7381,#7382);
#6220=AXIS2_PLACEMENT_3D('',#9185,#7383,#7384);
#6221=AXIS2_PLACEMENT_3D('',#9188,#7386,#7387);
#6222=AXIS2_PLACEMENT_3D('',#9189,#7388,#7389);
#6223=AXIS2_PLACEMENT_3D('',#9192,#7390,#7391);
#6224=AXIS2_PLACEMENT_3D('',#9194,#7392,#7393);
#6225=AXIS2_PLACEMENT_3D('',#9196,#7394,#7395);
#6226=AXIS2_PLACEMENT_3D('',#9197,#7396,#7397);
#6227=AXIS2_PLACEMENT_3D('',#9198,#7398,#7399);
#6228=AXIS2_PLACEMENT_3D('',#9201,#7400,#7401);
#6229=AXIS2_PLACEMENT_3D('',#9203,#7402,#7403);
#6230=AXIS2_PLACEMENT_3D('',#9205,#7404,#7405);
#6231=AXIS2_PLACEMENT_3D('',#9206,#7406,#7407);
#6232=AXIS2_PLACEMENT_3D('',#9209,#7410,#7411);
#6233=AXIS2_PLACEMENT_3D('',#9211,#7413,#7414);
#6234=AXIS2_PLACEMENT_3D('',#9213,#7416,#7417);
#6235=AXIS2_PLACEMENT_3D('',#9214,#7418,#7419);
#6236=AXIS2_PLACEMENT_3D('',#9215,#7420,#7421);
#6237=AXIS2_PLACEMENT_3D('',#9220,#7423,#7424);
#6238=AXIS2_PLACEMENT_3D('',#9221,#7425,#7426);
#6239=AXIS2_PLACEMENT_3D('',#9222,#7427,#7428);
#6240=AXIS2_PLACEMENT_3D('',#9225,#7429,#7430);
#6241=AXIS2_PLACEMENT_3D('',#9228,#7432,#7433);
#6242=AXIS2_PLACEMENT_3D('',#9231,#7436,#7437);
#6243=AXIS2_PLACEMENT_3D('',#9233,#7439,#7440);
#6244=AXIS2_PLACEMENT_3D('',#9234,#7441,#7442);
#6245=AXIS2_PLACEMENT_3D('',#9235,#7443,#7444);
#6246=AXIS2_PLACEMENT_3D('',#9240,#7446,#7447);
#6247=AXIS2_PLACEMENT_3D('',#9241,#7448,#7449);
#6248=AXIS2_PLACEMENT_3D('',#9242,#7450,#7451);
#6249=AXIS2_PLACEMENT_3D('',#9245,#7452,#7453);
#6250=AXIS2_PLACEMENT_3D('',#9248,#7455,#7456);
#6251=AXIS2_PLACEMENT_3D('',#9251,#7459,#7460);
#6252=AXIS2_PLACEMENT_3D('',#9253,#7462,#7463);
#6253=AXIS2_PLACEMENT_3D('',#9254,#7464,#7465);
#6254=AXIS2_PLACEMENT_3D('',#9255,#7466,#7467);
#6255=AXIS2_PLACEMENT_3D('',#9258,#7468,#7469);
#6256=AXIS2_PLACEMENT_3D('',#9260,#7470,#7471);
#6257=AXIS2_PLACEMENT_3D('',#9262,#7472,#7473);
#6258=AXIS2_PLACEMENT_3D('',#9263,#7474,#7475);
#6259=AXIS2_PLACEMENT_3D('',#9264,#7476,#7477);
#6260=AXIS2_PLACEMENT_3D('',#9267,#7478,#7479);
#6261=AXIS2_PLACEMENT_3D('',#9269,#7480,#7481);
#6262=AXIS2_PLACEMENT_3D('',#9271,#7482,#7483);
#6263=AXIS2_PLACEMENT_3D('',#9272,#7484,#7485);
#6264=AXIS2_PLACEMENT_3D('',#9275,#7488,#7489);
#6265=AXIS2_PLACEMENT_3D('',#9277,#7491,#7492);
#6266=AXIS2_PLACEMENT_3D('',#9279,#7494,#7495);
#6267=AXIS2_PLACEMENT_3D('',#9280,#7496,#7497);
#6268=AXIS2_PLACEMENT_3D('',#9281,#7498,#7499);
#6269=AXIS2_PLACEMENT_3D('',#9282,#7500,#7501);
#6270=AXIS2_PLACEMENT_3D('',#9283,#7502,#7503);
#6271=AXIS2_PLACEMENT_3D('',#9284,#7504,#7505);
#6272=AXIS2_PLACEMENT_3D('',#9287,#7507,#7508);
#6273=AXIS2_PLACEMENT_3D('',#9290,#7510,#7511);
#6274=AXIS2_PLACEMENT_3D('',#9291,#7512,#7513);
#6275=AXIS2_PLACEMENT_3D('',#9294,#7515,#7516);
#6276=AXIS2_PLACEMENT_3D('',#9295,#7517,#7518);
#6277=AXIS2_PLACEMENT_3D('',#9298,#7520,#7521);
#6278=AXIS2_PLACEMENT_3D('',#9304,#7525,#7526);
#6279=AXIS2_PLACEMENT_3D('',#9306,#7528,#7529);
#6280=AXIS2_PLACEMENT_3D('',#9308,#7531,#7532);
#6281=AXIS2_PLACEMENT_3D('',#9309,#7533,#7534);
#6282=AXIS2_PLACEMENT_3D('',#9313,#7536,#7537);
#6283=AXIS2_PLACEMENT_3D('',#9315,#7539,#7540);
#6284=AXIS2_PLACEMENT_3D('',#9322,#7542,#7543);
#6285=AXIS2_PLACEMENT_3D('',#9324,#7544,#7545);
#6286=AXIS2_PLACEMENT_3D('',#9331,#7547,#7548);
#6287=AXIS2_PLACEMENT_3D('',#9333,#7549,#7550);
#6288=AXIS2_PLACEMENT_3D('',#9334,#7551,#7552);
#6289=AXIS2_PLACEMENT_3D('',#9335,#7553,#7554);
#6290=AXIS2_PLACEMENT_3D('',#9336,#7555,#7556);
#6291=AXIS2_PLACEMENT_3D('',#9337,#7557,#7558);
#6292=AXIS2_PLACEMENT_3D('',#9339,#7559,#7560);
#6293=AXIS2_PLACEMENT_3D('',#9341,#7561,#7562);
#6294=AXIS2_PLACEMENT_3D('',#9342,#7563,#7564);
#6295=AXIS2_PLACEMENT_3D('',#9343,#7565,#7566);
#6296=AXIS2_PLACEMENT_3D('',#9344,#7567,#7568);
#6297=AXIS2_PLACEMENT_3D('',#9345,#7569,#7570);
#6298=AXIS2_PLACEMENT_3D('',#9347,#7571,#7572);
#6299=AXIS2_PLACEMENT_3D('',#9348,#7573,#7574);
#6300=AXIS2_PLACEMENT_3D('',#9350,#7575,#7576);
#6301=AXIS2_PLACEMENT_3D('',#9351,#7577,#7578);
#6302=AXIS2_PLACEMENT_3D('',#9352,#7579,#7580);
#6303=AXIS2_PLACEMENT_3D('',#9353,#7581,#7582);
#6304=AXIS2_PLACEMENT_3D('',#9355,#7583,#7584);
#6305=AXIS2_PLACEMENT_3D('',#9356,#7585,#7586);
#6306=AXIS2_PLACEMENT_3D('',#9358,#7587,#7588);
#6307=AXIS2_PLACEMENT_3D('',#9359,#7589,#7590);
#6308=AXIS2_PLACEMENT_3D('',#9361,#7591,#7592);
#6309=AXIS2_PLACEMENT_3D('',#9362,#7593,#7594);
#6310=AXIS2_PLACEMENT_3D('',#9364,#7595,#7596);
#6311=AXIS2_PLACEMENT_3D('',#9365,#7597,#7598);
#6312=AXIS2_PLACEMENT_3D('',#9367,#7599,#7600);
#6313=AXIS2_PLACEMENT_3D('',#9368,#7601,#7602);
#6314=AXIS2_PLACEMENT_3D('',#9370,#7603,#7604);
#6315=AXIS2_PLACEMENT_3D('',#9371,#7605,#7606);
#6316=AXIS2_PLACEMENT_3D('',#9372,#7607,#7608);
#6317=AXIS2_PLACEMENT_3D('',#9373,#7609,#7610);
#6318=AXIS2_PLACEMENT_3D('',#9375,#7611,#7612);
#6319=AXIS2_PLACEMENT_3D('',#9377,#7613,#7614);
#6320=AXIS2_PLACEMENT_3D('',#9378,#7615,#7616);
#6321=AXIS2_PLACEMENT_3D('',#9380,#7617,#7618);
#6322=AXIS2_PLACEMENT_3D('',#9381,#7619,#7620);
#6323=AXIS2_PLACEMENT_3D('',#9383,#7621,#7622);
#6324=AXIS2_PLACEMENT_3D('',#9384,#7623,#7624);
#6325=AXIS2_PLACEMENT_3D('',#9386,#7625,#7626);
#6326=AXIS2_PLACEMENT_3D('',#9387,#7627,#7628);
#6327=AXIS2_PLACEMENT_3D('',#9389,#7629,#7630);
#6328=AXIS2_PLACEMENT_3D('',#9390,#7631,#7632);
#6329=AXIS2_PLACEMENT_3D('',#9392,#7633,#7634);
#6330=AXIS2_PLACEMENT_3D('',#9393,#7635,#7636);
#6331=AXIS2_PLACEMENT_3D('',#9395,#7637,#7638);
#6332=AXIS2_PLACEMENT_3D('',#9396,#7639,#7640);
#6333=AXIS2_PLACEMENT_3D('',#9398,#7641,#7642);
#6334=AXIS2_PLACEMENT_3D('',#9399,#7643,#7644);
#6335=AXIS2_PLACEMENT_3D('',#9401,#7645,#7646);
#6336=AXIS2_PLACEMENT_3D('',#9402,#7647,#7648);
#6337=AXIS2_PLACEMENT_3D('',#9404,#7649,#7650);
#6338=AXIS2_PLACEMENT_3D('',#9405,#7651,#7652);
#6339=AXIS2_PLACEMENT_3D('',#9407,#7653,#7654);
#6340=AXIS2_PLACEMENT_3D('',#9408,#7655,#7656);
#6341=AXIS2_PLACEMENT_3D('',#9410,#7657,#7658);
#6342=AXIS2_PLACEMENT_3D('',#9411,#7659,#7660);
#6343=AXIS2_PLACEMENT_3D('',#9413,#7661,#7662);
#6344=AXIS2_PLACEMENT_3D('',#9414,#7663,#7664);
#6345=AXIS2_PLACEMENT_3D('',#9416,#7665,#7666);
#6346=AXIS2_PLACEMENT_3D('',#9417,#7667,#7668);
#6347=AXIS2_PLACEMENT_3D('',#9419,#7669,#7670);
#6348=AXIS2_PLACEMENT_3D('',#9420,#7671,#7672);
#6349=AXIS2_PLACEMENT_3D('',#9422,#7673,#7674);
#6350=AXIS2_PLACEMENT_3D('',#9423,#7675,#7676);
#6351=AXIS2_PLACEMENT_3D('',#9425,#7677,#7678);
#6352=AXIS2_PLACEMENT_3D('',#9426,#7679,#7680);
#6353=AXIS2_PLACEMENT_3D('',#9428,#7681,#7682);
#6354=AXIS2_PLACEMENT_3D('',#9429,#7683,#7684);
#6355=AXIS2_PLACEMENT_3D('',#9431,#7685,#7686);
#6356=AXIS2_PLACEMENT_3D('',#9432,#7687,#7688);
#6357=AXIS2_PLACEMENT_3D('',#9433,#7689,#7690);
#6358=AXIS2_PLACEMENT_3D('',#9434,#7691,#7692);
#6359=AXIS2_PLACEMENT_3D('',#9436,#7693,#7694);
#6360=AXIS2_PLACEMENT_3D('',#9438,#7695,#7696);
#6361=AXIS2_PLACEMENT_3D('',#9439,#7697,#7698);
#6362=AXIS2_PLACEMENT_3D('',#9441,#7699,#7700);
#6363=AXIS2_PLACEMENT_3D('',#9442,#7701,#7702);
#6364=AXIS2_PLACEMENT_3D('',#9444,#7703,#7704);
#6365=AXIS2_PLACEMENT_3D('',#9445,#7705,#7706);
#6366=AXIS2_PLACEMENT_3D('',#9447,#7707,#7708);
#6367=AXIS2_PLACEMENT_3D('',#9448,#7709,#7710);
#6368=AXIS2_PLACEMENT_3D('',#9450,#7711,#7712);
#6369=AXIS2_PLACEMENT_3D('',#9451,#7713,#7714);
#6370=AXIS2_PLACEMENT_3D('',#9453,#7715,#7716);
#6371=AXIS2_PLACEMENT_3D('',#9454,#7717,#7718);
#6372=AXIS2_PLACEMENT_3D('',#9456,#7719,#7720);
#6373=AXIS2_PLACEMENT_3D('',#9457,#7721,#7722);
#6374=AXIS2_PLACEMENT_3D('',#9459,#7723,#7724);
#6375=AXIS2_PLACEMENT_3D('',#9460,#7725,#7726);
#6376=AXIS2_PLACEMENT_3D('',#9462,#7727,#7728);
#6377=AXIS2_PLACEMENT_3D('',#9463,#7729,#7730);
#6378=AXIS2_PLACEMENT_3D('',#9465,#7731,#7732);
#6379=AXIS2_PLACEMENT_3D('',#9466,#7733,#7734);
#6380=AXIS2_PLACEMENT_3D('',#9468,#7735,#7736);
#6381=AXIS2_PLACEMENT_3D('',#9469,#7737,#7738);
#6382=AXIS2_PLACEMENT_3D('',#9471,#7739,#7740);
#6383=AXIS2_PLACEMENT_3D('',#9472,#7741,#7742);
#6384=AXIS2_PLACEMENT_3D('',#9474,#7743,#7744);
#6385=AXIS2_PLACEMENT_3D('',#9475,#7745,#7746);
#6386=AXIS2_PLACEMENT_3D('',#9477,#7747,#7748);
#6387=AXIS2_PLACEMENT_3D('',#9478,#7749,#7750);
#6388=AXIS2_PLACEMENT_3D('',#9479,#7751,#7752);
#6389=AXIS2_PLACEMENT_3D('',#9495,#7755,#7756);
#6390=AXIS2_PLACEMENT_3D('',#9496,#7757,#7758);
#6391=AXIS2_PLACEMENT_3D('',#9512,#7761,#7762);
#6392=AXIS2_PLACEMENT_3D('',#9513,#7763,#7764);
#6393=AXIS2_PLACEMENT_3D('',#9525,#7766,#7767);
#6394=AXIS2_PLACEMENT_3D('',#9528,#7769,#7770);
#6395=AXIS2_PLACEMENT_3D('',#9540,#7772,#7773);
#6396=AXIS2_PLACEMENT_3D('',#9543,#7775,#7776);
#6397=AXIS2_PLACEMENT_3D('',#9559,#7784,#7785);
#6398=AXIS2_PLACEMENT_3D('',#9568,#7790,#7791);
#6399=AXIS2_PLACEMENT_3D('',#9569,#7792,#7793);
#6400=AXIS2_PLACEMENT_3D('',#9570,#7794,#7795);
#6401=AXIS2_PLACEMENT_3D('',#9573,#7797,#7798);
#6402=AXIS2_PLACEMENT_3D('',#9577,#7800,#7801);
#6403=AXIS2_PLACEMENT_3D('',#9589,#7807,#7808);
#6404=AXIS2_PLACEMENT_3D('',#9592,#7810,#7811);
#6405=AXIS2_PLACEMENT_3D('',#9593,#7812,#7813);
#6406=AXIS2_PLACEMENT_3D('',#9595,#7815,#7816);
#6407=AXIS2_PLACEMENT_3D('',#9603,#7820,#7821);
#6408=AXIS2_PLACEMENT_3D('',#9620,#7830,#7831);
#6409=AXIS2_PLACEMENT_3D('',#9621,#7832,#7833);
#6410=AXIS2_PLACEMENT_3D('',#9623,#7835,#7836);
#6411=AXIS2_PLACEMENT_3D('',#9624,#7837,#7838);
#6412=AXIS2_PLACEMENT_3D('',#9627,#7840,#7841);
#6413=AXIS2_PLACEMENT_3D('',#9639,#7847,#7848);
#6414=AXIS2_PLACEMENT_3D('',#9643,#7850,#7851);
#6415=AXIS2_PLACEMENT_3D('',#9646,#7853,#7854);
#6416=AXIS2_PLACEMENT_3D('',#9647,#7855,#7856);
#6417=AXIS2_PLACEMENT_3D('',#9653,#7860,#7861);
#6418=AXIS2_PLACEMENT_3D('',#9654,#7862,#7863);
#6419=AXIS2_PLACEMENT_3D('',#9661,#7868,#7869);
#6420=AXIS2_PLACEMENT_3D('',#9663,#7871,#7872);
#6421=AXIS2_PLACEMENT_3D('',#9665,#7874,#7875);
#6422=AXIS2_PLACEMENT_3D('',#9667,#7877,#7878);
#6423=AXIS2_PLACEMENT_3D('',#9669,#7880,#7881);
#6424=AXIS2_PLACEMENT_3D('',#9670,#7882,#7883);
#6425=AXIS2_PLACEMENT_3D('',#9675,#7887,#7888);
#6426=AXIS2_PLACEMENT_3D('',#9679,#7891,#7892);
#6427=AXIS2_PLACEMENT_3D('',#9682,#7894,#7895);
#6428=AXIS2_PLACEMENT_3D('',#9686,#7897,#7898);
#6429=AXIS2_PLACEMENT_3D('',#9690,#7900,#7901);
#6430=AXIS2_PLACEMENT_3D('',#9694,#7903,#7904);
#6431=AXIS2_PLACEMENT_3D('',#9698,#7906,#7907);
#6432=AXIS2_PLACEMENT_3D('',#9702,#7909,#7910);
#6433=AXIS2_PLACEMENT_3D('',#9743,#7931,#7932);
#6434=AXIS2_PLACEMENT_3D('',#9746,#7934,#7935);
#6435=AXIS2_PLACEMENT_3D('',#9750,#7937,#7938);
#6436=AXIS2_PLACEMENT_3D('',#9751,#7939,#7940);
#6437=AXIS2_PLACEMENT_3D('',#9756,#7942,#7943);
#6438=AXIS2_PLACEMENT_3D('',#9760,#7945,#7946);
#6439=AXIS2_PLACEMENT_3D('',#9764,#7948,#7949);
#6440=AXIS2_PLACEMENT_3D('',#9787,#7961,#7962);
#6441=AXIS2_PLACEMENT_3D('',#9792,#7966,#7967);
#6442=AXIS2_PLACEMENT_3D('',#9794,#7969,#7970);
#6443=AXIS2_PLACEMENT_3D('',#9796,#7972,#7973);
#6444=AXIS2_PLACEMENT_3D('',#9798,#7975,#7976);
#6445=AXIS2_PLACEMENT_3D('',#9799,#7977,#7978);
#6446=AXIS2_PLACEMENT_3D('',#9800,#7979,#7980);
#6447=AXIS2_PLACEMENT_3D('',#9804,#7982,#7983);
#6448=AXIS2_PLACEMENT_3D('',#9807,#7985,#7986);
#6449=AXIS2_PLACEMENT_3D('',#9809,#7988,#7989);
#6450=AXIS2_PLACEMENT_3D('',#9811,#7991,#7992);
#6451=AXIS2_PLACEMENT_3D('',#9813,#7994,#7995);
#6452=AXIS2_PLACEMENT_3D('',#9814,#7996,#7997);
#6453=AXIS2_PLACEMENT_3D('',#9815,#7998,#7999);
#6454=AXIS2_PLACEMENT_3D('',#9819,#8001,#8002);
#6455=AXIS2_PLACEMENT_3D('',#9820,#8003,#8004);
#6456=AXIS2_PLACEMENT_3D('',#9822,#8006,#8007);
#6457=AXIS2_PLACEMENT_3D('',#9824,#8009,#8010);
#6458=AXIS2_PLACEMENT_3D('',#9825,#8011,#8012);
#6459=AXIS2_PLACEMENT_3D('',#9826,#8013,#8014);
#6460=AXIS2_PLACEMENT_3D('',#9827,#8015,#8016);
#6461=AXIS2_PLACEMENT_3D('',#9828,#8017,#8018);
#6462=AXIS2_PLACEMENT_3D('',#9829,#8019,#8020);
#6463=AXIS2_PLACEMENT_3D('',#9830,#8021,#8022);
#6464=AXIS2_PLACEMENT_3D('',#9831,#8023,#8024);
#6465=AXIS2_PLACEMENT_3D('',#9832,#8025,#8026);
#6466=AXIS2_PLACEMENT_3D('',#9833,#8027,#8028);
#6467=AXIS2_PLACEMENT_3D('',#9834,#8029,#8030);
#6468=AXIS2_PLACEMENT_3D('',#9840,#8034,#8035);
#6469=AXIS2_PLACEMENT_3D('',#9844,#8038,#8039);
#6470=AXIS2_PLACEMENT_3D('',#9848,#8042,#8043);
#6471=AXIS2_PLACEMENT_3D('',#9852,#8046,#8047);
#6472=AXIS2_PLACEMENT_3D('',#9856,#8050,#8051);
#6473=AXIS2_PLACEMENT_3D('',#9860,#8054,#8055);
#6474=AXIS2_PLACEMENT_3D('',#9864,#8058,#8059);
#6475=AXIS2_PLACEMENT_3D('',#9868,#8062,#8063);
#6476=AXIS2_PLACEMENT_3D('',#9872,#8066,#8067);
#6477=AXIS2_PLACEMENT_3D('',#9875,#8069,#8070);
#6478=AXIS2_PLACEMENT_3D('',#9878,#8072,#8073);
#6479=AXIS2_PLACEMENT_3D('',#9882,#8076,#8077);
#6480=AXIS2_PLACEMENT_3D('',#9883,#8078,#8079);
#6481=AXIS2_PLACEMENT_3D('',#9886,#8081,#8082);
#6482=AXIS2_PLACEMENT_3D('',#9890,#8085,#8086);
#6483=AXIS2_PLACEMENT_3D('',#9891,#8087,#8088);
#6484=AXIS2_PLACEMENT_3D('',#9894,#8090,#8091);
#6485=AXIS2_PLACEMENT_3D('',#9898,#8094,#8095);
#6486=AXIS2_PLACEMENT_3D('',#9899,#8096,#8097);
#6487=AXIS2_PLACEMENT_3D('',#9902,#8099,#8100);
#6488=AXIS2_PLACEMENT_3D('',#9904,#8102,#8103);
#6489=AXIS2_PLACEMENT_3D('',#9906,#8105,#8106);
#6490=AXIS2_PLACEMENT_3D('',#9907,#8107,#8108);
#6491=AXIS2_PLACEMENT_3D('',#9908,#8109,#8110);
#6492=AXIS2_PLACEMENT_3D('',#9913,#8112,#8113);
#6493=AXIS2_PLACEMENT_3D('',#9915,#8114,#8115);
#6494=AXIS2_PLACEMENT_3D('',#9919,#8117,#8118);
#6495=AXIS2_PLACEMENT_3D('',#9920,#8119,#8120);
#6496=AXIS2_PLACEMENT_3D('',#9926,#8124,#8125);
#6497=AXIS2_PLACEMENT_3D('',#9927,#8126,#8127);
#6498=AXIS2_PLACEMENT_3D('',#9930,#8129,#8130);
#6499=AXIS2_PLACEMENT_3D('',#9931,#8131,#8132);
#6500=AXIS2_PLACEMENT_3D('',#9934,#8134,#8135);
#6501=AXIS2_PLACEMENT_3D('',#9938,#8138,#8139);
#6502=AXIS2_PLACEMENT_3D('',#9939,#8140,#8141);
#6503=AXIS2_PLACEMENT_3D('',#9942,#8143,#8144);
#6504=AXIS2_PLACEMENT_3D('',#9943,#8145,#8146);
#6505=AXIS2_PLACEMENT_3D('',#9944,#8147,#8148);
#6506=AXIS2_PLACEMENT_3D('',#9945,#8149,#8150);
#6507=AXIS2_PLACEMENT_3D('',#9951,#8154,#8155);
#6508=AXIS2_PLACEMENT_3D('',#9955,#8158,#8159);
#6509=AXIS2_PLACEMENT_3D('',#9959,#8162,#8163);
#6510=AXIS2_PLACEMENT_3D('',#9963,#8166,#8167);
#6511=AXIS2_PLACEMENT_3D('',#9967,#8170,#8171);
#6512=AXIS2_PLACEMENT_3D('',#9971,#8174,#8175);
#6513=AXIS2_PLACEMENT_3D('',#9975,#8178,#8179);
#6514=AXIS2_PLACEMENT_3D('',#9979,#8182,#8183);
#6515=AXIS2_PLACEMENT_3D('',#9983,#8186,#8187);
#6516=AXIS2_PLACEMENT_3D('',#9989,#8191,#8192);
#6517=AXIS2_PLACEMENT_3D('',#9993,#8195,#8196);
#6518=AXIS2_PLACEMENT_3D('',#9997,#8199,#8200);
#6519=AXIS2_PLACEMENT_3D('',#10001,#8203,#8204);
#6520=AXIS2_PLACEMENT_3D('',#10005,#8207,#8208);
#6521=AXIS2_PLACEMENT_3D('',#10009,#8211,#8212);
#6522=AXIS2_PLACEMENT_3D('',#10013,#8215,#8216);
#6523=AXIS2_PLACEMENT_3D('',#10017,#8219,#8220);
#6524=AXIS2_PLACEMENT_3D('',#10021,#8223,#8224);
#6525=AXIS2_PLACEMENT_3D('',#10027,#8228,#8229);
#6526=AXIS2_PLACEMENT_3D('',#10028,#8230,#8231);
#6527=AXIS2_PLACEMENT_3D('',#10031,#8233,#8234);
#6528=AXIS2_PLACEMENT_3D('',#10035,#8237,#8238);
#6529=AXIS2_PLACEMENT_3D('',#10036,#8239,#8240);
#6530=AXIS2_PLACEMENT_3D('',#10039,#8242,#8243);
#6531=AXIS2_PLACEMENT_3D('',#10043,#8246,#8247);
#6532=AXIS2_PLACEMENT_3D('',#10044,#8248,#8249);
#6533=AXIS2_PLACEMENT_3D('',#10047,#8251,#8252);
#6534=AXIS2_PLACEMENT_3D('',#10051,#8255,#8256);
#6535=AXIS2_PLACEMENT_3D('',#10053,#8258,#8259);
#6536=AXIS2_PLACEMENT_3D('',#10055,#8261,#8262);
#6537=AXIS2_PLACEMENT_3D('',#10056,#8263,#8264);
#6538=AXIS2_PLACEMENT_3D('',#10057,#8265,#8266);
#6539=AXIS2_PLACEMENT_3D('',#10058,#8267,#8268);
#6540=AXIS2_PLACEMENT_3D('',#10059,#8269,#8270);
#6541=AXIS2_PLACEMENT_3D('',#10063,#8272,#8273);
#6542=AXIS2_PLACEMENT_3D('',#10065,#8274,#8275);
#6543=AXIS2_PLACEMENT_3D('',#10069,#8277,#8278);
#6544=AXIS2_PLACEMENT_3D('',#10071,#8279,#8280);
#6545=AXIS2_PLACEMENT_3D('',#10072,#8281,#8282);
#6546=AXIS2_PLACEMENT_3D('',#10075,#8284,#8285);
#6547=AXIS2_PLACEMENT_3D('',#10078,#8287,#8288);
#6548=AXIS2_PLACEMENT_3D('',#10079,#8289,#8290);
#6549=AXIS2_PLACEMENT_3D('',#10082,#8292,#8293);
#6550=AXIS2_PLACEMENT_3D('',#10086,#8296,#8297);
#6551=AXIS2_PLACEMENT_3D('',#10087,#8298,#8299);
#6552=AXIS2_PLACEMENT_3D('',#10090,#8301,#8302);
#6553=AXIS2_PLACEMENT_3D('',#10091,#8303,#8304);
#6554=AXIS2_PLACEMENT_3D('',#10094,#8306,#8307);
#6555=AXIS2_PLACEMENT_3D('',#10096,#8309,#8310);
#6556=AXIS2_PLACEMENT_3D('',#10097,#8311,#8312);
#6557=AXIS2_PLACEMENT_3D('',#10098,#8313,#8314);
#6558=AXIS2_PLACEMENT_3D('',#10099,#8315,#8316);
#6559=AXIS2_PLACEMENT_3D('',#10101,#8317,#8318);
#6560=AXIS2_PLACEMENT_3D('',#10103,#8319,#8320);
#6561=AXIS2_PLACEMENT_3D('',#10104,#8321,#8322);
#6562=AXIS2_PLACEMENT_3D('',#10106,#8323,#8324);
#6563=AXIS2_PLACEMENT_3D('',#10107,#8325,#8326);
#6564=AXIS2_PLACEMENT_3D('',#10109,#8327,#8328);
#6565=AXIS2_PLACEMENT_3D('',#10110,#8329,#8330);
#6566=AXIS2_PLACEMENT_3D('',#10112,#8331,#8332);
#6567=AXIS2_PLACEMENT_3D('',#10113,#8333,#8334);
#6568=AXIS2_PLACEMENT_3D('',#10115,#8335,#8336);
#6569=AXIS2_PLACEMENT_3D('',#10116,#8337,#8338);
#6570=AXIS2_PLACEMENT_3D('',#10118,#8339,#8340);
#6571=AXIS2_PLACEMENT_3D('',#10119,#8341,#8342);
#6572=AXIS2_PLACEMENT_3D('',#10121,#8343,#8344);
#6573=AXIS2_PLACEMENT_3D('',#10122,#8345,#8346);
#6574=DIRECTION('',(0.,0.,1.));
#6575=DIRECTION('',(1.,0.,0.));
#6576=DIRECTION('',(0.,-1.,0.));
#6577=DIRECTION('',(0.,0.,-1.));
#6578=DIRECTION('',(0.,-1.,0.));
#6579=DIRECTION('',(0.,0.,-1.));
#6580=DIRECTION('',(0.,-1.,0.));
#6581=DIRECTION('',(0.,0.,-1.));
#6582=DIRECTION('',(0.,-1.,0.));
#6583=DIRECTION('',(0.,0.,-1.));
#6584=DIRECTION('',(0.,-1.,0.));
#6585=DIRECTION('',(0.,0.,-1.));
#6586=DIRECTION('',(0.,-1.,0.));
#6587=DIRECTION('',(0.,0.,-1.));
#6588=DIRECTION('',(0.,-1.,0.));
#6589=DIRECTION('',(0.,0.,-1.));
#6590=DIRECTION('',(0.,-1.,0.));
#6591=DIRECTION('',(0.,0.,-1.));
#6592=DIRECTION('',(0.,-1.,0.));
#6593=DIRECTION('',(0.,0.,-1.));
#6594=DIRECTION('',(0.,-1.,0.));
#6595=DIRECTION('',(0.,0.,-1.));
#6596=DIRECTION('',(0.,-1.,0.));
#6597=DIRECTION('',(0.,0.,-1.));
#6598=DIRECTION('',(0.,-1.,0.));
#6599=DIRECTION('',(0.,0.,-1.));
#6600=DIRECTION('',(0.,1.,0.));
#6601=DIRECTION('',(0.,0.,1.));
#6602=DIRECTION('',(0.,-1.,0.));
#6603=DIRECTION('',(0.,0.,-1.));
#6604=DIRECTION('',(0.,-1.,0.));
#6605=DIRECTION('',(0.,0.,-1.));
#6606=DIRECTION('',(0.,-1.,0.));
#6607=DIRECTION('',(0.,0.,-1.));
#6608=DIRECTION('',(0.,1.,0.));
#6609=DIRECTION('',(0.,0.,1.));
#6610=DIRECTION('',(0.,-1.,0.));
#6611=DIRECTION('',(0.,0.,-1.));
#6612=DIRECTION('',(0.,-1.,0.));
#6613=DIRECTION('',(0.,0.,-1.));
#6614=DIRECTION('',(0.,-1.,0.));
#6615=DIRECTION('',(0.,0.,-1.));
#6616=DIRECTION('',(0.,-1.,0.));
#6617=DIRECTION('',(0.,0.,-1.));
#6618=DIRECTION('',(0.,-1.,0.));
#6619=DIRECTION('',(0.,0.,-1.));
#6620=DIRECTION('',(0.,1.,0.));
#6621=DIRECTION('',(0.,0.,1.));
#6622=DIRECTION('',(0.,-1.,0.));
#6623=DIRECTION('',(0.,0.,-1.));
#6624=DIRECTION('',(0.,-1.,0.));
#6625=DIRECTION('',(0.,0.,-1.));
#6626=DIRECTION('',(0.,-1.,0.));
#6627=DIRECTION('',(0.,0.,-1.));
#6628=DIRECTION('',(0.,-1.,0.));
#6629=DIRECTION('',(0.,0.,-1.));
#6630=DIRECTION('',(0.,-1.,0.));
#6631=DIRECTION('',(0.,0.,-1.));
#6632=DIRECTION('',(0.,1.,0.));
#6633=DIRECTION('',(0.,0.,1.));
#6634=DIRECTION('',(0.,0.,1.));
#6635=DIRECTION('',(1.,0.,0.));
#6636=DIRECTION('',(0.,1.,0.));
#6637=DIRECTION('',(0.,0.,1.));
#6638=DIRECTION('',(0.,0.,1.));
#6639=DIRECTION('',(-0.707106781186548,0.,0.707106781186548));
#6640=DIRECTION('',(-1.,0.,0.));
#6641=DIRECTION('',(-0.707106781186548,0.,-0.707106781186548));
#6642=DIRECTION('',(0.,0.,-1.));
#6643=DIRECTION('',(0.707106781186548,0.,-0.707106781186548));
#6644=DIRECTION('',(1.,0.,0.));
#6645=DIRECTION('',(0.707106781186548,0.,0.707106781186548));
#6646=DIRECTION('',(0.,1.,0.));
#6647=DIRECTION('',(0.,0.,1.));
#6648=DIRECTION('',(0.,1.,0.));
#6649=DIRECTION('',(0.,0.,1.));
#6650=DIRECTION('',(0.,-1.,0.));
#6651=DIRECTION('',(0.,0.,-1.));
#6652=DIRECTION('',(0.,-1.,0.));
#6653=DIRECTION('',(0.,0.,-1.));
#6654=DIRECTION('',(0.,-1.,0.));
#6655=DIRECTION('',(0.,0.,-1.));
#6656=DIRECTION('',(0.,-1.,0.));
#6657=DIRECTION('',(0.,0.,-1.));
#6658=DIRECTION('',(0.,1.,0.));
#6659=DIRECTION('',(0.,0.,1.));
#6660=DIRECTION('',(-1.,0.,0.));
#6661=DIRECTION('',(-0.5,0.,0.866025403784438));
#6662=DIRECTION('',(0.5,0.,0.866025403784439));
#6663=DIRECTION('',(1.,0.,0.));
#6664=DIRECTION('',(0.5,0.,-0.866025403784438));
#6665=DIRECTION('',(-0.5,0.,-0.866025403784439));
#6666=DIRECTION('',(1.,0.,0.));
#6667=DIRECTION('',(0.,0.,-1.));
#6668=DIRECTION('',(0.,-1.,0.));
#6669=DIRECTION('',(0.,0.,1.));
#6670=DIRECTION('',(0.,-1.,0.));
#6671=DIRECTION('',(0.707106781186548,0.,-0.707106781186548));
#6672=DIRECTION('',(-0.707106781186548,0.,-0.707106781186548));
#6673=DIRECTION('',(0.,-1.,0.));
#6674=DIRECTION('',(0.707106781186548,0.,0.707106781186548));
#6675=DIRECTION('',(0.,0.,-1.));
#6676=DIRECTION('',(-1.,0.,0.));
#6677=DIRECTION('',(0.,-1.,0.));
#6678=DIRECTION('',(1.,0.,0.));
#6679=DIRECTION('',(-0.707106781186548,0.,-0.707106781186548));
#6680=DIRECTION('',(-0.707106781186548,0.,0.707106781186548));
#6681=DIRECTION('',(0.,-1.,0.));
#6682=DIRECTION('',(0.707106781186548,0.,-0.707106781186548));
#6683=DIRECTION('',(-1.,0.,0.));
#6684=DIRECTION('',(0.,0.,1.));
#6685=DIRECTION('',(0.,-1.,0.));
#6686=DIRECTION('',(0.,0.,-1.));
#6687=DIRECTION('',(-0.707106781186548,0.,0.707106781186548));
#6688=DIRECTION('',(0.707106781186548,0.,0.707106781186548));
#6689=DIRECTION('',(0.,-1.,0.));
#6690=DIRECTION('',(-0.707106781186548,0.,-0.707106781186548));
#6691=DIRECTION('',(0.,0.,1.));
#6692=DIRECTION('',(1.,0.,0.));
#6693=DIRECTION('',(0.,-1.,0.));
#6694=DIRECTION('',(-1.,0.,0.));
#6695=DIRECTION('',(0.707106781186548,0.,0.707106781186548));
#6696=DIRECTION('',(0.707106781186548,0.,-0.707106781186548));
#6697=DIRECTION('',(-0.707106781186548,0.,0.707106781186548));
#6698=DIRECTION('',(0.,1.,0.));
#6699=DIRECTION('',(0.,0.,1.));
#6700=DIRECTION('',(0.,1.,0.));
#6701=DIRECTION('',(0.,0.,1.));
#6702=DIRECTION('',(0.,-1.,0.));
#6703=DIRECTION('',(0.,0.,-1.));
#6704=DIRECTION('',(0.,-1.,0.));
#6705=DIRECTION('',(0.,0.,-1.));
#6706=DIRECTION('',(0.,-1.,0.));
#6707=DIRECTION('',(0.,0.,-1.));
#6708=DIRECTION('',(0.,-1.,0.));
#6709=DIRECTION('',(0.,0.,-1.));
#6710=DIRECTION('',(0.,1.,0.));
#6711=DIRECTION('',(0.,0.,1.));
#6712=DIRECTION('',(-0.5,0.,0.866025403784439));
#6713=DIRECTION('',(-1.,0.,0.));
#6714=DIRECTION('',(-0.5,0.,-0.866025403784439));
#6715=DIRECTION('',(0.5,0.,-0.866025403784439));
#6716=DIRECTION('',(1.,0.,0.));
#6717=DIRECTION('',(0.5,0.,0.866025403784439));
#6718=DIRECTION('',(-0.866025403784439,0.,-0.5));
#6719=DIRECTION('',(-0.5,0.,0.866025403784439));
#6720=DIRECTION('',(0.,1.,0.));
#6721=DIRECTION('',(0.,1.,0.));
#6722=DIRECTION('',(-0.866025403784439,0.,0.5));
#6723=DIRECTION('',(0.5,0.,0.866025403784439));
#6724=DIRECTION('',(0.,1.,0.));
#6725=DIRECTION('',(0.,0.,1.));
#6726=DIRECTION('',(1.,0.,0.));
#6727=DIRECTION('',(0.,1.,0.));
#6728=DIRECTION('',(0.866025403784439,0.,0.5));
#6729=DIRECTION('',(0.5,0.,-0.866025403784439));
#6730=DIRECTION('',(0.,1.,0.));
#6731=DIRECTION('',(0.866025403784439,0.,-0.5));
#6732=DIRECTION('',(-0.5,0.,-0.866025403784439));
#6733=DIRECTION('',(0.,1.,0.));
#6734=DIRECTION('',(0.,0.,-1.));
#6735=DIRECTION('',(-1.,0.,0.));
#6736=DIRECTION('',(0.,-1.,0.));
#6737=DIRECTION('',(0.,0.,-1.));
#6738=DIRECTION('',(0.,0.,1.));
#6739=DIRECTION('',(1.,0.,0.));
#6740=DIRECTION('',(0.,-1.,0.));
#6741=DIRECTION('',(0.,0.,-1.));
#6742=DIRECTION('',(0.,-1.,0.));
#6743=DIRECTION('',(0.,0.,-1.));
#6744=DIRECTION('',(0.,-1.,0.));
#6745=DIRECTION('',(0.,0.,-1.));
#6746=DIRECTION('',(0.,0.,-1.));
#6747=DIRECTION('',(-1.,0.,0.));
#6748=DIRECTION('',(0.,0.,-1.));
#6749=DIRECTION('',(0.,0.,-1.));
#6750=DIRECTION('',(0.7496462179755,0.661838762747415,0.));
#6751=DIRECTION('',(-0.661838762747415,0.7496462179755,0.));
#6752=DIRECTION('',(0.7496462179755,0.661838762747415,0.));
#6753=DIRECTION('',(0.661838762747415,-0.7496462179755,0.));
#6754=DIRECTION('',(0.661838762747415,-0.7496462179755,0.));
#6755=DIRECTION('',(0.,0.,-1.));
#6756=DIRECTION('',(0.661838762747415,-0.7496462179755,0.));
#6757=DIRECTION('',(0.7496462179755,0.661838762747415,0.));
#6758=DIRECTION('',(0.661838762747415,-0.7496462179755,0.));
#6759=DIRECTION('',(-1.,0.,0.));
#6760=DIRECTION('',(0.,0.,1.));
#6761=DIRECTION('',(0.,0.,-1.));
#6762=DIRECTION('',(0.,1.,0.));
#6763=DIRECTION('',(0.,0.,-1.));
#6764=DIRECTION('',(-1.,0.,0.));
#6765=DIRECTION('',(0.,0.,1.));
#6766=DIRECTION('',(0.,1.,0.));
#6767=DIRECTION('',(0.,0.,-1.));
#6768=DIRECTION('',(0.,0.,-1.));
#6769=DIRECTION('',(-1.,0.,0.));
#6770=DIRECTION('',(0.,0.,-1.));
#6771=DIRECTION('',(0.,0.,-1.));
#6772=DIRECTION('',(-1.,0.,0.));
#6773=DIRECTION('',(0.,0.,-1.));
#6774=DIRECTION('',(0.,0.,1.));
#6775=DIRECTION('',(1.,0.,0.));
#6776=DIRECTION('',(0.,0.,-1.));
#6777=DIRECTION('',(-1.,0.,0.));
#6778=DIRECTION('',(0.,0.,-1.));
#6779=DIRECTION('',(-1.,0.,0.));
#6780=DIRECTION('',(0.,0.,-1.));
#6781=DIRECTION('',(0.,0.,1.));
#6782=DIRECTION('',(1.,0.,0.));
#6783=DIRECTION('',(0.125190065003779,-0.992132777215,0.));
#6784=DIRECTION('',(0.992132777215,0.125190065003779,0.));
#6785=DIRECTION('',(0.992132777215,0.125190065003779,0.));
#6786=DIRECTION('',(0.,0.,-1.));
#6787=DIRECTION('',(-0.992132777215,-0.125190065003779,0.));
#6788=DIRECTION('',(-0.965078518879594,-0.261960784082599,0.));
#6789=DIRECTION('',(0.261960784082599,-0.965078518879594,0.));
#6790=DIRECTION('',(0.261960784082599,-0.965078518879594,0.));
#6791=DIRECTION('',(0.,0.,-1.));
#6792=DIRECTION('',(-0.261960784082599,0.965078518879594,0.));
#6793=DIRECTION('',(-0.125396599551188,0.992106694272848,0.));
#6794=DIRECTION('',(-0.992106694272848,-0.125396599551188,0.));
#6795=DIRECTION('',(-0.992106694272848,-0.125396599551188,0.));
#6796=DIRECTION('',(0.,0.,-1.));
#6797=DIRECTION('',(0.992106694272848,0.125396599551188,0.));
#6798=DIRECTION('',(0.965078518879592,0.261960784082603,0.));
#6799=DIRECTION('',(-0.261960784082603,0.965078518879593,0.));
#6800=DIRECTION('',(-0.261960784082603,0.965078518879592,0.));
#6801=DIRECTION('',(0.,0.,-1.));
#6802=DIRECTION('',(0.261960784082603,-0.965078518879592,0.));
#6803=DIRECTION('',(0.124114217819515,-0.992267938076732,0.));
#6804=DIRECTION('',(0.992267938076732,0.124114217819515,0.));
#6805=DIRECTION('',(0.992267938076733,0.124114217819515,0.));
#6806=DIRECTION('',(0.,0.,-1.));
#6807=DIRECTION('',(-0.992267938076733,-0.124114217819515,0.));
#6808=DIRECTION('',(0.,0.,-1.));
#6809=DIRECTION('',(-1.,0.,0.));
#6810=DIRECTION('',(0.,0.,-1.));
#6811=DIRECTION('',(-1.,0.,0.));
#6812=DIRECTION('',(0.,0.,-1.));
#6813=DIRECTION('',(0.,0.,1.));
#6814=DIRECTION('',(1.,0.,0.));
#6815=DIRECTION('',(0.123683192923794,-0.992321756180008,0.));
#6816=DIRECTION('',(0.992321756180008,0.123683192923794,0.));
#6817=DIRECTION('',(0.,0.,-1.));
#6818=DIRECTION('',(0.992321756180008,0.123683192923794,0.));
#6819=DIRECTION('',(0.,0.,-1.));
#6820=DIRECTION('',(-0.992321756180008,-0.123683192923794,0.));
#6821=DIRECTION('',(-0.965078518879589,-0.261960784082616,0.));
#6822=DIRECTION('',(0.261960784082616,-0.965078518879589,0.));
#6823=DIRECTION('',(0.261960784082616,-0.965078518879589,0.));
#6824=DIRECTION('',(0.,0.,-1.));
#6825=DIRECTION('',(-0.261960784082616,0.965078518879589,0.));
#6826=DIRECTION('',(-0.138330760944255,0.990386086623082,0.));
#6827=DIRECTION('',(-0.990386086623082,-0.138330760944255,0.));
#6828=DIRECTION('',(-0.990386086623082,-0.138330760944255,0.));
#6829=DIRECTION('',(0.,0.,-1.));
#6830=DIRECTION('',(0.990386086623082,0.138330760944255,0.));
#6831=DIRECTION('',(0.,0.,-1.));
#6832=DIRECTION('',(-1.,0.,0.));
#6833=DIRECTION('',(0.,0.,-1.));
#6834=DIRECTION('',(-1.,0.,0.));
#6835=DIRECTION('',(0.,0.,-1.));
#6836=DIRECTION('',(0.,0.,1.));
#6837=DIRECTION('',(1.,0.,0.));
#6838=DIRECTION('',(0.,0.,-1.));
#6839=DIRECTION('',(-1.,0.,0.));
#6840=DIRECTION('',(0.,0.,-1.));
#6841=DIRECTION('',(-1.,0.,0.));
#6842=DIRECTION('',(0.,0.,-1.));
#6843=DIRECTION('',(0.,0.,1.));
#6844=DIRECTION('',(1.,0.,0.));
#6845=DIRECTION('',(0.145545417311448,0.989351571232207,0.));
#6846=DIRECTION('',(-0.989351571232207,0.145545417311448,0.));
#6847=DIRECTION('',(-0.989351571232207,0.145545417311448,0.));
#6848=DIRECTION('',(0.,0.,-1.));
#6849=DIRECTION('',(0.989351571232207,-0.145545417311448,0.));
#6850=DIRECTION('',(0.,0.,-1.));
#6851=DIRECTION('',(-1.,0.,0.));
#6852=DIRECTION('',(0.,0.,-1.));
#6853=DIRECTION('',(-1.,0.,0.));
#6854=DIRECTION('',(0.,0.,-1.));
#6855=DIRECTION('',(0.,0.,1.));
#6856=DIRECTION('',(1.,0.,0.));
#6857=DIRECTION('',(0.,0.,-1.));
#6858=DIRECTION('',(-1.,0.,0.));
#6859=DIRECTION('',(0.,0.,-1.));
#6860=DIRECTION('',(-1.,0.,0.));
#6861=DIRECTION('',(0.,0.,-1.));
#6862=DIRECTION('',(0.,0.,1.));
#6863=DIRECTION('',(1.,0.,0.));
#6864=DIRECTION('',(0.,0.,-1.));
#6865=DIRECTION('',(-1.,0.,0.));
#6866=DIRECTION('',(0.,0.,-1.));
#6867=DIRECTION('',(-1.,0.,0.));
#6868=DIRECTION('',(0.,0.,-1.));
#6869=DIRECTION('',(0.,0.,1.));
#6870=DIRECTION('',(1.,0.,0.));
#6871=DIRECTION('',(-0.131113445925118,0.991367371007157,0.));
#6872=DIRECTION('',(-0.991367371007157,-0.131113445925118,0.));
#6873=DIRECTION('',(-0.991367371007157,-0.131113445925118,0.));
#6874=DIRECTION('',(0.,0.,-1.));
#6875=DIRECTION('',(0.991367371007157,0.131113445925118,0.));
#6876=DIRECTION('',(0.,0.,-1.));
#6877=DIRECTION('',(-1.,0.,0.));
#6878=DIRECTION('',(0.,0.,-1.));
#6879=DIRECTION('',(0.,0.,-1.));
#6880=DIRECTION('',(-1.,0.,0.));
#6881=DIRECTION('',(0.,0.,-1.));
#6882=DIRECTION('',(0.,0.,1.));
#6883=DIRECTION('',(1.,0.,0.));
#6884=DIRECTION('',(0.,0.,-1.));
#6885=DIRECTION('',(-1.,0.,0.));
#6886=DIRECTION('',(0.,0.,-1.));
#6887=DIRECTION('',(-1.,0.,0.));
#6888=DIRECTION('',(0.,0.,-1.));
#6889=DIRECTION('',(0.,0.,1.));
#6890=DIRECTION('',(1.,0.,0.));
#6891=DIRECTION('',(0.,0.,-1.));
#6892=DIRECTION('',(-1.,0.,0.));
#6893=DIRECTION('',(0.,0.,-1.));
#6894=DIRECTION('',(-1.,0.,0.));
#6895=DIRECTION('',(0.,0.,-1.));
#6896=DIRECTION('',(0.,0.,1.));
#6897=DIRECTION('',(1.,0.,0.));
#6898=DIRECTION('',(0.965078518879591,0.261960784082607,0.));
#6899=DIRECTION('',(-0.261960784082607,0.965078518879591,0.));
#6900=DIRECTION('',(-0.261960784082607,0.965078518879591,0.));
#6901=DIRECTION('',(0.,0.,-1.));
#6902=DIRECTION('',(0.261960784082607,-0.965078518879591,0.));
#6903=DIRECTION('',(0.,0.,-1.));
#6904=DIRECTION('',(-1.,0.,0.));
#6905=DIRECTION('',(0.,0.,-1.));
#6906=DIRECTION('',(-1.,0.,0.));
#6907=DIRECTION('',(0.,0.,-1.));
#6908=DIRECTION('',(0.,0.,1.));
#6909=DIRECTION('',(1.,0.,0.));
#6910=DIRECTION('',(0.,0.,-1.));
#6911=DIRECTION('',(-1.,0.,0.));
#6912=DIRECTION('',(0.,0.,-1.));
#6913=DIRECTION('',(-1.,0.,0.));
#6914=DIRECTION('',(0.,0.,-1.));
#6915=DIRECTION('',(0.,0.,1.));
#6916=DIRECTION('',(1.,0.,0.));
#6917=DIRECTION('',(-0.978183960779955,0.207740556639383,0.));
#6918=DIRECTION('',(-0.207740556639383,-0.978183960779955,0.));
#6919=DIRECTION('',(-0.207740556639383,-0.978183960779954,0.));
#6920=DIRECTION('',(0.,0.,-1.));
#6921=DIRECTION('',(0.207740556639383,0.978183960779954,0.));
#6922=DIRECTION('',(0.,0.,-1.));
#6923=DIRECTION('',(-1.,0.,0.));
#6924=DIRECTION('',(0.,0.,-1.));
#6925=DIRECTION('',(-1.,0.,0.));
#6926=DIRECTION('',(0.,0.,-1.));
#6927=DIRECTION('',(0.,0.,1.));
#6928=DIRECTION('',(1.,0.,0.));
#6929=DIRECTION('',(0.125396599551191,-0.992106694272848,0.));
#6930=DIRECTION('',(0.992106694272848,0.125396599551191,0.));
#6931=DIRECTION('',(0.,0.,-1.));
#6932=DIRECTION('',(0.992106694272848,0.125396599551191,0.));
#6933=DIRECTION('',(0.,0.,-1.));
#6934=DIRECTION('',(-0.992106694272848,-0.125396599551191,0.));
#6935=DIRECTION('',(-0.96507851887959,-0.261960784082613,0.));
#6936=DIRECTION('',(0.261960784082613,-0.96507851887959,0.));
#6937=DIRECTION('',(0.261960784082613,-0.96507851887959,0.));
#6938=DIRECTION('',(0.,0.,-1.));
#6939=DIRECTION('',(-0.261960784082613,0.96507851887959,0.));
#6940=DIRECTION('',(-0.125292355656345,0.992119864539605,0.));
#6941=DIRECTION('',(-0.992119864539605,-0.125292355656345,0.));
#6942=DIRECTION('',(-0.992119864539605,-0.125292355656345,0.));
#6943=DIRECTION('',(0.,0.,-1.));
#6944=DIRECTION('',(0.992119864539605,0.125292355656345,0.));
#6945=DIRECTION('',(0.,0.,-1.));
#6946=DIRECTION('',(-1.,0.,0.));
#6947=DIRECTION('',(0.,0.,-1.));
#6948=DIRECTION('',(-1.,0.,0.));
#6949=DIRECTION('',(0.,0.,-1.));
#6950=DIRECTION('',(0.,0.,1.));
#6951=DIRECTION('',(1.,0.,0.));
#6952=DIRECTION('',(0.,0.,-1.));
#6953=DIRECTION('',(-1.,0.,0.));
#6954=DIRECTION('',(0.,0.,-1.));
#6955=DIRECTION('',(-1.,0.,0.));
#6956=DIRECTION('',(0.,0.,-1.));
#6957=DIRECTION('',(0.,0.,1.));
#6958=DIRECTION('',(1.,0.,0.));
#6959=DIRECTION('',(0.,0.,-1.));
#6960=DIRECTION('',(-1.,0.,0.));
#6961=DIRECTION('',(0.,0.,-1.));
#6962=DIRECTION('',(-1.,0.,0.));
#6963=DIRECTION('',(0.,0.,-1.));
#6964=DIRECTION('',(0.,0.,1.));
#6965=DIRECTION('',(1.,0.,0.));
#6966=DIRECTION('',(-0.124875856151744,0.992172374414027,0.));
#6967=DIRECTION('',(-0.992172374414028,-0.124875856151744,0.));
#6968=DIRECTION('',(-0.992172374414027,-0.124875856151744,0.));
#6969=DIRECTION('',(0.,0.,-1.));
#6970=DIRECTION('',(0.992172374414027,0.124875856151744,0.));
#6971=DIRECTION('',(0.965078518879589,0.261960784082617,0.));
#6972=DIRECTION('',(-0.261960784082617,0.965078518879589,0.));
#6973=DIRECTION('',(-0.261960784082617,0.965078518879589,0.));
#6974=DIRECTION('',(0.,0.,-1.));
#6975=DIRECTION('',(0.261960784082617,-0.965078518879589,0.));
#6976=DIRECTION('',(0.124713725986991,-0.992192766830338,0.));
#6977=DIRECTION('',(0.992192766830338,0.124713725986991,0.));
#6978=DIRECTION('',(0.992192766830338,0.124713725986991,0.));
#6979=DIRECTION('',(0.,0.,-1.));
#6980=DIRECTION('',(-0.992192766830338,-0.124713725986991,0.));
#6981=DIRECTION('',(0.,0.,-1.));
#6982=DIRECTION('',(-1.,0.,0.));
#6983=DIRECTION('',(0.,0.,-1.));
#6984=DIRECTION('',(-1.,0.,0.));
#6985=DIRECTION('',(0.,0.,-1.));
#6986=DIRECTION('',(0.,0.,1.));
#6987=DIRECTION('',(1.,0.,0.));
#6988=DIRECTION('',(0.,0.,-1.));
#6989=DIRECTION('',(-1.,0.,0.));
#6990=DIRECTION('',(0.,0.,-1.));
#6991=DIRECTION('',(-1.,0.,0.));
#6992=DIRECTION('',(0.,0.,-1.));
#6993=DIRECTION('',(0.,0.,1.));
#6994=DIRECTION('',(1.,0.,0.));
#6995=DIRECTION('',(0.,0.,-1.));
#6996=DIRECTION('',(-1.,0.,0.));
#6997=DIRECTION('',(0.,0.,-1.));
#6998=DIRECTION('',(-1.,0.,0.));
#6999=DIRECTION('',(0.,0.,-1.));
#7000=DIRECTION('',(0.,0.,1.));
#7001=DIRECTION('',(1.,0.,0.));
#7002=DIRECTION('',(0.,0.,-1.));
#7003=DIRECTION('',(-1.,0.,0.));
#7004=DIRECTION('',(0.,0.,-1.));
#7005=DIRECTION('',(-1.,0.,0.));
#7006=DIRECTION('',(0.,0.,-1.));
#7007=DIRECTION('',(0.,0.,1.));
#7008=DIRECTION('',(1.,0.,0.));
#7009=DIRECTION('',(-0.125729349684229,0.992064579867652,0.));
#7010=DIRECTION('',(-0.992064579867652,-0.125729349684229,0.));
#7011=DIRECTION('',(-0.992064579867652,-0.125729349684229,0.));
#7012=DIRECTION('',(0.,0.,-1.));
#7013=DIRECTION('',(0.992064579867652,0.125729349684229,0.));
#7014=DIRECTION('',(0.,0.,-1.));
#7015=DIRECTION('',(-1.,0.,0.));
#7016=DIRECTION('',(0.,0.,-1.));
#7017=DIRECTION('',(0.,0.,-1.));
#7018=DIRECTION('',(-1.,0.,0.));
#7019=DIRECTION('',(0.,0.,-1.));
#7020=DIRECTION('',(0.,0.,1.));
#7021=DIRECTION('',(1.,0.,0.));
#7022=DIRECTION('',(0.,0.,-1.));
#7023=DIRECTION('',(-1.,0.,0.));
#7024=DIRECTION('',(0.,0.,-1.));
#7025=DIRECTION('',(-1.,0.,0.));
#7026=DIRECTION('',(0.,0.,-1.));
#7027=DIRECTION('',(0.,0.,1.));
#7028=DIRECTION('',(1.,0.,0.));
#7029=DIRECTION('',(0.,0.,-1.));
#7030=DIRECTION('',(-1.,0.,0.));
#7031=DIRECTION('',(0.,0.,-1.));
#7032=DIRECTION('',(-1.,0.,0.));
#7033=DIRECTION('',(0.,0.,-1.));
#7034=DIRECTION('',(0.,0.,1.));
#7035=DIRECTION('',(1.,0.,0.));
#7036=DIRECTION('',(0.965078518879591,0.261960784082608,0.));
#7037=DIRECTION('',(-0.261960784082608,0.965078518879591,0.));
#7038=DIRECTION('',(-0.261960784082608,0.965078518879591,0.));
#7039=DIRECTION('',(0.,0.,-1.));
#7040=DIRECTION('',(0.261960784082608,-0.965078518879591,0.));
#7041=DIRECTION('',(0.,0.,-1.));
#7042=DIRECTION('',(-1.,0.,0.));
#7043=DIRECTION('',(0.,0.,-1.));
#7044=DIRECTION('',(-1.,0.,0.));
#7045=DIRECTION('',(0.,0.,-1.));
#7046=DIRECTION('',(0.,0.,1.));
#7047=DIRECTION('',(1.,0.,0.));
#7048=DIRECTION('',(0.,0.,-1.));
#7049=DIRECTION('',(-1.,0.,0.));
#7050=DIRECTION('',(0.,0.,-1.));
#7051=DIRECTION('',(-1.,0.,0.));
#7052=DIRECTION('',(0.,0.,-1.));
#7053=DIRECTION('',(0.,0.,1.));
#7054=DIRECTION('',(1.,0.,0.));
#7055=DIRECTION('',(-0.978183960780042,0.20774055663897,0.));
#7056=DIRECTION('',(-0.20774055663897,-0.978183960780042,0.));
#7057=DIRECTION('',(-0.20774055663897,-0.978183960780042,0.));
#7058=DIRECTION('',(0.,0.,-1.));
#7059=DIRECTION('',(0.20774055663897,0.978183960780042,0.));
#7060=DIRECTION('',(0.,0.,-1.));
#7061=DIRECTION('',(-1.,0.,0.));
#7062=DIRECTION('',(0.,0.,-1.));
#7063=DIRECTION('',(-1.,0.,0.));
#7064=DIRECTION('',(0.,0.,-1.));
#7065=DIRECTION('',(0.,0.,1.));
#7066=DIRECTION('',(1.,0.,0.));
#7067=DIRECTION('',(0.124042144119168,-0.992276950494326,0.));
#7068=DIRECTION('',(0.992276950494326,0.124042144119168,0.));
#7069=DIRECTION('',(0.,0.,-1.));
#7070=DIRECTION('',(0.992276950494326,0.124042144119168,0.));
#7071=DIRECTION('',(0.,0.,-1.));
#7072=DIRECTION('',(-0.992276950494326,-0.124042144119168,0.));
#7073=DIRECTION('',(-0.965078518879591,-0.261960784082609,0.));
#7074=DIRECTION('',(0.261960784082609,-0.965078518879591,0.));
#7075=DIRECTION('',(0.261960784082609,-0.965078518879591,0.));
#7076=DIRECTION('',(0.,0.,-1.));
#7077=DIRECTION('',(-0.261960784082609,0.965078518879591,0.));
#7078=DIRECTION('',(-0.122845232546525,0.992425840474033,0.));
#7079=DIRECTION('',(-0.992425840474033,-0.122845232546525,0.));
#7080=DIRECTION('',(-0.992425840474033,-0.122845232546525,0.));
#7081=DIRECTION('',(0.,0.,-1.));
#7082=DIRECTION('',(0.992425840474033,0.122845232546525,0.));
#7083=DIRECTION('',(0.,0.,-1.));
#7084=DIRECTION('',(-1.,0.,0.));
#7085=DIRECTION('',(0.,0.,-1.));
#7086=DIRECTION('',(-1.,0.,0.));
#7087=DIRECTION('',(0.,0.,-1.));
#7088=DIRECTION('',(0.,0.,1.));
#7089=DIRECTION('',(1.,0.,0.));
#7090=DIRECTION('',(0.,0.,-1.));
#7091=DIRECTION('',(-1.,0.,0.));
#7092=DIRECTION('',(0.,0.,-1.));
#7093=DIRECTION('',(-1.,0.,0.));
#7094=DIRECTION('',(0.,0.,-1.));
#7095=DIRECTION('',(0.,0.,1.));
#7096=DIRECTION('',(1.,0.,0.));
#7097=DIRECTION('',(0.,0.,-1.));
#7098=DIRECTION('',(-1.,0.,0.));
#7099=DIRECTION('',(0.,0.,-1.));
#7100=DIRECTION('',(-1.,0.,0.));
#7101=DIRECTION('',(0.,0.,-1.));
#7102=DIRECTION('',(0.,0.,1.));
#7103=DIRECTION('',(1.,0.,0.));
#7104=DIRECTION('',(0.,0.,-1.));
#7105=DIRECTION('',(-1.,0.,0.));
#7106=DIRECTION('',(0.,0.,-1.));
#7107=DIRECTION('',(-1.,0.,0.));
#7108=DIRECTION('',(0.,0.,-1.));
#7109=DIRECTION('',(0.,0.,1.));
#7110=DIRECTION('',(1.,0.,0.));
#7111=DIRECTION('',(-0.123801481935015,0.992307005452795,0.));
#7112=DIRECTION('',(-0.992307005452796,-0.123801481935015,0.));
#7113=DIRECTION('',(-0.992307005452795,-0.123801481935015,0.));
#7114=DIRECTION('',(0.,0.,-1.));
#7115=DIRECTION('',(0.992307005452795,0.123801481935015,0.));
#7116=DIRECTION('',(0.12539659955119,-0.992106694272848,0.));
#7117=DIRECTION('',(0.992106694272848,0.12539659955119,0.));
#7118=DIRECTION('',(0.,0.,-1.));
#7119=DIRECTION('',(0.992106694272848,0.12539659955119,0.));
#7120=DIRECTION('',(0.,0.,-1.));
#7121=DIRECTION('',(-0.992106694272848,-0.12539659955119,0.));
#7122=DIRECTION('',(-0.965078518879589,-0.261960784082615,0.));
#7123=DIRECTION('',(0.261960784082615,-0.965078518879589,0.));
#7124=DIRECTION('',(0.261960784082615,-0.965078518879589,0.));
#7125=DIRECTION('',(0.,0.,-1.));
#7126=DIRECTION('',(-0.261960784082615,0.965078518879589,0.));
#7127=DIRECTION('',(-0.12529235565686,0.99211986453954,0.));
#7128=DIRECTION('',(-0.99211986453954,-0.12529235565686,0.));
#7129=DIRECTION('',(-0.99211986453954,-0.125292355656859,0.));
#7130=DIRECTION('',(0.,0.,-1.));
#7131=DIRECTION('',(0.99211986453954,0.12529235565686,0.));
#7132=DIRECTION('',(0.,0.,-1.));
#7133=DIRECTION('',(-1.,0.,0.));
#7134=DIRECTION('',(0.,0.,-1.));
#7135=DIRECTION('',(-1.,0.,0.));
#7136=DIRECTION('',(0.,0.,-1.));
#7137=DIRECTION('',(0.,0.,1.));
#7138=DIRECTION('',(1.,0.,0.));
#7139=DIRECTION('',(0.,0.,-1.));
#7140=DIRECTION('',(-1.,0.,0.));
#7141=DIRECTION('',(0.,0.,-1.));
#7142=DIRECTION('',(-1.,0.,0.));
#7143=DIRECTION('',(0.,0.,-1.));
#7144=DIRECTION('',(0.,0.,1.));
#7145=DIRECTION('',(1.,0.,0.));
#7146=DIRECTION('',(0.,0.,-1.));
#7147=DIRECTION('',(-1.,0.,0.));
#7148=DIRECTION('',(0.,0.,-1.));
#7149=DIRECTION('',(-1.,0.,0.));
#7150=DIRECTION('',(0.,0.,-1.));
#7151=DIRECTION('',(0.,0.,1.));
#7152=DIRECTION('',(1.,0.,0.));
#7153=DIRECTION('',(-0.124875856151816,0.992172374414018,0.));
#7154=DIRECTION('',(-0.992172374414018,-0.124875856151816,0.));
#7155=DIRECTION('',(-0.992172374414018,-0.124875856151816,0.));
#7156=DIRECTION('',(0.,0.,-1.));
#7157=DIRECTION('',(0.992172374414018,0.124875856151816,0.));
#7158=DIRECTION('',(0.965078518879591,0.261960784082607,0.));
#7159=DIRECTION('',(-0.261960784082607,0.965078518879591,0.));
#7160=DIRECTION('',(-0.261960784082607,0.965078518879592,0.));
#7161=DIRECTION('',(0.,0.,-1.));
#7162=DIRECTION('',(0.261960784082607,-0.965078518879591,0.));
#7163=DIRECTION('',(0.124713725987197,-0.992192766830312,0.));
#7164=DIRECTION('',(0.992192766830312,0.124713725987197,0.));
#7165=DIRECTION('',(0.992192766830312,0.124713725987197,0.));
#7166=DIRECTION('',(0.,0.,-1.));
#7167=DIRECTION('',(-0.992192766830312,-0.124713725987197,0.));
#7168=DIRECTION('',(0.,0.,-1.));
#7169=DIRECTION('',(-1.,0.,0.));
#7170=DIRECTION('',(0.,0.,-1.));
#7171=DIRECTION('',(-1.,0.,0.));
#7172=DIRECTION('',(0.,0.,-1.));
#7173=DIRECTION('',(0.,0.,1.));
#7174=DIRECTION('',(1.,0.,0.));
#7175=DIRECTION('',(0.,0.,-1.));
#7176=DIRECTION('',(-1.,0.,0.));
#7177=DIRECTION('',(0.,0.,-1.));
#7178=DIRECTION('',(-1.,0.,0.));
#7179=DIRECTION('',(0.,0.,-1.));
#7180=DIRECTION('',(0.,0.,1.));
#7181=DIRECTION('',(1.,0.,0.));
#7182=DIRECTION('',(0.,0.,-1.));
#7183=DIRECTION('',(-1.,0.,0.));
#7184=DIRECTION('',(0.,0.,-1.));
#7185=DIRECTION('',(-1.,0.,0.));
#7186=DIRECTION('',(0.,0.,-1.));
#7187=DIRECTION('',(0.,0.,1.));
#7188=DIRECTION('',(1.,0.,0.));
#7189=DIRECTION('',(0.,0.,-1.));
#7190=DIRECTION('',(-1.,0.,0.));
#7191=DIRECTION('',(0.,0.,-1.));
#7192=DIRECTION('',(-1.,0.,0.));
#7193=DIRECTION('',(0.,0.,-1.));
#7194=DIRECTION('',(0.,0.,1.));
#7195=DIRECTION('',(1.,0.,0.));
#7196=DIRECTION('',(-0.125729349683486,0.992064579867746,0.));
#7197=DIRECTION('',(-0.992064579867746,-0.125729349683486,0.));
#7198=DIRECTION('',(-0.992064579867746,-0.125729349683486,0.));
#7199=DIRECTION('',(0.,0.,-1.));
#7200=DIRECTION('',(0.992064579867746,0.125729349683486,0.));
#7201=DIRECTION('',(-0.435340797161189,-0.900265733173856,0.));
#7202=DIRECTION('',(0.900265733173856,-0.435340797161189,0.));
#7203=DIRECTION('',(0.,0.,-1.));
#7204=DIRECTION('',(0.900265733173856,-0.435340797161189,0.));
#7205=DIRECTION('',(0.,0.,-1.));
#7206=DIRECTION('',(-0.900265733173856,0.435340797161189,0.));
#7207=DIRECTION('',(0.,0.,-1.));
#7208=DIRECTION('',(-1.,0.,0.));
#7209=DIRECTION('',(0.,0.,-1.));
#7210=DIRECTION('',(-1.,0.,0.));
#7211=DIRECTION('',(0.,0.,-1.));
#7212=DIRECTION('',(0.,0.,1.));
#7213=DIRECTION('',(1.,0.,0.));
#7214=DIRECTION('',(0.,0.,-1.));
#7215=DIRECTION('',(-1.,0.,0.));
#7216=DIRECTION('',(0.,0.,-1.));
#7217=DIRECTION('',(-1.,0.,0.));
#7218=DIRECTION('',(0.,0.,-1.));
#7219=DIRECTION('',(0.,0.,1.));
#7220=DIRECTION('',(1.,0.,0.));
#7221=DIRECTION('',(0.,0.,-1.));
#7222=DIRECTION('',(-1.,0.,0.));
#7223=DIRECTION('',(0.,0.,-1.));
#7224=DIRECTION('',(-1.,0.,0.));
#7225=DIRECTION('',(0.,0.,-1.));
#7226=DIRECTION('',(0.,0.,1.));
#7227=DIRECTION('',(1.,0.,0.));
#7228=DIRECTION('',(0.,0.,-1.));
#7229=DIRECTION('',(-1.,0.,0.));
#7230=DIRECTION('',(0.,0.,-1.));
#7231=DIRECTION('',(-1.,0.,0.));
#7232=DIRECTION('',(0.,0.,-1.));
#7233=DIRECTION('',(0.,0.,1.));
#7234=DIRECTION('',(1.,0.,0.));
#7235=DIRECTION('',(0.,0.,-1.));
#7236=DIRECTION('',(-1.,0.,0.));
#7237=DIRECTION('',(0.,0.,-1.));
#7238=DIRECTION('',(-1.,0.,0.));
#7239=DIRECTION('',(0.,0.,-1.));
#7240=DIRECTION('',(0.,0.,1.));
#7241=DIRECTION('',(1.,0.,0.));
#7242=DIRECTION('',(0.,0.,-1.));
#7243=DIRECTION('',(-1.,0.,0.));
#7244=DIRECTION('',(0.,0.,-1.));
#7245=DIRECTION('',(-1.,0.,0.));
#7246=DIRECTION('',(0.,0.,-1.));
#7247=DIRECTION('',(0.,0.,1.));
#7248=DIRECTION('',(1.,0.,0.));
#7249=DIRECTION('',(0.,0.,-1.));
#7250=DIRECTION('',(-1.,0.,0.));
#7251=DIRECTION('',(0.,0.,-1.));
#7252=DIRECTION('',(-1.,0.,0.));
#7253=DIRECTION('',(0.,0.,-1.));
#7254=DIRECTION('',(0.,0.,1.));
#7255=DIRECTION('',(1.,0.,0.));
#7256=DIRECTION('',(0.28557401101915,0.958356658155216,0.));
#7257=DIRECTION('',(-0.958356658155216,0.28557401101915,0.));
#7258=DIRECTION('',(-0.958356658155216,0.28557401101915,0.));
#7259=DIRECTION('',(0.,0.,-1.));
#7260=DIRECTION('',(0.958356658155216,-0.28557401101915,0.));
#7261=DIRECTION('',(0.,0.,-1.));
#7262=DIRECTION('',(-1.,0.,0.));
#7263=DIRECTION('',(0.,0.,-1.));
#7264=DIRECTION('',(-1.,0.,0.));
#7265=DIRECTION('',(0.,0.,-1.));
#7266=DIRECTION('',(0.,0.,1.));
#7267=DIRECTION('',(1.,0.,0.));
#7268=DIRECTION('',(0.,0.,-1.));
#7269=DIRECTION('',(-1.,0.,0.));
#7270=DIRECTION('',(0.,0.,-1.));
#7271=DIRECTION('',(-1.,0.,0.));
#7272=DIRECTION('',(0.,0.,-1.));
#7273=DIRECTION('',(0.,0.,1.));
#7274=DIRECTION('',(1.,0.,0.));
#7275=DIRECTION('',(0.,0.,-1.));
#7276=DIRECTION('',(-1.,0.,0.));
#7277=DIRECTION('',(0.,0.,-1.));
#7278=DIRECTION('',(-1.,0.,0.));
#7279=DIRECTION('',(0.,0.,-1.));
#7280=DIRECTION('',(0.,0.,1.));
#7281=DIRECTION('',(1.,0.,0.));
#7282=DIRECTION('',(0.,0.,-1.));
#7283=DIRECTION('',(-1.,0.,0.));
#7284=DIRECTION('',(0.,0.,-1.));
#7285=DIRECTION('',(-1.,0.,0.));
#7286=DIRECTION('',(0.,0.,-1.));
#7287=DIRECTION('',(0.,0.,1.));
#7288=DIRECTION('',(1.,0.,0.));
#7289=DIRECTION('',(0.,0.,-1.));
#7290=DIRECTION('',(-1.,0.,0.));
#7291=DIRECTION('',(0.,0.,-1.));
#7292=DIRECTION('',(-1.,0.,0.));
#7293=DIRECTION('',(0.,0.,-1.));
#7294=DIRECTION('',(0.,0.,1.));
#7295=DIRECTION('',(1.,0.,0.));
#7296=DIRECTION('',(0.,0.,-1.));
#7297=DIRECTION('',(-1.,0.,0.));
#7298=DIRECTION('',(0.,0.,-1.));
#7299=DIRECTION('',(-1.,0.,0.));
#7300=DIRECTION('',(0.,0.,-1.));
#7301=DIRECTION('',(0.,0.,1.));
#7302=DIRECTION('',(1.,0.,0.));
#7303=DIRECTION('',(0.,0.,-1.));
#7304=DIRECTION('',(-1.,0.,0.));
#7305=DIRECTION('',(0.,0.,-1.));
#7306=DIRECTION('',(-1.,0.,0.));
#7307=DIRECTION('',(0.,0.,1.));
#7308=DIRECTION('',(1.,0.,0.));
#7309=DIRECTION('',(0.965078518879589,0.261960784082615,0.));
#7310=DIRECTION('',(-0.261960784082615,0.965078518879589,0.));
#7311=DIRECTION('',(-0.261960784082615,0.965078518879589,0.));
#7312=DIRECTION('',(0.261960784082615,-0.965078518879589,0.));
#7313=DIRECTION('',(0.,0.,-1.));
#7314=DIRECTION('',(-1.,0.,0.));
#7315=DIRECTION('',(0.,0.,-1.));
#7316=DIRECTION('',(-1.,0.,0.));
#7317=DIRECTION('',(0.,0.,1.));
#7318=DIRECTION('',(1.,0.,0.));
#7319=DIRECTION('',(0.965078518879591,0.261960784082609,0.));
#7320=DIRECTION('',(-0.261960784082609,0.965078518879591,0.));
#7321=DIRECTION('',(-0.261960784082609,0.965078518879591,0.));
#7322=DIRECTION('',(0.261960784082609,-0.965078518879591,0.));
#7323=DIRECTION('',(0.,0.,-1.));
#7324=DIRECTION('',(-1.,0.,0.));
#7325=DIRECTION('',(0.,0.,-1.));
#7326=DIRECTION('',(-1.,0.,0.));
#7327=DIRECTION('',(0.,0.,1.));
#7328=DIRECTION('',(1.,0.,0.));
#7329=DIRECTION('',(0.965078518879591,0.261960784082607,0.));
#7330=DIRECTION('',(-0.261960784082607,0.965078518879591,0.));
#7331=DIRECTION('',(-0.261960784082607,0.965078518879592,0.));
#7332=DIRECTION('',(0.261960784082607,-0.965078518879591,0.));
#7333=DIRECTION('',(0.965078518879589,0.261960784082617,0.));
#7334=DIRECTION('',(-0.261960784082617,0.965078518879589,0.));
#7335=DIRECTION('',(-0.261960784082617,0.965078518879589,0.));
#7336=DIRECTION('',(0.261960784082617,-0.965078518879589,0.));
#7337=DIRECTION('',(0.,0.,-1.));
#7338=DIRECTION('',(-1.,0.,0.));
#7339=DIRECTION('',(0.,0.,-1.));
#7340=DIRECTION('',(-1.,0.,0.));
#7341=DIRECTION('',(0.,0.,1.));
#7342=DIRECTION('',(1.,0.,0.));
#7343=DIRECTION('',(0.,0.,-1.));
#7344=DIRECTION('',(-1.,0.,0.));
#7345=DIRECTION('',(0.,0.,-1.));
#7346=DIRECTION('',(-1.,0.,0.));
#7347=DIRECTION('',(-0.27316696729087,0.961966635586239,0.));
#7348=DIRECTION('',(-1.,0.,0.));
#7349=DIRECTION('',(0.,-1.,0.));
#7350=DIRECTION('',(0.,0.,-1.));
#7351=DIRECTION('',(-1.,0.,0.));
#7352=DIRECTION('',(0.,-1.,0.));
#7353=DIRECTION('',(0.,0.,-1.));
#7354=DIRECTION('',(0.,-1.,0.));
#7355=DIRECTION('',(0.,0.,-1.));
#7356=DIRECTION('',(0.,-1.,0.));
#7357=DIRECTION('',(0.,0.,-1.));
#7358=DIRECTION('',(0.,-1.,0.));
#7359=DIRECTION('',(0.,0.,-1.));
#7360=DIRECTION('',(0.,-1.,0.));
#7361=DIRECTION('',(0.7496462179755,0.661838762747415,0.));
#7362=DIRECTION('',(0.661838762747415,-0.7496462179755,0.));
#7363=DIRECTION('',(0.,0.,1.));
#7364=DIRECTION('',(1.,0.,0.));
#7365=DIRECTION('',(0.,0.,1.));
#7366=DIRECTION('',(1.,0.,0.));
#7367=DIRECTION('',(-1.,0.,0.));
#7368=DIRECTION('',(0.,-1.,0.));
#7369=DIRECTION('',(0.27316696729087,-0.961966635586239,0.));
#7370=DIRECTION('',(0.,0.,1.));
#7371=DIRECTION('',(1.,0.,0.));
#7372=DIRECTION('',(-0.661838762747415,0.7496462179755,0.));
#7373=DIRECTION('',(-1.,0.,0.));
#7374=DIRECTION('',(0.,0.,1.));
#7375=DIRECTION('',(-1.,0.,0.));
#7376=DIRECTION('',(-1.,0.,0.));
#7377=DIRECTION('',(0.,0.,1.));
#7378=DIRECTION('',(-1.,0.,0.));
#7379=DIRECTION('',(-1.,0.,0.));
#7380=DIRECTION('',(0.,0.,1.));
#7381=DIRECTION('',(0.,-1.,0.));
#7382=DIRECTION('',(0.,0.,-1.));
#7383=DIRECTION('',(0.,1.,0.));
#7384=DIRECTION('',(1.,0.,0.));
#7385=DIRECTION('',(0.,0.,-1.));
#7386=DIRECTION('',(0.,0.,-1.));
#7387=DIRECTION('',(-1.,0.,0.));
#7388=DIRECTION('',(0.,0.,-1.));
#7389=DIRECTION('',(-1.,0.,0.));
#7390=DIRECTION('',(0.,0.,-1.));
#7391=DIRECTION('',(-1.,0.,0.));
#7392=DIRECTION('',(0.,0.,-1.));
#7393=DIRECTION('',(-1.,0.,0.));
#7394=DIRECTION('',(0.,0.,-1.));
#7395=DIRECTION('',(-1.,0.,0.));
#7396=DIRECTION('',(0.,0.,-1.));
#7397=DIRECTION('',(-1.,0.,0.));
#7398=DIRECTION('',(0.,0.,-1.));
#7399=DIRECTION('',(-1.,0.,0.));
#7400=DIRECTION('',(0.,0.,-1.));
#7401=DIRECTION('',(-1.,0.,0.));
#7402=DIRECTION('',(0.,0.,-1.));
#7403=DIRECTION('',(-1.,0.,0.));
#7404=DIRECTION('',(0.,0.,-1.));
#7405=DIRECTION('',(-1.,0.,0.));
#7406=DIRECTION('',(0.,0.,-1.));
#7407=DIRECTION('',(-1.,0.,0.));
#7408=DIRECTION('',(0.,0.,-1.));
#7409=DIRECTION('',(0.,0.,-1.));
#7410=DIRECTION('',(0.,0.,-1.));
#7411=DIRECTION('',(-1.,0.,0.));
#7412=DIRECTION('',(0.,0.,-1.));
#7413=DIRECTION('',(0.,0.,-1.));
#7414=DIRECTION('',(-1.,0.,0.));
#7415=DIRECTION('',(0.,0.,-1.));
#7416=DIRECTION('',(0.,0.,-1.));
#7417=DIRECTION('',(-1.,0.,0.));
#7418=DIRECTION('',(0.,0.,-1.));
#7419=DIRECTION('',(-1.,0.,0.));
#7420=DIRECTION('',(0.,0.,-1.));
#7421=DIRECTION('',(-1.,0.,0.));
#7422=DIRECTION('',(-0.26196078408262,0.965078518879588,0.));
#7423=DIRECTION('',(0.,0.,-1.));
#7424=DIRECTION('',(-1.,0.,0.));
#7425=DIRECTION('',(0.,0.,-1.));
#7426=DIRECTION('',(-1.,0.,0.));
#7427=DIRECTION('',(0.,0.,-1.));
#7428=DIRECTION('',(-1.,0.,0.));
#7429=DIRECTION('',(0.,0.,-1.));
#7430=DIRECTION('',(-1.,0.,0.));
#7431=DIRECTION('',(0.26196078408262,-0.965078518879588,0.));
#7432=DIRECTION('',(0.,0.,-1.));
#7433=DIRECTION('',(-1.,0.,0.));
#7434=DIRECTION('',(0.,0.,-1.));
#7435=DIRECTION('',(0.,0.,-1.));
#7436=DIRECTION('',(0.,0.,-1.));
#7437=DIRECTION('',(-1.,0.,0.));
#7438=DIRECTION('',(0.,0.,-1.));
#7439=DIRECTION('',(0.965078518879588,0.26196078408262,0.));
#7440=DIRECTION('',(-0.26196078408262,0.965078518879588,0.));
#7441=DIRECTION('',(0.,0.,-1.));
#7442=DIRECTION('',(-1.,0.,0.));
#7443=DIRECTION('',(0.,0.,-1.));
#7444=DIRECTION('',(-1.,0.,0.));
#7445=DIRECTION('',(-0.261960784082617,0.965078518879589,0.));
#7446=DIRECTION('',(0.,0.,-1.));
#7447=DIRECTION('',(-1.,0.,0.));
#7448=DIRECTION('',(0.,0.,-1.));
#7449=DIRECTION('',(-1.,0.,0.));
#7450=DIRECTION('',(0.,0.,-1.));
#7451=DIRECTION('',(-1.,0.,0.));
#7452=DIRECTION('',(0.,0.,-1.));
#7453=DIRECTION('',(-1.,0.,0.));
#7454=DIRECTION('',(0.261960784082617,-0.965078518879589,0.));
#7455=DIRECTION('',(0.,0.,-1.));
#7456=DIRECTION('',(-1.,0.,0.));
#7457=DIRECTION('',(0.,0.,-1.));
#7458=DIRECTION('',(0.,0.,-1.));
#7459=DIRECTION('',(0.,0.,-1.));
#7460=DIRECTION('',(-1.,0.,0.));
#7461=DIRECTION('',(0.,0.,-1.));
#7462=DIRECTION('',(0.965078518879589,0.261960784082617,0.));
#7463=DIRECTION('',(-0.261960784082617,0.965078518879589,0.));
#7464=DIRECTION('',(0.,0.,-1.));
#7465=DIRECTION('',(-1.,0.,0.));
#7466=DIRECTION('',(0.,0.,-1.));
#7467=DIRECTION('',(-1.,0.,0.));
#7468=DIRECTION('',(0.,0.,-1.));
#7469=DIRECTION('',(-1.,0.,0.));
#7470=DIRECTION('',(0.,0.,-1.));
#7471=DIRECTION('',(-1.,0.,0.));
#7472=DIRECTION('',(0.,0.,-1.));
#7473=DIRECTION('',(-1.,0.,0.));
#7474=DIRECTION('',(0.,0.,-1.));
#7475=DIRECTION('',(-1.,0.,0.));
#7476=DIRECTION('',(0.,0.,-1.));
#7477=DIRECTION('',(-1.,0.,0.));
#7478=DIRECTION('',(0.,0.,-1.));
#7479=DIRECTION('',(-1.,0.,0.));
#7480=DIRECTION('',(0.,0.,-1.));
#7481=DIRECTION('',(-1.,0.,0.));
#7482=DIRECTION('',(0.,0.,-1.));
#7483=DIRECTION('',(-1.,0.,0.));
#7484=DIRECTION('',(0.,0.,-1.));
#7485=DIRECTION('',(-1.,0.,0.));
#7486=DIRECTION('',(0.,0.,-1.));
#7487=DIRECTION('',(0.,0.,-1.));
#7488=DIRECTION('',(0.,0.,-1.));
#7489=DIRECTION('',(-1.,0.,0.));
#7490=DIRECTION('',(0.,0.,-1.));
#7491=DIRECTION('',(0.,0.,-1.));
#7492=DIRECTION('',(-1.,0.,0.));
#7493=DIRECTION('',(0.,0.,-1.));
#7494=DIRECTION('',(0.,0.,-1.));
#7495=DIRECTION('',(-1.,0.,0.));
#7496=DIRECTION('',(0.,0.,-1.));
#7497=DIRECTION('',(-1.,0.,0.));
#7498=DIRECTION('',(0.,0.,-1.));
#7499=DIRECTION('',(-1.,0.,0.));
#7500=DIRECTION('',(0.,0.,-1.));
#7501=DIRECTION('',(-1.,0.,0.));
#7502=DIRECTION('',(0.,0.,-1.));
#7503=DIRECTION('',(-1.,0.,0.));
#7504=DIRECTION('',(0.,0.,-1.));
#7505=DIRECTION('',(-1.,0.,0.));
#7506=DIRECTION('',(0.,0.,-1.));
#7507=DIRECTION('',(0.,0.,1.));
#7508=DIRECTION('',(1.,0.,0.));
#7509=DIRECTION('',(0.,0.,-1.));
#7510=DIRECTION('',(0.,0.,-1.));
#7511=DIRECTION('',(-1.,0.,0.));
#7512=DIRECTION('',(0.,0.,-1.));
#7513=DIRECTION('',(-1.,0.,0.));
#7514=DIRECTION('',(0.,0.,-1.));
#7515=DIRECTION('',(0.7496462179755,0.661838762747415,0.));
#7516=DIRECTION('',(-0.661838762747415,0.7496462179755,0.));
#7517=DIRECTION('',(0.7496462179755,0.661838762747415,0.));
#7518=DIRECTION('',(0.661838762747415,-0.7496462179755,0.));
#7519=DIRECTION('',(-0.661838762747415,0.7496462179755,0.));
#7520=DIRECTION('',(-1.,0.,0.));
#7521=DIRECTION('',(0.,0.,1.));
#7522=DIRECTION('',(0.,1.,0.));
#7523=DIRECTION('',(0.,0.,-1.));
#7524=DIRECTION('',(0.,0.,-1.));
#7525=DIRECTION('',(-0.961966635586239,-0.27316696729087,0.));
#7526=DIRECTION('',(0.27316696729087,-0.961966635586239,0.));
#7527=DIRECTION('',(-0.27316696729087,0.961966635586239,0.));
#7528=DIRECTION('',(-0.961966635586239,-0.27316696729087,0.));
#7529=DIRECTION('',(0.27316696729087,-0.961966635586239,0.));
#7530=DIRECTION('',(0.27316696729087,-0.961966635586239,0.));
#7531=DIRECTION('',(0.,-1.,0.));
#7532=DIRECTION('',(0.,0.,-1.));
#7533=DIRECTION('',(0.,-1.,0.));
#7534=DIRECTION('',(0.,0.,-1.));
#7535=DIRECTION('',(-1.,0.,0.));
#7536=DIRECTION('',(0.,1.,0.));
#7537=DIRECTION('',(1.,0.,0.));
#7538=DIRECTION('',(-1.,0.,0.));
#7539=DIRECTION('',(0.,0.,1.));
#7540=DIRECTION('',(1.,0.,0.));
#7541=DIRECTION('',(0.,-1.,0.));
#7542=DIRECTION('',(0.,0.,1.));
#7543=DIRECTION('',(1.,0.,0.));
#7544=DIRECTION('',(0.,0.,-1.));
#7545=DIRECTION('',(-1.,0.,0.));
#7546=DIRECTION('',(0.,-1.,0.));
#7547=DIRECTION('',(0.,0.,-1.));
#7548=DIRECTION('',(-1.,0.,0.));
#7549=DIRECTION('',(0.,1.,0.));
#7550=DIRECTION('',(0.,0.,1.));
#7551=DIRECTION('',(0.,0.,-1.));
#7552=DIRECTION('',(-1.,0.,0.));
#7553=DIRECTION('',(0.,0.,-1.));
#7554=DIRECTION('',(-1.,0.,0.));
#7555=DIRECTION('',(0.,-1.,0.));
#7556=DIRECTION('',(0.,0.,-1.));
#7557=DIRECTION('',(0.,1.,0.));
#7558=DIRECTION('',(1.,0.,0.));
#7559=DIRECTION('',(0.,-1.,0.));
#7560=DIRECTION('',(0.,0.,-1.));
#7561=DIRECTION('',(0.,-1.,0.));
#7562=DIRECTION('',(0.,0.,-1.));
#7563=DIRECTION('',(0.,-1.,0.));
#7564=DIRECTION('',(0.,0.,-1.));
#7565=DIRECTION('',(0.,-1.,0.));
#7566=DIRECTION('',(0.,0.,-1.));
#7567=DIRECTION('',(0.,-1.,0.));
#7568=DIRECTION('',(0.,0.,-1.));
#7569=DIRECTION('',(0.,1.,0.));
#7570=DIRECTION('',(0.,0.,1.));
#7571=DIRECTION('',(0.,-1.,0.));
#7572=DIRECTION('',(0.,0.,-1.));
#7573=DIRECTION('',(0.,1.,0.));
#7574=DIRECTION('',(1.,0.,0.));
#7575=DIRECTION('',(0.,1.,0.));
#7576=DIRECTION('',(0.,0.,1.));
#7577=DIRECTION('',(0.,0.,1.));
#7578=DIRECTION('',(1.,0.,0.));
#7579=DIRECTION('',(0.,0.,-1.));
#7580=DIRECTION('',(-1.,0.,0.));
#7581=DIRECTION('',(0.,0.,-1.));
#7582=DIRECTION('',(-1.,0.,0.));
#7583=DIRECTION('',(0.,0.,-1.));
#7584=DIRECTION('',(-1.,0.,0.));
#7585=DIRECTION('',(0.,0.,-1.));
#7586=DIRECTION('',(-1.,0.,0.));
#7587=DIRECTION('',(0.,0.,1.));
#7588=DIRECTION('',(1.,0.,0.));
#7589=DIRECTION('',(0.,0.,-1.));
#7590=DIRECTION('',(-1.,0.,0.));
#7591=DIRECTION('',(0.,0.,-1.));
#7592=DIRECTION('',(-1.,0.,0.));
#7593=DIRECTION('',(0.,0.,-1.));
#7594=DIRECTION('',(-1.,0.,0.));
#7595=DIRECTION('',(0.,0.,-1.));
#7596=DIRECTION('',(-1.,0.,0.));
#7597=DIRECTION('',(0.,0.,-1.));
#7598=DIRECTION('',(-1.,0.,0.));
#7599=DIRECTION('',(0.,0.,-1.));
#7600=DIRECTION('',(-1.,0.,0.));
#7601=DIRECTION('',(0.,0.,-1.));
#7602=DIRECTION('',(-1.,0.,0.));
#7603=DIRECTION('',(0.,0.,1.));
#7604=DIRECTION('',(1.,0.,0.));
#7605=DIRECTION('',(0.,0.,-1.));
#7606=DIRECTION('',(1.,0.,0.));
#7607=DIRECTION('',(0.,0.,1.));
#7608=DIRECTION('',(1.,0.,0.));
#7609=DIRECTION('',(0.,0.,-1.));
#7610=DIRECTION('',(-1.,0.,0.));
#7611=DIRECTION('',(0.,0.,-1.));
#7612=DIRECTION('',(-1.,0.,0.));
#7613=DIRECTION('',(0.,0.,-1.));
#7614=DIRECTION('',(-1.,0.,0.));
#7615=DIRECTION('',(0.,0.,-1.));
#7616=DIRECTION('',(-1.,0.,0.));
#7617=DIRECTION('',(0.,0.,-1.));
#7618=DIRECTION('',(-1.,0.,0.));
#7619=DIRECTION('',(0.,0.,-1.));
#7620=DIRECTION('',(-1.,0.,0.));
#7621=DIRECTION('',(0.,0.,-1.));
#7622=DIRECTION('',(-1.,0.,0.));
#7623=DIRECTION('',(0.,0.,-1.));
#7624=DIRECTION('',(-1.,0.,0.));
#7625=DIRECTION('',(0.,0.,-1.));
#7626=DIRECTION('',(-1.,0.,0.));
#7627=DIRECTION('',(0.,0.,-1.));
#7628=DIRECTION('',(-1.,0.,0.));
#7629=DIRECTION('',(0.,0.,-1.));
#7630=DIRECTION('',(-1.,0.,0.));
#7631=DIRECTION('',(0.,0.,-1.));
#7632=DIRECTION('',(-1.,0.,0.));
#7633=DIRECTION('',(0.,0.,-1.));
#7634=DIRECTION('',(-1.,0.,0.));
#7635=DIRECTION('',(0.,0.,-1.));
#7636=DIRECTION('',(-1.,0.,0.));
#7637=DIRECTION('',(0.,0.,-1.));
#7638=DIRECTION('',(-1.,0.,0.));
#7639=DIRECTION('',(0.,0.,-1.));
#7640=DIRECTION('',(-1.,0.,0.));
#7641=DIRECTION('',(0.,0.,-1.));
#7642=DIRECTION('',(-1.,0.,0.));
#7643=DIRECTION('',(0.,0.,-1.));
#7644=DIRECTION('',(-1.,0.,0.));
#7645=DIRECTION('',(0.,0.,-1.));
#7646=DIRECTION('',(-1.,0.,0.));
#7647=DIRECTION('',(0.,0.,-1.));
#7648=DIRECTION('',(-1.,0.,0.));
#7649=DIRECTION('',(0.,0.,-1.));
#7650=DIRECTION('',(-1.,0.,0.));
#7651=DIRECTION('',(0.,0.,-1.));
#7652=DIRECTION('',(-1.,0.,0.));
#7653=DIRECTION('',(0.,0.,-1.));
#7654=DIRECTION('',(-1.,0.,0.));
#7655=DIRECTION('',(0.,0.,-1.));
#7656=DIRECTION('',(-1.,0.,0.));
#7657=DIRECTION('',(0.,0.,1.));
#7658=DIRECTION('',(1.,0.,0.));
#7659=DIRECTION('',(0.,0.,-1.));
#7660=DIRECTION('',(-1.,0.,0.));
#7661=DIRECTION('',(0.,0.,-1.));
#7662=DIRECTION('',(-1.,0.,0.));
#7663=DIRECTION('',(0.,0.,-1.));
#7664=DIRECTION('',(-1.,0.,0.));
#7665=DIRECTION('',(0.,0.,-1.));
#7666=DIRECTION('',(-1.,0.,0.));
#7667=DIRECTION('',(0.,0.,-1.));
#7668=DIRECTION('',(-1.,0.,0.));
#7669=DIRECTION('',(0.,0.,-1.));
#7670=DIRECTION('',(-1.,0.,0.));
#7671=DIRECTION('',(0.,0.,-1.));
#7672=DIRECTION('',(-1.,0.,0.));
#7673=DIRECTION('',(0.,0.,1.));
#7674=DIRECTION('',(1.,0.,0.));
#7675=DIRECTION('',(0.,0.,-1.));
#7676=DIRECTION('',(-1.,0.,0.));
#7677=DIRECTION('',(0.,0.,-1.));
#7678=DIRECTION('',(-1.,0.,0.));
#7679=DIRECTION('',(0.,0.,-1.));
#7680=DIRECTION('',(-1.,0.,0.));
#7681=DIRECTION('',(0.,0.,-1.));
#7682=DIRECTION('',(-1.,0.,0.));
#7683=DIRECTION('',(0.,0.,-1.));
#7684=DIRECTION('',(-1.,0.,0.));
#7685=DIRECTION('',(0.,0.,-1.));
#7686=DIRECTION('',(-1.,0.,0.));
#7687=DIRECTION('',(0.,0.,-1.));
#7688=DIRECTION('',(1.,0.,0.));
#7689=DIRECTION('',(0.,0.,-1.));
#7690=DIRECTION('',(-1.,0.,0.));
#7691=DIRECTION('',(0.,0.,-1.));
#7692=DIRECTION('',(-1.,0.,0.));
#7693=DIRECTION('',(0.,0.,-1.));
#7694=DIRECTION('',(-1.,0.,0.));
#7695=DIRECTION('',(0.,0.,1.));
#7696=DIRECTION('',(1.,0.,0.));
#7697=DIRECTION('',(0.,0.,-1.));
#7698=DIRECTION('',(-1.,0.,0.));
#7699=DIRECTION('',(0.,0.,-1.));
#7700=DIRECTION('',(-1.,0.,0.));
#7701=DIRECTION('',(0.,0.,-1.));
#7702=DIRECTION('',(-1.,0.,0.));
#7703=DIRECTION('',(0.,0.,-1.));
#7704=DIRECTION('',(-1.,0.,0.));
#7705=DIRECTION('',(0.,0.,-1.));
#7706=DIRECTION('',(-1.,0.,0.));
#7707=DIRECTION('',(0.,0.,-1.));
#7708=DIRECTION('',(-1.,0.,0.));
#7709=DIRECTION('',(0.,0.,-1.));
#7710=DIRECTION('',(-1.,0.,0.));
#7711=DIRECTION('',(0.,0.,-1.));
#7712=DIRECTION('',(-1.,0.,0.));
#7713=DIRECTION('',(0.,0.,-1.));
#7714=DIRECTION('',(-1.,0.,0.));
#7715=DIRECTION('',(0.,0.,-1.));
#7716=DIRECTION('',(-1.,0.,0.));
#7717=DIRECTION('',(0.,0.,-1.));
#7718=DIRECTION('',(-1.,0.,0.));
#7719=DIRECTION('',(0.,0.,1.));
#7720=DIRECTION('',(1.,0.,0.));
#7721=DIRECTION('',(0.,0.,-1.));
#7722=DIRECTION('',(-1.,0.,0.));
#7723=DIRECTION('',(0.,0.,-1.));
#7724=DIRECTION('',(-1.,0.,0.));
#7725=DIRECTION('',(0.,0.,-1.));
#7726=DIRECTION('',(-1.,0.,0.));
#7727=DIRECTION('',(0.,0.,-1.));
#7728=DIRECTION('',(-1.,0.,0.));
#7729=DIRECTION('',(0.,0.,-1.));
#7730=DIRECTION('',(-1.,0.,0.));
#7731=DIRECTION('',(0.,0.,-1.));
#7732=DIRECTION('',(-1.,0.,0.));
#7733=DIRECTION('',(0.,0.,-1.));
#7734=DIRECTION('',(-1.,0.,0.));
#7735=DIRECTION('',(0.,0.,-1.));
#7736=DIRECTION('',(-1.,0.,0.));
#7737=DIRECTION('',(0.,0.,-1.));
#7738=DIRECTION('',(-1.,0.,0.));
#7739=DIRECTION('',(0.,0.,-1.));
#7740=DIRECTION('',(-1.,0.,0.));
#7741=DIRECTION('',(0.,0.,-1.));
#7742=DIRECTION('',(-1.,0.,0.));
#7743=DIRECTION('',(0.,0.,1.));
#7744=DIRECTION('',(1.,0.,0.));
#7745=DIRECTION('',(0.,0.,-1.));
#7746=DIRECTION('',(-1.,0.,0.));
#7747=DIRECTION('',(0.,0.,-1.));
#7748=DIRECTION('',(-1.,0.,0.));
#7749=DIRECTION('',(0.,0.,-1.));
#7750=DIRECTION('',(1.,0.,0.));
#7751=DIRECTION('',(-1.,0.,0.));
#7752=DIRECTION('',(0.,0.,1.));
#7753=DIRECTION('',(-1.,0.,0.));
#7754=DIRECTION('',(-1.,0.,0.));
#7755=DIRECTION('',(-1.,0.,0.));
#7756=DIRECTION('',(0.,0.,1.));
#7757=DIRECTION('',(-1.,0.,0.));
#7758=DIRECTION('',(0.,0.,1.));
#7759=DIRECTION('',(-1.,0.,0.));
#7760=DIRECTION('',(-1.,0.,0.));
#7761=DIRECTION('',(-0.981627183447664,0.,-0.190808995376545));
#7762=DIRECTION('',(-0.190808995376545,0.,0.981627183447664));
#7763=DIRECTION('',(-1.,0.,0.));
#7764=DIRECTION('',(0.,0.,1.));
#7765=DIRECTION('',(-1.,0.,0.));
#7766=DIRECTION('',(-1.,0.,0.));
#7767=DIRECTION('',(0.,0.,1.));
#7768=DIRECTION('',(-1.,0.,0.));
#7769=DIRECTION('',(-1.,0.,0.));
#7770=DIRECTION('',(0.,0.,1.));
#7771=DIRECTION('',(-1.,0.,0.));
#7772=DIRECTION('',(-0.981627183447664,0.,-0.190808995376545));
#7773=DIRECTION('',(-0.190808995376544,0.,0.981627183447664));
#7774=DIRECTION('',(-1.,0.,0.));
#7775=DIRECTION('',(-0.374606593415912,0.,0.927183854566787));
#7776=DIRECTION('',(0.927183854566787,0.,0.374606593415912));
#7777=DIRECTION('',(-0.927183854566787,0.,-0.374606593415912));
#7778=DIRECTION('',(0.,-1.,0.));
#7779=DIRECTION('',(0.817143092017925,-0.472525097175434,0.330147239435273));
#7780=DIRECTION('',(0.927183854566787,0.,0.374606593415912));
#7781=DIRECTION('',(0.,1.,0.));
#7782=DIRECTION('',(0.927183854566787,8.44308450952058E-17,0.374606593415912));
#7783=DIRECTION('',(0.,-1.,0.));
#7784=DIRECTION('',(-0.374606593415912,0.,0.927183854566787));
#7785=DIRECTION('',(-0.927183854566787,0.,-0.374606593415912));
#7786=DIRECTION('',(-0.865431981331128,-0.358841631078676,-0.349657217134257));
#7787=DIRECTION('',(0.,-1.,0.));
#7788=DIRECTION('',(-0.927183854566787,0.,-0.374606593415912));
#7789=DIRECTION('',(0.,-1.,0.));
#7790=DIRECTION('',(0.,0.,1.));
#7791=DIRECTION('',(1.,0.,0.));
#7792=DIRECTION('',(0.,0.,1.));
#7793=DIRECTION('',(1.,0.,0.));
#7794=DIRECTION('',(0.,0.,1.));
#7795=DIRECTION('',(-1.,0.,0.));
#7796=DIRECTION('',(0.923740610430917,0.383018647902052,0.));
#7797=DIRECTION('',(0.,0.,1.));
#7798=DIRECTION('',(1.,0.,0.));
#7799=DIRECTION('',(0.923740610430917,-0.383018647902052,0.));
#7800=DIRECTION('',(0.,0.,1.));
#7801=DIRECTION('',(1.,0.,0.));
#7802=DIRECTION('',(0.,-1.,0.));
#7803=DIRECTION('',(-1.,9.10615997888087E-17,0.));
#7804=DIRECTION('',(0.,1.,0.));
#7805=DIRECTION('',(-1.,0.,0.));
#7806=DIRECTION('',(-0.865682382194437,-0.500593660725108,0.));
#7807=DIRECTION('',(0.,0.,1.));
#7808=DIRECTION('',(1.,0.,0.));
#7809=DIRECTION('',(-0.865682382194437,0.500593660725108,0.));
#7810=DIRECTION('',(0.,0.,1.));
#7811=DIRECTION('',(-1.,0.,0.));
#7812=DIRECTION('',(0.,0.,1.));
#7813=DIRECTION('',(1.,0.,0.));
#7814=DIRECTION('',(0.,1.,0.));
#7815=DIRECTION('',(0.374606593415912,0.,-0.927183854566787));
#7816=DIRECTION('',(-0.927183854566787,0.,-0.374606593415912));
#7817=DIRECTION('',(-0.927183854566788,0.,-0.374606593415912));
#7818=DIRECTION('',(0.,-1.,0.));
#7819=DIRECTION('',(0.865431981331128,0.358841631078676,0.349657217134257));
#7820=DIRECTION('',(0.374606593415912,0.,-0.927183854566787));
#7821=DIRECTION('',(-0.927183854566787,0.,-0.374606593415912));
#7822=DIRECTION('',(0.,-1.,0.));
#7823=DIRECTION('',(0.927183854566787,0.,0.374606593415912));
#7824=DIRECTION('',(0.,-1.,0.));
#7825=DIRECTION('',(-0.927183854566787,0.,-0.374606593415912));
#7826=DIRECTION('',(-0.817143092017925,0.472525097175434,-0.330147239435273));
#7827=DIRECTION('',(0.,-1.,0.));
#7828=DIRECTION('',(-0.927183854566788,0.,-0.374606593415912));
#7829=DIRECTION('',(0.,1.,0.));
#7830=DIRECTION('',(-1.20035096760749E-17,0.,-1.));
#7831=DIRECTION('',(-1.,0.,1.20035096760749E-17));
#7832=DIRECTION('',(-1.20035096760749E-17,0.,-1.));
#7833=DIRECTION('',(-1.,0.,1.20035096760749E-17));
#7834=DIRECTION('',(0.,-1.,0.));
#7835=DIRECTION('',(-1.20035096760749E-17,0.,-1.));
#7836=DIRECTION('',(-1.,0.,1.20035096760749E-17));
#7837=DIRECTION('',(-1.20035096760749E-17,0.,-1.));
#7838=DIRECTION('',(-1.,0.,1.20035096760749E-17));
#7839=DIRECTION('',(-0.865682382194437,0.500593660725108,1.03912268510785E-17));
#7840=DIRECTION('',(-1.20035096760749E-17,0.,-1.));
#7841=DIRECTION('',(-1.,0.,1.20035096760749E-17));
#7842=DIRECTION('',(-0.865682382194437,-0.500593660725108,1.03912268510785E-17));
#7843=DIRECTION('',(-1.,0.,1.20035096760749E-17));
#7844=DIRECTION('',(0.,1.,0.));
#7845=DIRECTION('',(1.,0.,-1.20035096760749E-17));
#7846=DIRECTION('',(0.,-1.,0.));
#7847=DIRECTION('',(-1.20035096760749E-17,0.,-1.));
#7848=DIRECTION('',(-1.,0.,1.20035096760749E-17));
#7849=DIRECTION('',(0.923740610430917,-0.383018647902052,-1.10881293554908E-17));
#7850=DIRECTION('',(-1.20035096760749E-17,0.,-1.));
#7851=DIRECTION('',(-1.,0.,1.20035096760749E-17));
#7852=DIRECTION('',(0.923740610430917,0.383018647902052,-1.10881293554908E-17));
#7853=DIRECTION('',(-1.20035096760749E-17,0.,-1.));
#7854=DIRECTION('',(-1.,0.,1.20035096760749E-17));
#7855=DIRECTION('',(-0.927183854566788,0.,-0.374606593415911));
#7856=DIRECTION('',(-0.374606593415911,0.,0.927183854566788));
#7857=DIRECTION('',(-0.374606593415911,-3.41122756878887E-17,0.927183854566788));
#7858=DIRECTION('',(0.,1.,0.));
#7859=DIRECTION('',(0.374606593415911,0.,-0.927183854566788));
#7860=DIRECTION('',(-0.927183854566788,0.,-0.374606593415911));
#7861=DIRECTION('',(0.374606593415911,0.,-0.927183854566788));
#7862=DIRECTION('',(1.,0.,0.));
#7863=DIRECTION('',(0.,0.,-1.));
#7864=DIRECTION('',(0.,0.,-1.));
#7865=DIRECTION('',(0.,0.,1.));
#7866=DIRECTION('',(0.,1.,0.));
#7867=DIRECTION('',(0.,0.,-1.));
#7868=DIRECTION('',(0.,0.,-1.));
#7869=DIRECTION('',(-1.,0.,0.));
#7870=DIRECTION('',(0.,0.,-1.));
#7871=DIRECTION('',(0.383018647902052,0.923740610430917,0.));
#7872=DIRECTION('',(-0.923740610430917,0.383018647902052,0.));
#7873=DIRECTION('',(0.,0.,-1.));
#7874=DIRECTION('',(0.,0.,-1.));
#7875=DIRECTION('',(-1.,0.,0.));
#7876=DIRECTION('',(0.,0.,-1.));
#7877=DIRECTION('',(-0.383018647902052,0.923740610430917,0.));
#7878=DIRECTION('',(-0.923740610430917,-0.383018647902052,0.));
#7879=DIRECTION('',(0.,0.,-1.));
#7880=DIRECTION('',(0.,0.,-1.));
#7881=DIRECTION('',(-1.,0.,0.));
#7882=DIRECTION('',(0.,-1.,0.));
#7883=DIRECTION('',(0.,0.,-1.));
#7884=DIRECTION('',(0.,0.,-1.));
#7885=DIRECTION('',(0.37460659341591,0.,-0.927183854566788));
#7886=DIRECTION('',(0.,0.,-1.));
#7887=DIRECTION('',(1.,0.,0.));
#7888=DIRECTION('',(0.,0.,-1.));
#7889=DIRECTION('',(0.,0.,1.));
#7890=DIRECTION('',(0.,-1.,0.));
#7891=DIRECTION('',(9.10615997888087E-17,-1.,0.));
#7892=DIRECTION('',(1.,9.10615997888087E-17,0.));
#7893=DIRECTION('',(-0.37460659341591,0.,0.927183854566788));
#7894=DIRECTION('',(0.,1.,0.));
#7895=DIRECTION('',(1.,0.,0.));
#7896=DIRECTION('',(0.927183854566787,0.,0.374606593415912));
#7897=DIRECTION('',(0.,1.,0.));
#7898=DIRECTION('',(1.,0.,0.));
#7899=DIRECTION('',(-0.374606593415911,0.,0.927183854566788));
#7900=DIRECTION('',(0.,1.,0.));
#7901=DIRECTION('',(1.,0.,0.));
#7902=DIRECTION('',(-0.927183854566787,0.,-0.374606593415914));
#7903=DIRECTION('',(0.,1.,0.));
#7904=DIRECTION('',(1.,0.,0.));
#7905=DIRECTION('',(0.374606593415912,0.,-0.927183854566787));
#7906=DIRECTION('',(0.,1.,0.));
#7907=DIRECTION('',(1.,0.,0.));
#7908=DIRECTION('',(0.927183854566787,0.,0.374606593415912));
#7909=DIRECTION('',(0.,1.,0.));
#7910=DIRECTION('',(1.,0.,0.));
#7911=DIRECTION('',(-0.374606593415913,0.,0.927183854566787));
#7912=DIRECTION('',(-0.927183854566787,0.,-0.374606593415913));
#7913=DIRECTION('',(0.374606593415913,0.,-0.927183854566787));
#7914=DIRECTION('',(0.927183854566787,0.,0.374606593415912));
#7915=DIRECTION('',(0.374606593415913,0.,-0.927183854566787));
#7916=DIRECTION('',(-0.927183854566787,0.,-0.374606593415912));
#7917=DIRECTION('',(0.374606593415918,0.,-0.927183854566785));
#7918=DIRECTION('',(0.927183854566788,0.,0.374606593415912));
#7919=DIRECTION('',(0.374606593415912,0.,-0.927183854566787));
#7920=DIRECTION('',(0.927183854566785,0.,0.374606593415917));
#7921=DIRECTION('',(-0.374606593415912,0.,0.927183854566787));
#7922=DIRECTION('',(-0.927183854566787,0.,-0.374606593415912));
#7923=DIRECTION('',(0.374606593415908,0.,-0.927183854566789));
#7924=DIRECTION('',(0.927183854566789,0.,0.374606593415908));
#7925=DIRECTION('',(0.374606593415918,0.,-0.927183854566785));
#7926=DIRECTION('',(-0.927183854566789,0.,-0.374606593415908));
#7927=DIRECTION('',(0.374606593415911,0.,-0.927183854566788));
#7928=DIRECTION('',(0.927183854566788,0.,0.374606593415912));
#7929=DIRECTION('',(0.374606593415913,0.,-0.927183854566787));
#7930=DIRECTION('',(0.927183854566788,0.,0.37460659341591));
#7931=DIRECTION('',(-9.10615997888087E-17,-1.,0.));
#7932=DIRECTION('',(1.,-9.10615997888087E-17,0.));
#7933=DIRECTION('',(0.,0.,-1.));
#7934=DIRECTION('',(0.,1.,0.));
#7935=DIRECTION('',(1.,0.,0.));
#7936=DIRECTION('',(1.,0.,0.));
#7937=DIRECTION('',(0.,1.,0.));
#7938=DIRECTION('',(1.,0.,0.));
#7939=DIRECTION('',(0.,1.,0.));
#7940=DIRECTION('',(1.,0.,0.));
#7941=DIRECTION('',(-1.,0.,0.));
#7942=DIRECTION('',(0.,1.,0.));
#7943=DIRECTION('',(1.,0.,0.));
#7944=DIRECTION('',(0.,0.,-1.));
#7945=DIRECTION('',(0.,1.,0.));
#7946=DIRECTION('',(1.,0.,0.));
#7947=DIRECTION('',(1.,0.,0.));
#7948=DIRECTION('',(0.,1.,0.));
#7949=DIRECTION('',(1.,0.,0.));
#7950=DIRECTION('',(0.,0.,1.));
#7951=DIRECTION('',(-1.,0.,0.));
#7952=DIRECTION('',(-0.447213595499958,0.,-0.894427190999916));
#7953=DIRECTION('',(0.,0.,1.));
#7954=DIRECTION('',(-1.,0.,0.));
#7955=DIRECTION('',(0.,0.,-1.));
#7956=DIRECTION('',(1.,0.,0.));
#7957=DIRECTION('',(0.447213595499959,0.,0.894427190999916));
#7958=DIRECTION('',(0.,0.,-1.));
#7959=DIRECTION('',(1.,0.,0.));
#7960=DIRECTION('',(0.,0.,1.));
#7961=DIRECTION('',(-1.,0.,0.));
#7962=DIRECTION('',(0.,0.,1.));
#7963=DIRECTION('',(0.,1.,0.));
#7964=DIRECTION('',(0.,0.,-1.));
#7965=DIRECTION('',(0.,0.,-1.));
#7966=DIRECTION('',(0.,-1.,0.));
#7967=DIRECTION('',(0.,0.,-1.));
#7968=DIRECTION('',(0.,0.,-1.));
#7969=DIRECTION('',(0.500593660725108,-0.865682382194437,0.));
#7970=DIRECTION('',(0.865682382194437,0.500593660725108,0.));
#7971=DIRECTION('',(0.,0.,-1.));
#7972=DIRECTION('',(0.,0.,-1.));
#7973=DIRECTION('',(-1.,0.,0.));
#7974=DIRECTION('',(0.,0.,-1.));
#7975=DIRECTION('',(-0.500593660725108,-0.865682382194437,0.));
#7976=DIRECTION('',(0.865682382194437,-0.500593660725108,0.));
#7977=DIRECTION('',(0.,1.,0.));
#7978=DIRECTION('',(0.,0.,1.));
#7979=DIRECTION('',(0.,1.,0.));
#7980=DIRECTION('',(1.,0.,0.));
#7981=DIRECTION('',(0.927183854566787,0.,0.374606593415912));
#7982=DIRECTION('',(0.,1.,0.));
#7983=DIRECTION('',(1.,0.,0.));
#7984=DIRECTION('',(-0.37460659341591,0.,0.927183854566788));
#7985=DIRECTION('',(-0.927183854566788,0.,-0.37460659341591));
#7986=DIRECTION('',(-0.37460659341591,0.,0.927183854566788));
#7987=DIRECTION('',(0.,1.,0.));
#7988=DIRECTION('',(0.,1.,0.));
#7989=DIRECTION('',(0.,0.,1.));
#7990=DIRECTION('',(0.,1.,0.));
#7991=DIRECTION('',(-0.374606593415912,0.,0.927183854566787));
#7992=DIRECTION('',(0.927183854566787,0.,0.374606593415912));
#7993=DIRECTION('',(0.,1.,0.));
#7994=DIRECTION('',(0.,1.,0.));
#7995=DIRECTION('',(0.,0.,1.));
#7996=DIRECTION('',(0.,1.,0.));
#7997=DIRECTION('',(0.,0.,1.));
#7998=DIRECTION('',(0.,1.,0.));
#7999=DIRECTION('',(1.,0.,0.));
#8000=DIRECTION('',(1.,0.,0.));
#8001=DIRECTION('',(0.,1.,0.));
#8002=DIRECTION('',(1.,0.,0.));
#8003=DIRECTION('',(0.,1.,0.));
#8004=DIRECTION('',(0.,0.,1.));
#8005=DIRECTION('',(0.,1.,0.));
#8006=DIRECTION('',(0.,0.,1.));
#8007=DIRECTION('',(1.,0.,0.));
#8008=DIRECTION('',(0.,1.,0.));
#8009=DIRECTION('',(0.,1.,0.));
#8010=DIRECTION('',(0.,0.,1.));
#8011=DIRECTION('',(1.,0.,0.));
#8012=DIRECTION('',(0.,0.,-1.));
#8013=DIRECTION('',(-0.927183854566788,0.,-0.374606593415912));
#8014=DIRECTION('',(-0.374606593415912,0.,0.927183854566788));
#8015=DIRECTION('',(-0.927183854566788,0.,-0.374606593415912));
#8016=DIRECTION('',(-0.374606593415912,0.,0.927183854566788));
#8017=DIRECTION('',(-0.927183854566788,0.,-0.374606593415912));
#8018=DIRECTION('',(-0.374606593415912,0.,0.927183854566788));
#8019=DIRECTION('',(1.,0.,0.));
#8020=DIRECTION('',(0.,0.,-1.));
#8021=DIRECTION('',(-0.927183854566787,0.,-0.374606593415912));
#8022=DIRECTION('',(-0.374606593415912,0.,0.927183854566787));
#8023=DIRECTION('',(-0.927183854566787,0.,-0.374606593415912));
#8024=DIRECTION('',(-0.374606593415912,0.,0.927183854566787));
#8025=DIRECTION('',(-0.927183854566787,0.,-0.374606593415912));
#8026=DIRECTION('',(-0.374606593415912,0.,0.927183854566787));
#8027=DIRECTION('',(0.,0.,-1.));
#8028=DIRECTION('',(-1.,0.,0.));
#8029=DIRECTION('',(0.,0.,-1.));
#8030=DIRECTION('',(-1.,0.,0.));
#8031=DIRECTION('',(0.,1.,0.));
#8032=DIRECTION('',(-1.,0.,0.));
#8033=DIRECTION('',(0.,1.,0.));
#8034=DIRECTION('',(0.894427190999916,0.,-0.447213595499958));
#8035=DIRECTION('',(-0.447213595499958,0.,-0.894427190999916));
#8036=DIRECTION('',(-0.447213595499958,0.,-0.894427190999916));
#8037=DIRECTION('',(0.,1.,0.));
#8038=DIRECTION('',(-1.,0.,0.));
#8039=DIRECTION('',(0.,0.,1.));
#8040=DIRECTION('',(0.,0.,1.));
#8041=DIRECTION('',(0.,1.,0.));
#8042=DIRECTION('',(0.,0.,-1.));
#8043=DIRECTION('',(-1.,0.,0.));
#8044=DIRECTION('',(-1.,0.,0.));
#8045=DIRECTION('',(0.,1.,0.));
#8046=DIRECTION('',(1.,0.,0.));
#8047=DIRECTION('',(0.,0.,-1.));
#8048=DIRECTION('',(0.,0.,-1.));
#8049=DIRECTION('',(0.,1.,0.));
#8050=DIRECTION('',(0.,0.,1.));
#8051=DIRECTION('',(1.,0.,0.));
#8052=DIRECTION('',(1.,0.,0.));
#8053=DIRECTION('',(0.,1.,0.));
#8054=DIRECTION('',(-0.894427190999915,0.,0.447213595499959));
#8055=DIRECTION('',(0.447213595499959,0.,0.894427190999916));
#8056=DIRECTION('',(0.447213595499959,0.,0.894427190999916));
#8057=DIRECTION('',(0.,1.,0.));
#8058=DIRECTION('',(1.,0.,0.));
#8059=DIRECTION('',(0.,0.,-1.));
#8060=DIRECTION('',(0.,0.,-1.));
#8061=DIRECTION('',(0.,1.,0.));
#8062=DIRECTION('',(0.,0.,1.));
#8063=DIRECTION('',(1.,0.,0.));
#8064=DIRECTION('',(1.,0.,0.));
#8065=DIRECTION('',(0.,1.,0.));
#8066=DIRECTION('',(0.,1.,0.));
#8067=DIRECTION('',(0.,0.,1.));
#8068=DIRECTION('',(0.,1.,0.));
#8069=DIRECTION('',(0.,1.,0.));
#8070=DIRECTION('',(1.,0.,0.));
#8071=DIRECTION('',(0.,1.,0.));
#8072=DIRECTION('',(0.,0.,-1.));
#8073=DIRECTION('',(-1.,0.,0.));
#8074=DIRECTION('',(-1.,0.,0.));
#8075=DIRECTION('',(0.,1.,0.));
#8076=DIRECTION('',(0.,1.,0.));
#8077=DIRECTION('',(0.,0.,1.));
#8078=DIRECTION('',(0.,1.,0.));
#8079=DIRECTION('',(1.,0.,0.));
#8080=DIRECTION('',(0.,1.,0.));
#8081=DIRECTION('',(1.,0.,0.));
#8082=DIRECTION('',(0.,0.,-1.));
#8083=DIRECTION('',(0.,0.,-1.));
#8084=DIRECTION('',(0.,1.,0.));
#8085=DIRECTION('',(0.,1.,0.));
#8086=DIRECTION('',(0.,0.,1.));
#8087=DIRECTION('',(0.,1.,0.));
#8088=DIRECTION('',(1.,0.,0.));
#8089=DIRECTION('',(0.,1.,0.));
#8090=DIRECTION('',(0.,0.,1.));
#8091=DIRECTION('',(1.,0.,0.));
#8092=DIRECTION('',(1.,0.,0.));
#8093=DIRECTION('',(0.,1.,0.));
#8094=DIRECTION('',(0.,1.,0.));
#8095=DIRECTION('',(0.,0.,1.));
#8096=DIRECTION('',(0.,1.,0.));
#8097=DIRECTION('',(1.,0.,0.));
#8098=DIRECTION('',(0.,1.,0.));
#8099=DIRECTION('',(-1.,0.,0.));
#8100=DIRECTION('',(0.,0.,1.));
#8101=DIRECTION('',(0.,0.,1.));
#8102=DIRECTION('',(-1.,0.,0.));
#8103=DIRECTION('',(0.,0.,1.));
#8104=DIRECTION('',(0.,0.,1.));
#8105=DIRECTION('',(0.,1.,0.));
#8106=DIRECTION('',(0.,0.,1.));
#8107=DIRECTION('',(-9.10615997888087E-17,-1.,0.));
#8108=DIRECTION('',(1.,-9.10615997888087E-17,0.));
#8109=DIRECTION('',(0.,1.,0.));
#8110=DIRECTION('',(1.,0.,0.));
#8111=DIRECTION('',(0.,0.,1.));
#8112=DIRECTION('',(0.,1.,0.));
#8113=DIRECTION('',(1.,0.,0.));
#8114=DIRECTION('',(0.,1.,0.));
#8115=DIRECTION('',(1.,0.,0.));
#8116=DIRECTION('',(0.,0.,-1.));
#8117=DIRECTION('',(0.,1.,0.));
#8118=DIRECTION('',(1.,0.,0.));
#8119=DIRECTION('',(-1.,0.,0.));
#8120=DIRECTION('',(0.,0.,1.));
#8121=DIRECTION('',(0.,1.,0.));
#8122=DIRECTION('',(0.,0.,1.));
#8123=DIRECTION('',(0.,1.,0.));
#8124=DIRECTION('',(0.,1.,0.));
#8125=DIRECTION('',(0.,0.,1.));
#8126=DIRECTION('',(0.,1.,0.));
#8127=DIRECTION('',(1.,0.,0.));
#8128=DIRECTION('',(0.,1.,0.));
#8129=DIRECTION('',(0.,1.,0.));
#8130=DIRECTION('',(0.,0.,1.));
#8131=DIRECTION('',(0.,1.,0.));
#8132=DIRECTION('',(1.,0.,0.));
#8133=DIRECTION('',(0.,1.,0.));
#8134=DIRECTION('',(1.,0.,0.));
#8135=DIRECTION('',(0.,0.,-1.));
#8136=DIRECTION('',(0.,0.,-1.));
#8137=DIRECTION('',(0.,1.,0.));
#8138=DIRECTION('',(0.,1.,0.));
#8139=DIRECTION('',(0.,0.,1.));
#8140=DIRECTION('',(0.,1.,0.));
#8141=DIRECTION('',(1.,0.,0.));
#8142=DIRECTION('',(0.,1.,0.));
#8143=DIRECTION('',(0.,1.,0.));
#8144=DIRECTION('',(0.,0.,1.));
#8145=DIRECTION('',(0.,1.,0.));
#8146=DIRECTION('',(1.,0.,0.));
#8147=DIRECTION('',(0.,1.,0.));
#8148=DIRECTION('',(0.,0.,1.));
#8149=DIRECTION('',(-0.927183854566787,0.,-0.374606593415912));
#8150=DIRECTION('',(-0.374606593415912,0.,0.927183854566787));
#8151=DIRECTION('',(0.,1.,0.));
#8152=DIRECTION('',(-0.374606593415912,0.,0.927183854566787));
#8153=DIRECTION('',(0.,1.,0.));
#8154=DIRECTION('',(0.374606593415912,0.,-0.927183854566787));
#8155=DIRECTION('',(-0.927183854566787,0.,-0.374606593415912));
#8156=DIRECTION('',(-0.927183854566787,0.,-0.374606593415912));
#8157=DIRECTION('',(0.,1.,0.));
#8158=DIRECTION('',(0.927183854566789,0.,0.374606593415908));
#8159=DIRECTION('',(0.374606593415908,0.,-0.927183854566789));
#8160=DIRECTION('',(0.374606593415908,0.,-0.927183854566789));
#8161=DIRECTION('',(0.,1.,0.));
#8162=DIRECTION('',(-0.374606593415908,0.,0.927183854566789));
#8163=DIRECTION('',(0.927183854566789,0.,0.374606593415908));
#8164=DIRECTION('',(0.927183854566789,0.,0.374606593415908));
#8165=DIRECTION('',(0.,1.,0.));
#8166=DIRECTION('',(0.927183854566785,0.,0.374606593415918));
#8167=DIRECTION('',(0.374606593415918,0.,-0.927183854566785));
#8168=DIRECTION('',(0.374606593415918,0.,-0.927183854566785));
#8169=DIRECTION('',(0.,1.,0.));
#8170=DIRECTION('',(0.374606593415908,0.,-0.927183854566789));
#8171=DIRECTION('',(-0.927183854566789,0.,-0.374606593415908));
#8172=DIRECTION('',(-0.927183854566789,0.,-0.374606593415908));
#8173=DIRECTION('',(0.,1.,0.));
#8174=DIRECTION('',(0.927183854566788,0.,0.374606593415911));
#8175=DIRECTION('',(0.374606593415911,0.,-0.927183854566788));
#8176=DIRECTION('',(0.374606593415911,0.,-0.927183854566788));
#8177=DIRECTION('',(0.,1.,0.));
#8178=DIRECTION('',(-0.374606593415912,0.,0.927183854566787));
#8179=DIRECTION('',(0.927183854566788,0.,0.374606593415912));
#8180=DIRECTION('',(0.927183854566788,0.,0.374606593415912));
#8181=DIRECTION('',(0.,1.,0.));
#8182=DIRECTION('',(0.927183854566787,0.,0.374606593415913));
#8183=DIRECTION('',(0.374606593415913,0.,-0.927183854566787));
#8184=DIRECTION('',(0.374606593415913,0.,-0.927183854566787));
#8185=DIRECTION('',(0.,1.,0.));
#8186=DIRECTION('',(-0.927183854566787,0.,-0.374606593415913));
#8187=DIRECTION('',(-0.374606593415913,0.,0.927183854566787));
#8188=DIRECTION('',(0.,1.,0.));
#8189=DIRECTION('',(-0.374606593415913,0.,0.927183854566787));
#8190=DIRECTION('',(0.,1.,0.));
#8191=DIRECTION('',(0.374606593415913,0.,-0.927183854566787));
#8192=DIRECTION('',(-0.927183854566787,0.,-0.374606593415913));
#8193=DIRECTION('',(-0.927183854566787,0.,-0.374606593415913));
#8194=DIRECTION('',(0.,1.,0.));
#8195=DIRECTION('',(0.927183854566787,0.,0.374606593415913));
#8196=DIRECTION('',(0.374606593415913,0.,-0.927183854566787));
#8197=DIRECTION('',(0.374606593415913,0.,-0.927183854566787));
#8198=DIRECTION('',(0.,1.,0.));
#8199=DIRECTION('',(-0.374606593415912,0.,0.927183854566787));
#8200=DIRECTION('',(0.927183854566788,0.,0.374606593415912));
#8201=DIRECTION('',(0.927183854566787,0.,0.374606593415912));
#8202=DIRECTION('',(0.,1.,0.));
#8203=DIRECTION('',(0.927183854566787,0.,0.374606593415913));
#8204=DIRECTION('',(0.374606593415913,0.,-0.927183854566787));
#8205=DIRECTION('',(0.374606593415913,0.,-0.927183854566787));
#8206=DIRECTION('',(0.,1.,0.));
#8207=DIRECTION('',(0.374606593415912,0.,-0.927183854566787));
#8208=DIRECTION('',(-0.927183854566788,0.,-0.374606593415912));
#8209=DIRECTION('',(-0.927183854566787,0.,-0.374606593415912));
#8210=DIRECTION('',(0.,1.,0.));
#8211=DIRECTION('',(0.927183854566785,0.,0.374606593415918));
#8212=DIRECTION('',(0.374606593415918,0.,-0.927183854566785));
#8213=DIRECTION('',(0.374606593415918,0.,-0.927183854566785));
#8214=DIRECTION('',(0.,1.,0.));
#8215=DIRECTION('',(-0.374606593415912,0.,0.927183854566787));
#8216=DIRECTION('',(0.927183854566788,0.,0.374606593415912));
#8217=DIRECTION('',(0.927183854566788,0.,0.374606593415912));
#8218=DIRECTION('',(0.,1.,0.));
#8219=DIRECTION('',(0.927183854566787,0.,0.374606593415912));
#8220=DIRECTION('',(0.374606593415912,0.,-0.927183854566788));
#8221=DIRECTION('',(0.374606593415912,0.,-0.927183854566787));
#8222=DIRECTION('',(0.,1.,0.));
#8223=DIRECTION('',(-0.927183854566788,0.,-0.374606593415911));
#8224=DIRECTION('',(-0.374606593415911,0.,0.927183854566788));
#8225=DIRECTION('',(0.,1.,0.));
#8226=DIRECTION('',(-0.374606593415911,0.,0.927183854566788));
#8227=DIRECTION('',(0.,1.,0.));
#8228=DIRECTION('',(0.,1.,0.));
#8229=DIRECTION('',(0.,0.,1.));
#8230=DIRECTION('',(0.,1.,0.));
#8231=DIRECTION('',(1.,0.,0.));
#8232=DIRECTION('',(0.,1.,0.));
#8233=DIRECTION('',(0.374606593415914,0.,-0.927183854566787));
#8234=DIRECTION('',(-0.927183854566787,0.,-0.374606593415914));
#8235=DIRECTION('',(-0.927183854566787,0.,-0.374606593415914));
#8236=DIRECTION('',(0.,1.,0.));
#8237=DIRECTION('',(0.,1.,0.));
#8238=DIRECTION('',(0.,0.,1.));
#8239=DIRECTION('',(0.,1.,0.));
#8240=DIRECTION('',(1.,0.,0.));
#8241=DIRECTION('',(0.,1.,0.));
#8242=DIRECTION('',(0.927183854566787,0.,0.374606593415912));
#8243=DIRECTION('',(0.374606593415912,0.,-0.927183854566787));
#8244=DIRECTION('',(0.374606593415912,0.,-0.927183854566787));
#8245=DIRECTION('',(0.,1.,0.));
#8246=DIRECTION('',(0.,1.,0.));
#8247=DIRECTION('',(0.,0.,1.));
#8248=DIRECTION('',(0.,1.,0.));
#8249=DIRECTION('',(1.,0.,0.));
#8250=DIRECTION('',(0.,1.,0.));
#8251=DIRECTION('',(-0.374606593415912,0.,0.927183854566787));
#8252=DIRECTION('',(0.927183854566788,0.,0.374606593415912));
#8253=DIRECTION('',(0.927183854566787,0.,0.374606593415912));
#8254=DIRECTION('',(0.,1.,0.));
#8255=DIRECTION('',(-0.37460659341591,0.,0.927183854566788));
#8256=DIRECTION('',(0.927183854566788,0.,0.37460659341591));
#8257=DIRECTION('',(0.927183854566788,0.,0.37460659341591));
#8258=DIRECTION('',(-0.374606593415917,0.,0.927183854566785));
#8259=DIRECTION('',(0.927183854566786,0.,0.374606593415917));
#8260=DIRECTION('',(0.927183854566785,0.,0.374606593415917));
#8261=DIRECTION('',(0.,1.,0.));
#8262=DIRECTION('',(0.,0.,1.));
#8263=DIRECTION('',(0.,1.,0.));
#8264=DIRECTION('',(1.,0.,0.));
#8265=DIRECTION('',(0.,1.,0.));
#8266=DIRECTION('',(0.,0.,1.));
#8267=DIRECTION('',(0.,1.,0.));
#8268=DIRECTION('',(0.,0.,1.));
#8269=DIRECTION('',(9.10615997888087E-17,-1.,0.));
#8270=DIRECTION('',(1.,9.10615997888087E-17,0.));
#8271=DIRECTION('',(-0.374606593415913,0.,0.927183854566787));
#8272=DIRECTION('',(0.,1.,0.));
#8273=DIRECTION('',(1.,0.,0.));
#8274=DIRECTION('',(0.,1.,0.));
#8275=DIRECTION('',(1.,0.,0.));
#8276=DIRECTION('',(0.374606593415915,0.,-0.927183854566786));
#8277=DIRECTION('',(0.,1.,0.));
#8278=DIRECTION('',(1.,0.,0.));
#8279=DIRECTION('',(0.,1.,0.));
#8280=DIRECTION('',(1.,0.,0.));
#8281=DIRECTION('',(0.,1.,0.));
#8282=DIRECTION('',(0.,0.,1.));
#8283=DIRECTION('',(0.,1.,0.));
#8284=DIRECTION('',(0.,1.,0.));
#8285=DIRECTION('',(1.,0.,0.));
#8286=DIRECTION('',(0.,1.,0.));
#8287=DIRECTION('',(0.,1.,0.));
#8288=DIRECTION('',(0.,0.,1.));
#8289=DIRECTION('',(0.,1.,0.));
#8290=DIRECTION('',(1.,0.,0.));
#8291=DIRECTION('',(0.,1.,0.));
#8292=DIRECTION('',(0.927183854566786,0.,0.374606593415915));
#8293=DIRECTION('',(0.374606593415915,0.,-0.927183854566787));
#8294=DIRECTION('',(0.374606593415915,0.,-0.927183854566786));
#8295=DIRECTION('',(0.,1.,0.));
#8296=DIRECTION('',(0.,1.,0.));
#8297=DIRECTION('',(0.,0.,1.));
#8298=DIRECTION('',(0.,1.,0.));
#8299=DIRECTION('',(1.,0.,0.));
#8300=DIRECTION('',(0.,1.,0.));
#8301=DIRECTION('',(0.,1.,0.));
#8302=DIRECTION('',(0.,0.,1.));
#8303=DIRECTION('',(0.,1.,0.));
#8304=DIRECTION('',(1.,0.,0.));
#8305=DIRECTION('',(0.,1.,0.));
#8306=DIRECTION('',(-0.927183854566787,0.,-0.374606593415913));
#8307=DIRECTION('',(-0.374606593415913,0.,0.927183854566787));
#8308=DIRECTION('',(-0.374606593415913,0.,0.927183854566787));
#8309=DIRECTION('',(0.,1.,0.));
#8310=DIRECTION('',(0.,0.,1.));
#8311=DIRECTION('',(0.,0.,-1.));
#8312=DIRECTION('',(-0.939692620785908,-0.342020143325669,0.));
#8313=DIRECTION('',(0.,-1.,0.));
#8314=DIRECTION('',(0.,0.,-1.));
#8315=DIRECTION('',(0.,-1.,0.));
#8316=DIRECTION('',(0.,0.,-1.));
#8317=DIRECTION('',(0.,-1.,0.));
#8318=DIRECTION('',(0.,0.,-1.));
#8319=DIRECTION('',(0.,-1.,0.));
#8320=DIRECTION('',(0.,0.,-1.));
#8321=DIRECTION('',(0.,-1.,0.));
#8322=DIRECTION('',(0.,0.,-1.));
#8323=DIRECTION('',(0.,-1.,0.));
#8324=DIRECTION('',(0.,0.,-1.));
#8325=DIRECTION('',(0.,-1.,0.));
#8326=DIRECTION('',(0.,0.,-1.));
#8327=DIRECTION('',(0.,-1.,0.));
#8328=DIRECTION('',(0.,0.,-1.));
#8329=DIRECTION('',(0.,-1.,0.));
#8330=DIRECTION('',(0.,0.,-1.));
#8331=DIRECTION('',(0.,1.,0.));
#8332=DIRECTION('',(0.,0.,1.));
#8333=DIRECTION('',(0.,-1.,0.));
#8334=DIRECTION('',(0.,0.,-1.));
#8335=DIRECTION('',(0.,-1.,0.));
#8336=DIRECTION('',(0.,0.,-1.));
#8337=DIRECTION('',(0.,-1.,0.));
#8338=DIRECTION('',(0.,0.,-1.));
#8339=DIRECTION('',(0.,1.,0.));
#8340=DIRECTION('',(0.,0.,1.));
#8341=DIRECTION('',(0.,1.,0.));
#8342=DIRECTION('',(1.,0.,0.));
#8343=DIRECTION('',(0.,1.,0.));
#8344=DIRECTION('',(0.,0.,1.));
#8345=DIRECTION('',(0.,0.,-1.));
#8346=DIRECTION('',(1.,0.,0.));
#8347=CARTESIAN_POINT('',(0.,0.,0.));
#8348=CARTESIAN_POINT('',(0.,1.5,-2.77555756156289E-17));
#8349=CARTESIAN_POINT('',(0.,1.5,-2.77555756156289E-17));
#8350=CARTESIAN_POINT('',(0.,1.5,-0.15025));
#8351=CARTESIAN_POINT('',(0.,1.5,-2.77555756156289E-17));
#8352=CARTESIAN_POINT('',(0.,1.46275,-2.77555756156289E-17));
#8353=CARTESIAN_POINT('',(0.,1.46275,-0.1875));
#8354=CARTESIAN_POINT('',(0.,-0.56,-2.77555756156289E-17));
#8355=CARTESIAN_POINT('',(0.,0.00999999999999989,-2.77555756156289E-17));
#8356=CARTESIAN_POINT('',(0.,0.00999999999999989,-0.1875));
#8357=CARTESIAN_POINT('',(0.,0.01,-3.41480999208033E-17));
#8358=CARTESIAN_POINT('',(0.,0.,-2.77555756156289E-17));
#8359=CARTESIAN_POINT('',(0.,0.,-0.1975));
#8360=CARTESIAN_POINT('',(0.,7.46989685767572E-18,-0.1975));
#8361=CARTESIAN_POINT('',(0.,0.,-2.77555756156289E-17));
#8362=CARTESIAN_POINT('',(0.,0.,-0.220756849187252));
#8363=CARTESIAN_POINT('',(0.,-0.07166025,-3.41480999208033E-17));
#8364=CARTESIAN_POINT('',(0.,-0.107490375,-2.77555756156289E-17));
#8365=CARTESIAN_POINT('',(0.,-0.107490375,-0.282816446128796));
#8366=CARTESIAN_POINT('',(0.,-0.107490375,-2.77555756156289E-17));
#8367=CARTESIAN_POINT('',(0.,-0.145,-2.77555756156289E-17));
#8368=CARTESIAN_POINT('',(0.,-0.145,-0.261160254037844));
#8369=CARTESIAN_POINT('',(0.,-0.129999999999999,-3.41480999208033E-17));
#8370=CARTESIAN_POINT('',(0.,-0.16,-2.77555756156289E-17));
#8371=CARTESIAN_POINT('',(0.,-0.16,-0.235179491924311));
#8372=CARTESIAN_POINT('',(0.,-0.16,-0.235179491924311));
#8373=CARTESIAN_POINT('',(0.,-0.16,-2.77555756156289E-17));
#8374=CARTESIAN_POINT('',(0.,-0.16,-0.189));
#8375=CARTESIAN_POINT('',(0.,-0.175,-3.41480999208033E-17));
#8376=CARTESIAN_POINT('',(0.,-0.175,-2.77555756156289E-17));
#8377=CARTESIAN_POINT('',(0.,-0.175,-0.174));
#8378=CARTESIAN_POINT('',(0.,-0.56,-2.77555756156289E-17));
#8379=CARTESIAN_POINT('',(0.,-0.323,-2.77555756156289E-17));
#8380=CARTESIAN_POINT('',(0.,-0.323,-0.174));
#8381=CARTESIAN_POINT('',(0.,-0.323,-2.77555756156289E-17));
#8382=CARTESIAN_POINT('',(0.,-0.46,-2.77555756156289E-17));
#8383=CARTESIAN_POINT('',(0.,-0.46,-0.137290960636936));
#8384=CARTESIAN_POINT('',(0.,-0.46,-0.137290960636936));
#8385=CARTESIAN_POINT('',(0.,-0.46,-2.77555756156289E-17));
#8386=CARTESIAN_POINT('',(0.,-0.46,-0.3));
#8387=CARTESIAN_POINT('',(0.,-0.56,-2.77555756156289E-17));
#8388=CARTESIAN_POINT('',(0.,-0.56,-2.77555756156289E-17));
#8389=CARTESIAN_POINT('',(0.,-0.56,-0.3));
#8390=CARTESIAN_POINT('',(0.,-0.56,-0.3));
#8391=CARTESIAN_POINT('',(0.,0.,0.));
#8392=CARTESIAN_POINT('',(0.6195,-0.202,0.));
#8393=CARTESIAN_POINT('',(-0.625,-0.202,-0.258883476483184));
#8394=CARTESIAN_POINT('',(-0.625,-0.202,-0.258883476483184));
#8395=CARTESIAN_POINT('',(-0.625,-0.202,0.258883476483184));
#8396=CARTESIAN_POINT('',(-0.258883476483184,-0.202,-0.625));
#8397=CARTESIAN_POINT('',(-0.258883476483184,-0.202,-0.625));
#8398=CARTESIAN_POINT('',(0.258883476483184,-0.202,-0.625));
#8399=CARTESIAN_POINT('',(0.258883476483184,-0.202,-0.625));
#8400=CARTESIAN_POINT('',(0.625,-0.202,-0.258883476483184));
#8401=CARTESIAN_POINT('',(0.625,-0.202,-0.258883476483184));
#8402=CARTESIAN_POINT('',(0.625,-0.202,0.258883476483184));
#8403=CARTESIAN_POINT('',(0.625,-0.202,0.258883476483184));
#8404=CARTESIAN_POINT('',(0.258883476483184,-0.202,0.625));
#8405=CARTESIAN_POINT('',(0.258883476483184,-0.202,0.625));
#8406=CARTESIAN_POINT('',(-0.258883476483184,-0.202,0.625));
#8407=CARTESIAN_POINT('',(-0.258883476483184,-0.202,0.625));
#8408=CARTESIAN_POINT('',(-0.625,-0.202,0.258883476483184));
#8409=CARTESIAN_POINT('',(0.,-0.202,0.));
#8410=CARTESIAN_POINT('',(0.,-0.202,0.533437479641692));
#8411=CARTESIAN_POINT('',(0.6195,-0.202,0.));
#8412=CARTESIAN_POINT('',(0.,-0.202,0.));
#8413=CARTESIAN_POINT('',(0.,-0.202,-0.300042434488532));
#8414=CARTESIAN_POINT('',(0.,-0.202,0.));
#8415=CARTESIAN_POINT('',(0.,-0.202,-0.341562520358308));
#8416=CARTESIAN_POINT('',(0.,-0.104999999999999,0.));
#8417=CARTESIAN_POINT('',(0.,-0.222,0.));
#8418=CARTESIAN_POINT('',(0.,-0.222,-0.234620725553348));
#8419=CARTESIAN_POINT('',(0.234620725553348,-0.222,0.));
#8420=CARTESIAN_POINT('',(0.104500398723322,-0.222,-0.181));
#8421=CARTESIAN_POINT('',(0.104500398723322,-0.222,-0.181));
#8422=CARTESIAN_POINT('',(-0.104500398723322,-0.222,-0.181));
#8423=CARTESIAN_POINT('',(-0.104500398723322,-0.222,-0.181));
#8424=CARTESIAN_POINT('',(-0.209000797446645,-0.222,-2.77555756156289E-17));
#8425=CARTESIAN_POINT('',(-0.209000797446645,-0.222,-2.77555756156289E-17));
#8426=CARTESIAN_POINT('',(-0.104500398723322,-0.222,0.181));
#8427=CARTESIAN_POINT('',(-0.104500398723322,-0.222,0.181));
#8428=CARTESIAN_POINT('',(0.104500398723322,-0.222,0.181));
#8429=CARTESIAN_POINT('',(0.104500398723322,-0.222,0.181));
#8430=CARTESIAN_POINT('',(0.209000797446645,-0.222,3.41480999208033E-17));
#8431=CARTESIAN_POINT('',(0.209000797446645,-0.222,2.77555756156289E-17));
#8432=CARTESIAN_POINT('',(-0.625,-0.12,-0.258883476483184));
#8433=CARTESIAN_POINT('',(-0.625,-0.12,0.258883476483184));
#8434=CARTESIAN_POINT('',(-0.625,-0.12,0.258883476483184));
#8435=CARTESIAN_POINT('',(-0.625,-0.12,-0.258883476483184));
#8436=CARTESIAN_POINT('',(-0.625,-0.12,-0.258883476483184));
#8437=CARTESIAN_POINT('',(-0.625,-0.12,-0.258883476483184));
#8438=CARTESIAN_POINT('',(-0.625,-0.12,0.258883476483184));
#8439=CARTESIAN_POINT('',(-0.258883476483184,-0.12,0.625));
#8440=CARTESIAN_POINT('',(-0.258883476483184,-0.12,0.625));
#8441=CARTESIAN_POINT('',(-0.625,-0.12,0.258883476483184));
#8442=CARTESIAN_POINT('',(-0.258883476483184,-0.12,0.625));
#8443=CARTESIAN_POINT('',(0.258883476483184,-0.12,0.625));
#8444=CARTESIAN_POINT('',(0.258883476483184,-0.12,0.625));
#8445=CARTESIAN_POINT('',(-0.258883476483184,-0.12,0.625));
#8446=CARTESIAN_POINT('',(0.258883476483184,-0.12,0.625));
#8447=CARTESIAN_POINT('',(0.625,-0.12,0.258883476483184));
#8448=CARTESIAN_POINT('',(0.625,-0.12,0.258883476483184));
#8449=CARTESIAN_POINT('',(0.258883476483184,-0.12,0.625));
#8450=CARTESIAN_POINT('',(0.625,-0.12,0.258883476483184));
#8451=CARTESIAN_POINT('',(0.625,-0.12,-0.258883476483184));
#8452=CARTESIAN_POINT('',(0.625,-0.12,-0.258883476483184));
#8453=CARTESIAN_POINT('',(0.625,-0.12,0.258883476483184));
#8454=CARTESIAN_POINT('',(0.625,-0.12,-0.258883476483184));
#8455=CARTESIAN_POINT('',(0.258883476483184,-0.12,-0.625));
#8456=CARTESIAN_POINT('',(0.258883476483184,-0.12,-0.625));
#8457=CARTESIAN_POINT('',(0.625,-0.12,-0.258883476483184));
#8458=CARTESIAN_POINT('',(0.258883476483184,-0.12,-0.625));
#8459=CARTESIAN_POINT('',(-0.258883476483184,-0.12,-0.625));
#8460=CARTESIAN_POINT('',(-0.258883476483184,-0.12,-0.625));
#8461=CARTESIAN_POINT('',(0.258883476483184,-0.12,-0.625));
#8462=CARTESIAN_POINT('',(-0.258883476483184,-0.12,-0.625));
#8463=CARTESIAN_POINT('',(-0.258883476483184,-0.12,-0.625));
#8464=CARTESIAN_POINT('',(0.,-0.12,0.));
#8465=CARTESIAN_POINT('',(0.,-0.12,0.));
#8466=CARTESIAN_POINT('',(0.,-0.12,0.608613997089659));
#8467=CARTESIAN_POINT('',(0.,-0.182,0.));
#8468=CARTESIAN_POINT('',(0.,-0.11741935483871,0.));
#8469=CARTESIAN_POINT('',(0.,-0.11741935483871,-0.267343189173776));
#8470=CARTESIAN_POINT('',(0.,-0.105,0.));
#8471=CARTESIAN_POINT('',(0.,-0.14,0.));
#8472=CARTESIAN_POINT('',(0.,-0.14,-0.234620725553348));
#8473=CARTESIAN_POINT('',(0.234620725553348,-0.14,0.));
#8474=CARTESIAN_POINT('',(-0.0980954166966464,-0.14,-0.192093754291768));
#8475=CARTESIAN_POINT('',(-0.104500398723322,-0.14,-0.181));
#8476=CARTESIAN_POINT('',(-0.209000797446645,-0.14,-2.77555756156289E-17));
#8477=CARTESIAN_POINT('',(0.234620725553348,-0.14,-0.181));
#8478=CARTESIAN_POINT('',(0.104500398723322,-0.14,-0.181));
#8479=CARTESIAN_POINT('',(0.21540577947332,-0.14,0.011093754291768));
#8480=CARTESIAN_POINT('',(0.209000797446645,-0.14,3.41480999208033E-17));
#8481=CARTESIAN_POINT('',(0.21540577947332,-0.14,-0.011093754291768));
#8482=CARTESIAN_POINT('',(0.104500398723322,-0.14,0.181));
#8483=CARTESIAN_POINT('',(0.234620725553348,-0.14,0.181));
#8484=CARTESIAN_POINT('',(-0.104500398723322,-0.14,0.181));
#8485=CARTESIAN_POINT('',(-0.0980954166966465,-0.14,0.192093754291768));
#8486=CARTESIAN_POINT('',(-0.104500398723322,-0.222,-0.181));
#8487=CARTESIAN_POINT('',(-0.209000797446645,-0.222,-2.77555756156289E-17));
#8488=CARTESIAN_POINT('',(-0.104500398723322,-0.222,-0.181));
#8489=CARTESIAN_POINT('',(-0.209000797446645,-0.222,-2.77555756156289E-17));
#8490=CARTESIAN_POINT('',(-0.104500398723322,-0.222,0.181));
#8491=CARTESIAN_POINT('',(-0.104500398723322,-0.222,0.181));
#8492=CARTESIAN_POINT('',(0.104500398723322,-0.222,0.181));
#8493=CARTESIAN_POINT('',(0.104500398723322,-0.222,0.181));
#8494=CARTESIAN_POINT('',(0.209000797446645,-0.222,3.41480999208033E-17));
#8495=CARTESIAN_POINT('',(0.209000797446645,-0.222,2.77555756156289E-17));
#8496=CARTESIAN_POINT('',(0.104500398723322,-0.222,-0.181));
#8497=CARTESIAN_POINT('',(0.104500398723322,-0.222,-0.181));
#8498=CARTESIAN_POINT('',(0.,-0.182,0.));
#8499=CARTESIAN_POINT('',(0.,-0.02,0.));
#8500=CARTESIAN_POINT('',(0.,0.,0.));
#8501=CARTESIAN_POINT('',(0.,0.,0.));
#8502=CARTESIAN_POINT('',(0.,0.,-0.696));
#8503=CARTESIAN_POINT('',(0.,0.,0.));
#8504=CARTESIAN_POINT('',(0.,0.,-0.420459508194416));
#8505=CARTESIAN_POINT('',(-0.759,-1.04,0.9108));
#8506=CARTESIAN_POINT('',(-0.190018520556596,-0.537664379074712,0.9108));
#8507=CARTESIAN_POINT('',(-0.190018520556596,-0.537664379074712,-0.66851923072226));
#8508=CARTESIAN_POINT('',(-0.190018520556596,-0.537664379074712,-0.734829205901264));
#8509=CARTESIAN_POINT('',(-0.190018520556596,-0.537664379074712,-0.66851923072226));
#8510=CARTESIAN_POINT('',(-0.216410809972884,-0.507770572519011,-0.661017541079666));
#8511=CARTESIAN_POINT('',(-0.272315957794973,-0.453779361963594,-0.641855985639041));
#8512=CARTESIAN_POINT('',(-0.364601435530324,-0.388537305487199,-0.594949628997678));
#8513=CARTESIAN_POINT('',(-0.45467445667028,-0.342517221457203,-0.529816128796007));
#8514=CARTESIAN_POINT('',(-0.565522597826687,-0.302533595846146,-0.417535530477835));
#8515=CARTESIAN_POINT('',(-0.646550437423873,-0.288673334045657,-0.276729662031483));
#8516=CARTESIAN_POINT('',(-0.688135541910951,-0.284224848504047,-0.119706747448876));
#8517=CARTESIAN_POINT('',(-0.698503720916629,-0.283432443898833,-0.000146409873763265));
#8518=CARTESIAN_POINT('',(-0.687849415829406,-0.284263993088041,0.121442459408119));
#8519=CARTESIAN_POINT('',(-0.656973922785656,-0.287514727072307,0.237201040968051));
#8520=CARTESIAN_POINT('',(-0.605786834882164,-0.295810121047313,0.347669886609197));
#8521=CARTESIAN_POINT('',(-0.538064734729378,-0.312433355452214,0.445192033319523));
#8522=CARTESIAN_POINT('',(-0.455104343304735,-0.342326221094037,0.529487171865092));
#8523=CARTESIAN_POINT('',(-0.364810790087709,-0.388438321844945,0.594797814325971));
#8524=CARTESIAN_POINT('',(-0.273063871781811,-0.453139813809848,0.641551348550653));
#8525=CARTESIAN_POINT('',(-0.216436054982431,-0.50774197820421,0.661010365490475));
#8526=CARTESIAN_POINT('',(-0.190018520556596,-0.537664379074712,0.66851923072226));
#8527=CARTESIAN_POINT('',(-0.190018520556596,-0.537664379074712,0.66851923072226));
#8528=CARTESIAN_POINT('',(-0.190018520556596,-0.537664379074712,0.9108));
#8529=CARTESIAN_POINT('',(-0.190018520556596,-0.537664379074712,0.734829205901264));
#8530=CARTESIAN_POINT('',(-0.190018520556596,-0.537664379074712,0.734829205901264));
#8531=CARTESIAN_POINT('',(-0.219307924297295,-0.50448909231782,0.727255297403757));
#8532=CARTESIAN_POINT('',(-0.281955485900594,-0.445039011334721,0.70742631842717));
#8533=CARTESIAN_POINT('',(-0.386351854686108,-0.375149167772491,0.657053719719935));
#8534=CARTESIAN_POINT('',(-0.488827411577734,-0.328116239202911,0.585350822454917));
#8535=CARTESIAN_POINT('',(-0.582350330522577,-0.300085960003739,0.492827970110911));
#8536=CARTESIAN_POINT('',(-0.659625475328379,-0.28651718225239,0.383311123679811));
#8537=CARTESIAN_POINT('',(-0.735302290400133,-0.280232860118061,0.222092745261353));
#8538=CARTESIAN_POINT('',(-0.774889214174612,-0.281506303705831,-0.000500413368093477));
#8539=CARTESIAN_POINT('',(-0.735029412515908,-0.280248228764505,-0.222820431113443));
#8540=CARTESIAN_POINT('',(-0.659449942367137,-0.286530349139827,-0.383619381488928));
#8541=CARTESIAN_POINT('',(-0.58215870212252,-0.300174766277709,-0.492936274022943));
#8542=CARTESIAN_POINT('',(-0.489899172210164,-0.327716303349798,-0.584455896334143));
#8543=CARTESIAN_POINT('',(-0.35182658642505,-0.39088821521431,-0.681310738191955));
#8544=CARTESIAN_POINT('',(-0.248681212842259,-0.471218791594078,-0.719659697244737));
#8545=CARTESIAN_POINT('',(-0.190018520556596,-0.537664379074712,-0.734829205901264));
#8546=CARTESIAN_POINT('',(-0.190018520556596,-0.537664379074712,0.9108));
#8547=CARTESIAN_POINT('',(0.,-0.752893031880161,0.));
#8548=CARTESIAN_POINT('',(0.478548848081364,-1.29493190036759,0.504));
#8549=CARTESIAN_POINT('',(0.164264577811627,-0.938950915514311,0.504));
#8550=CARTESIAN_POINT('',(0.655588445506125,-1.49545969068685,0.504));
#8551=CARTESIAN_POINT('',(0.655588445506125,-1.49545969068685,0.9108));
#8552=CARTESIAN_POINT('',(0.655588445506125,-1.49545969068685,0.568));
#8553=CARTESIAN_POINT('',(0.163768432886224,-0.938388946062186,0.568));
#8554=CARTESIAN_POINT('',(0.503445131071898,-1.32313122237167,0.568));
#8555=CARTESIAN_POINT('',(0.,-0.752893031880161,0.));
#8556=CARTESIAN_POINT('',(0.759,-0.119,0.9108));
#8557=CARTESIAN_POINT('',(0.759,-0.119,-0.504));
#8558=CARTESIAN_POINT('',(0.759,-0.119,0.504));
#8559=CARTESIAN_POINT('',(0.758999999999999,-0.119,0.494121442562456));
#8560=CARTESIAN_POINT('',(0.759,-0.119,0.494121442562455));
#8561=CARTESIAN_POINT('',(0.759,-0.055,0.494121442562455));
#8562=CARTESIAN_POINT('',(0.759,-0.055,-0.505));
#8563=CARTESIAN_POINT('',(0.759,-0.055,0.505));
#8564=CARTESIAN_POINT('',(0.759,-0.118,0.505));
#8565=CARTESIAN_POINT('',(0.759,-0.118,0.568));
#8566=CARTESIAN_POINT('',(0.759,-0.118,0.568));
#8567=CARTESIAN_POINT('',(0.759,-0.119,0.568));
#8568=CARTESIAN_POINT('',(0.759,-0.119,0.9108));
#8569=CARTESIAN_POINT('',(0.879326651149201,-0.875391352405361,0.568));
#8570=CARTESIAN_POINT('',(0.869876175650104,-0.841277824849984,0.568));
#8571=CARTESIAN_POINT('',(0.869876175650104,-0.841277824849984,0.568));
#8572=CARTESIAN_POINT('',(0.869876175650104,-0.841277824849984,0.536));
#8573=CARTESIAN_POINT('',(0.879326651149201,-0.875391352405361,0.536));
#8574=CARTESIAN_POINT('',(0.91344017870457,-0.865940876906233,0.536));
#8575=CARTESIAN_POINT('',(0.91344017870457,-0.865940876906233,0.568));
#8576=CARTESIAN_POINT('',(0.91344017870457,-0.865940876906233,0.568));
#8577=CARTESIAN_POINT('',(0.879326651149201,-0.875391352405361,0.568));
#8578=CARTESIAN_POINT('',(0.890136948741605,-0.871819267628249,0.568));
#8579=CARTESIAN_POINT('',(0.890136948741605,-0.871819267628249,0.536));
#8580=CARTESIAN_POINT('',(0.908287313038395,-0.887572371451982,0.536));
#8581=CARTESIAN_POINT('',(0.908287313038395,-0.887572371451982,0.568));
#8582=CARTESIAN_POINT('',(0.908287313038395,-0.887572371451982,0.568));
#8583=CARTESIAN_POINT('',(0.890136948741605,-0.871819267628249,0.568));
#8584=CARTESIAN_POINT('',(0.943672371186596,-0.883107386692411,0.568));
#8585=CARTESIAN_POINT('',(0.943672371186596,-0.883107386692411,0.536));
#8586=CARTESIAN_POINT('',(0.943672371186596,-0.883107386692411,0.536));
#8587=CARTESIAN_POINT('',(0.943672371186596,-0.883107386692411,0.568));
#8588=CARTESIAN_POINT('',(0.943672371186596,-0.883107386692411,0.568));
#8589=CARTESIAN_POINT('',(0.943672371186596,-0.883107386692411,0.568));
#8590=CARTESIAN_POINT('',(0.947818640507974,-0.898382480136511,0.568));
#8591=CARTESIAN_POINT('',(0.947818640507974,-0.898382480136511,0.536));
#8592=CARTESIAN_POINT('',(0.947818640507974,-0.898382480136511,0.536));
#8593=CARTESIAN_POINT('',(0.947818640507974,-0.898382480136511,0.568));
#8594=CARTESIAN_POINT('',(0.947818640507974,-0.898382480136511,0.568));
#8595=CARTESIAN_POINT('',(0.947818640507974,-0.898382480136511,0.568));
#8596=CARTESIAN_POINT('',(0.857912217687852,-0.909746136651012,0.568));
#8597=CARTESIAN_POINT('',(0.857912217687852,-0.909746136651012,0.536));
#8598=CARTESIAN_POINT('',(0.857912217687852,-0.909746136651012,0.536));
#8599=CARTESIAN_POINT('',(0.857912217687852,-0.909746136651012,0.568));
#8600=CARTESIAN_POINT('',(0.857912217687852,-0.909746136651012,0.568));
#8601=CARTESIAN_POINT('',(0.857912217687852,-0.909746136651012,0.568));
#8602=CARTESIAN_POINT('',(0.853765948366474,-0.894471043206913,0.568));
#8603=CARTESIAN_POINT('',(0.853765948366474,-0.894471043206913,0.536));
#8604=CARTESIAN_POINT('',(0.853765948366474,-0.894471043206913,0.536));
#8605=CARTESIAN_POINT('',(0.853765948366474,-0.894471043206913,0.568));
#8606=CARTESIAN_POINT('',(0.853765948366474,-0.894471043206913,0.568));
#8607=CARTESIAN_POINT('',(0.853765948366474,-0.894471043206913,0.568));
#8608=CARTESIAN_POINT('',(0.861459812847585,-0.893508684215516,0.568));
#8609=CARTESIAN_POINT('',(0.861459812847585,-0.893508684215516,0.536));
#8610=CARTESIAN_POINT('',(0.861459812847585,-0.893508684215516,0.536));
#8611=CARTESIAN_POINT('',(0.861459812847585,-0.893508684215516,0.568));
#8612=CARTESIAN_POINT('',(0.861459812847585,-0.893508684215516,0.568));
#8613=CARTESIAN_POINT('',(0.861459812847585,-0.893508684215516,0.568));
#8614=CARTESIAN_POINT('',(0.876150797182027,-0.867590565522633,0.568));
#8615=CARTESIAN_POINT('',(0.876150797182027,-0.867590565522633,0.536));
#8616=CARTESIAN_POINT('',(0.847747293326713,-0.876580274418607,0.536));
#8617=CARTESIAN_POINT('',(0.847747293326713,-0.876580274418607,0.568));
#8618=CARTESIAN_POINT('',(0.847747293326713,-0.876580274418607,0.568));
#8619=CARTESIAN_POINT('',(0.876150797182027,-0.867590565522633,0.568));
#8620=CARTESIAN_POINT('',(0.894050608643924,-0.79879089205011,0.568));
#8621=CARTESIAN_POINT('',(0.829962780966662,-0.806778812404882,0.568));
#8622=CARTESIAN_POINT('',(0.829962780966662,-0.806778812404882,0.568));
#8623=CARTESIAN_POINT('',(0.829962780966662,-0.806778812404882,0.536));
#8624=CARTESIAN_POINT('',(0.894050608643924,-0.79879089205011,0.536));
#8625=CARTESIAN_POINT('',(0.894050608643924,-0.79879089205011,0.536));
#8626=CARTESIAN_POINT('',(0.894050608643924,-0.79879089205011,0.568));
#8627=CARTESIAN_POINT('',(0.894050608643924,-0.79879089205011,0.568));
#8628=CARTESIAN_POINT('',(0.894050608643924,-0.79879089205011,0.568));
#8629=CARTESIAN_POINT('',(0.897907603361491,-0.813000281300457,0.568));
#8630=CARTESIAN_POINT('',(0.897907603361491,-0.813000281300457,0.536));
#8631=CARTESIAN_POINT('',(0.897907603361491,-0.813000281300457,0.536));
#8632=CARTESIAN_POINT('',(0.897907603361491,-0.813000281300457,0.568));
#8633=CARTESIAN_POINT('',(0.897907603361491,-0.813000281300457,0.568));
#8634=CARTESIAN_POINT('',(0.897907603361491,-0.813000281300457,0.568));
#8635=CARTESIAN_POINT('',(0.888948184370047,-0.814251675341069,0.568));
#8636=CARTESIAN_POINT('',(0.888948184370047,-0.814251675341069,0.536));
#8637=CARTESIAN_POINT('',(0.888948184370047,-0.814251675341069,0.536));
#8638=CARTESIAN_POINT('',(0.888948184370047,-0.814251675341069,0.568));
#8639=CARTESIAN_POINT('',(0.888948184370047,-0.814251675341069,0.568));
#8640=CARTESIAN_POINT('',(0.888948184370047,-0.814251675341069,0.568));
#8641=CARTESIAN_POINT('',(0.885917382153096,-0.83155608249237,0.568));
#8642=CARTESIAN_POINT('',(0.885917382153096,-0.83155608249237,0.536));
#8643=CARTESIAN_POINT('',(0.902677326778424,-0.826289914521993,0.536));
#8644=CARTESIAN_POINT('',(0.902677326778424,-0.826289914521993,0.568));
#8645=CARTESIAN_POINT('',(0.902677326778424,-0.826289914521993,0.568));
#8646=CARTESIAN_POINT('',(0.885917382153096,-0.83155608249237,0.568));
#8647=CARTESIAN_POINT('',(0.885864390024307,-0.828868065302351,0.568));
#8648=CARTESIAN_POINT('',(0.885864390024307,-0.828868065302351,0.536));
#8649=CARTESIAN_POINT('',(0.902756396720708,-0.830863513500858,0.536));
#8650=CARTESIAN_POINT('',(0.902756396720708,-0.830863513500858,0.568));
#8651=CARTESIAN_POINT('',(0.902756396720708,-0.830863513500858,0.568));
#8652=CARTESIAN_POINT('',(0.885864390024307,-0.828868065302351,0.568));
#8653=CARTESIAN_POINT('',(0.887395206004896,-0.82860369911521,0.568));
#8654=CARTESIAN_POINT('',(0.887395206004896,-0.82860369911521,0.536));
#8655=CARTESIAN_POINT('',(0.887395206004896,-0.82860369911521,0.536));
#8656=CARTESIAN_POINT('',(0.887395206004896,-0.82860369911521,0.568));
#8657=CARTESIAN_POINT('',(0.887395206004896,-0.82860369911521,0.568));
#8658=CARTESIAN_POINT('',(0.887395206004896,-0.82860369911521,0.568));
#8659=CARTESIAN_POINT('',(0.876458270339141,-0.827065277646905,0.568));
#8660=CARTESIAN_POINT('',(0.876458270339141,-0.827065277646905,0.536));
#8661=CARTESIAN_POINT('',(0.887427799987984,-0.825779695423101,0.536));
#8662=CARTESIAN_POINT('',(0.887427799987984,-0.825779695423101,0.568));
#8663=CARTESIAN_POINT('',(0.887427799987984,-0.825779695423101,0.568));
#8664=CARTESIAN_POINT('',(0.876458270339141,-0.827065277646905,0.568));
#8665=CARTESIAN_POINT('',(0.876928916804101,-0.829426746555236,0.568));
#8666=CARTESIAN_POINT('',(0.876928916804101,-0.829426746555236,0.536));
#8667=CARTESIAN_POINT('',(0.877522764164234,-0.81832832885801,0.536));
#8668=CARTESIAN_POINT('',(0.877522764164234,-0.81832832885801,0.568));
#8669=CARTESIAN_POINT('',(0.877522764164234,-0.81832832885801,0.568));
#8670=CARTESIAN_POINT('',(0.876928916804101,-0.829426746555236,0.568));
#8671=CARTESIAN_POINT('',(0.870540769420107,-0.911559289146802,0.568));
#8672=CARTESIAN_POINT('',(0.870540769420107,-0.911559289146802,0.536));
#8673=CARTESIAN_POINT('',(0.858280580892005,-0.818874619517824,0.536));
#8674=CARTESIAN_POINT('',(0.858280580892005,-0.818874619517824,0.568));
#8675=CARTESIAN_POINT('',(0.858280580892005,-0.818874619517824,0.568));
#8676=CARTESIAN_POINT('',(0.870540769420107,-0.911559289146802,0.568));
#8677=CARTESIAN_POINT('',(0.83411364194842,-0.822070821788569,0.568));
#8678=CARTESIAN_POINT('',(0.83411364194842,-0.822070821788569,0.536));
#8679=CARTESIAN_POINT('',(0.83411364194842,-0.822070821788569,0.536));
#8680=CARTESIAN_POINT('',(0.83411364194842,-0.822070821788569,0.568));
#8681=CARTESIAN_POINT('',(0.83411364194842,-0.822070821788569,0.568));
#8682=CARTESIAN_POINT('',(0.83411364194842,-0.822070821788569,0.568));
#8683=CARTESIAN_POINT('',(0.848111372874997,-0.763938761334036,0.568));
#8684=CARTESIAN_POINT('',(0.838366791557116,-0.728942463961859,0.568));
#8685=CARTESIAN_POINT('',(0.838366791557116,-0.728942463961859,0.568));
#8686=CARTESIAN_POINT('',(0.838366791557116,-0.728942463961859,0.536));
#8687=CARTESIAN_POINT('',(0.848111372874997,-0.763938761334036,0.536));
#8688=CARTESIAN_POINT('',(0.883107670247169,-0.754194180016138,0.536));
#8689=CARTESIAN_POINT('',(0.883107670247169,-0.754194180016138,0.568));
#8690=CARTESIAN_POINT('',(0.883107670247169,-0.754194180016138,0.568));
#8691=CARTESIAN_POINT('',(0.848111372874997,-0.763938761334036,0.568));
#8692=CARTESIAN_POINT('',(0.852690029249069,-0.762205549380179,0.568));
#8693=CARTESIAN_POINT('',(0.852690029249069,-0.762205549380179,0.536));
#8694=CARTESIAN_POINT('',(0.860701398613106,-0.79262319037828,0.536));
#8695=CARTESIAN_POINT('',(0.860701398613106,-0.79262319037828,0.568));
#8696=CARTESIAN_POINT('',(0.860701398613106,-0.79262319037828,0.568));
#8697=CARTESIAN_POINT('',(0.852690029249069,-0.762205549380179,0.568));
#8698=CARTESIAN_POINT('',(0.851495957972898,-0.75874460913097,0.568));
#8699=CARTESIAN_POINT('',(0.851495957972898,-0.75874460913097,0.536));
#8700=CARTESIAN_POINT('',(0.854320216393435,-0.793737779451548,0.536));
#8701=CARTESIAN_POINT('',(0.854320216393435,-0.793737779451548,0.568));
#8702=CARTESIAN_POINT('',(0.854320216393435,-0.793737779451548,0.568));
#8703=CARTESIAN_POINT('',(0.851495957972898,-0.75874460913097,0.568));
#8704=CARTESIAN_POINT('',(0.840958484693307,-0.744512395262901,0.568));
#8705=CARTESIAN_POINT('',(0.840958484693307,-0.744512395262901,0.536));
#8706=CARTESIAN_POINT('',(0.840958484693307,-0.744512395262901,0.536));
#8707=CARTESIAN_POINT('',(0.840958484693307,-0.744512395262901,0.568));
#8708=CARTESIAN_POINT('',(0.840958484693307,-0.744512395262901,0.568));
#8709=CARTESIAN_POINT('',(0.840958484693307,-0.744512395262901,0.568));
#8710=CARTESIAN_POINT('',(0.84587212006121,-0.758298752871982,0.568));
#8711=CARTESIAN_POINT('',(0.84587212006121,-0.758298752871982,0.536));
#8712=CARTESIAN_POINT('',(0.832085762452116,-0.763212388239847,0.536));
#8713=CARTESIAN_POINT('',(0.832085762452116,-0.763212388239847,0.568));
#8714=CARTESIAN_POINT('',(0.832085762452116,-0.763212388239847,0.568));
#8715=CARTESIAN_POINT('',(0.84587212006121,-0.758298752871982,0.568));
#8716=CARTESIAN_POINT('',(0.854634166181561,-0.757707202824002,0.568));
#8717=CARTESIAN_POINT('',(0.854634166181561,-0.757707202824002,0.536));
#8718=CARTESIAN_POINT('',(0.841419422417991,-0.776788820273056,0.536));
#8719=CARTESIAN_POINT('',(0.841419422417991,-0.776788820273056,0.568));
#8720=CARTESIAN_POINT('',(0.841419422417991,-0.776788820273056,0.568));
#8721=CARTESIAN_POINT('',(0.854634166181561,-0.757707202824002,0.568));
#8722=CARTESIAN_POINT('',(0.838214484781342,-0.791879848439076,0.568));
#8723=CARTESIAN_POINT('',(0.838214484781342,-0.791879848439076,0.536));
#8724=CARTESIAN_POINT('',(0.838214484781342,-0.791879848439076,0.536));
#8725=CARTESIAN_POINT('',(0.838214484781342,-0.791879848439076,0.568));
#8726=CARTESIAN_POINT('',(0.838214484781342,-0.791879848439076,0.568));
#8727=CARTESIAN_POINT('',(0.838214484781342,-0.791879848439076,0.568));
#8728=CARTESIAN_POINT('',(0.853244936294123,-0.759022025745098,0.568));
#8729=CARTESIAN_POINT('',(0.853244936294123,-0.759022025745098,0.536));
#8730=CARTESIAN_POINT('',(0.818011700718455,-0.767032649674384,0.536));
#8731=CARTESIAN_POINT('',(0.818011700718455,-0.767032649674384,0.568));
#8732=CARTESIAN_POINT('',(0.818011700718455,-0.767032649674384,0.568));
#8733=CARTESIAN_POINT('',(0.853244936294123,-0.759022025745098,0.568));
#8734=CARTESIAN_POINT('',(0.881372723177209,-0.653591918420418,0.568));
#8735=CARTESIAN_POINT('',(0.791466300357087,-0.66495557493492,0.568));
#8736=CARTESIAN_POINT('',(0.791466300357087,-0.66495557493492,0.568));
#8737=CARTESIAN_POINT('',(0.791466300357087,-0.66495557493492,0.536));
#8738=CARTESIAN_POINT('',(0.881372723177209,-0.653591918420418,0.536));
#8739=CARTESIAN_POINT('',(0.881372723177209,-0.653591918420418,0.536));
#8740=CARTESIAN_POINT('',(0.881372723177209,-0.653591918420418,0.568));
#8741=CARTESIAN_POINT('',(0.881372723177209,-0.653591918420418,0.568));
#8742=CARTESIAN_POINT('',(0.881372723177209,-0.653591918420418,0.568));
#8743=CARTESIAN_POINT('',(0.885523584158966,-0.668883927804105,0.568));
#8744=CARTESIAN_POINT('',(0.885523584158966,-0.668883927804105,0.536));
#8745=CARTESIAN_POINT('',(0.885523584158966,-0.668883927804105,0.536));
#8746=CARTESIAN_POINT('',(0.885523584158966,-0.668883927804105,0.568));
#8747=CARTESIAN_POINT('',(0.885523584158966,-0.668883927804105,0.568));
#8748=CARTESIAN_POINT('',(0.885523584158966,-0.668883927804105,0.568));
#8749=CARTESIAN_POINT('',(0.852615506699629,-0.673039807242034,0.568));
#8750=CARTESIAN_POINT('',(0.852615506699629,-0.673039807242034,0.536));
#8751=CARTESIAN_POINT('',(0.852615506699629,-0.673039807242034,0.536));
#8752=CARTESIAN_POINT('',(0.852615506699629,-0.673039807242034,0.568));
#8753=CARTESIAN_POINT('',(0.852615506699629,-0.673039807242034,0.568));
#8754=CARTESIAN_POINT('',(0.852615506699629,-0.673039807242034,0.568));
#8755=CARTESIAN_POINT('',(0.836099982074049,-0.699337477016322,0.568));
#8756=CARTESIAN_POINT('',(0.836099982074049,-0.699337477016322,0.536));
#8757=CARTESIAN_POINT('',(0.865517019338856,-0.689389215470878,0.536));
#8758=CARTESIAN_POINT('',(0.865517019338856,-0.689389215470878,0.568));
#8759=CARTESIAN_POINT('',(0.865517019338856,-0.689389215470878,0.568));
#8760=CARTESIAN_POINT('',(0.836099982074049,-0.699337477016322,0.568));
#8761=CARTESIAN_POINT('',(0.847611503976673,-0.694885166640078,0.568));
#8762=CARTESIAN_POINT('',(0.847611503976673,-0.694885166640078,0.536));
#8763=CARTESIAN_POINT('',(0.85310745514586,-0.712790682002266,0.536));
#8764=CARTESIAN_POINT('',(0.85310745514586,-0.712790682002266,0.568));
#8765=CARTESIAN_POINT('',(0.85310745514586,-0.712790682002266,0.568));
#8766=CARTESIAN_POINT('',(0.847611503976673,-0.694885166640078,0.568));
#8767=CARTESIAN_POINT('',(0.834385172894793,-0.637508627982217,0.568));
#8768=CARTESIAN_POINT('',(0.834385172894793,-0.637508627982217,0.536));
#8769=CARTESIAN_POINT('',(0.842251760664517,-0.714683936903059,0.536));
#8770=CARTESIAN_POINT('',(0.842251760664517,-0.714683936903059,0.568));
#8771=CARTESIAN_POINT('',(0.842251760664517,-0.714683936903059,0.568));
#8772=CARTESIAN_POINT('',(0.834385172894793,-0.637508627982217,0.568));
#8773=CARTESIAN_POINT('',(0.806196346849869,-0.719221909119498,0.568));
#8774=CARTESIAN_POINT('',(0.806196346849869,-0.719221909119498,0.536));
#8775=CARTESIAN_POINT('',(0.806196346849869,-0.719221909119498,0.536));
#8776=CARTESIAN_POINT('',(0.806196346849869,-0.719221909119498,0.568));
#8777=CARTESIAN_POINT('',(0.806196346849869,-0.719221909119498,0.568));
#8778=CARTESIAN_POINT('',(0.806196346849869,-0.719221909119498,0.568));
#8779=CARTESIAN_POINT('',(0.802045485868112,-0.703929899735812,0.568));
#8780=CARTESIAN_POINT('',(0.802045485868112,-0.703929899735812,0.536));
#8781=CARTESIAN_POINT('',(0.802045485868112,-0.703929899735812,0.536));
#8782=CARTESIAN_POINT('',(0.802045485868112,-0.703929899735812,0.568));
#8783=CARTESIAN_POINT('',(0.802045485868112,-0.703929899735812,0.568));
#8784=CARTESIAN_POINT('',(0.802045485868112,-0.703929899735812,0.568));
#8785=CARTESIAN_POINT('',(0.837312132439226,-0.699497056598887,0.568));
#8786=CARTESIAN_POINT('',(0.837312132439226,-0.699497056598887,0.536));
#8787=CARTESIAN_POINT('',(0.837312132439226,-0.699497056598887,0.536));
#8788=CARTESIAN_POINT('',(0.837312132439226,-0.699497056598887,0.568));
#8789=CARTESIAN_POINT('',(0.837312132439226,-0.699497056598887,0.568));
#8790=CARTESIAN_POINT('',(0.837312132439226,-0.699497056598887,0.568));
#8791=CARTESIAN_POINT('',(0.834341474559674,-0.659805030218314,0.568));
#8792=CARTESIAN_POINT('',(0.834341474559674,-0.659805030218314,0.536));
#8793=CARTESIAN_POINT('',(0.8449095720524,-0.69817946287624,0.536));
#8794=CARTESIAN_POINT('',(0.8449095720524,-0.69817946287624,0.568));
#8795=CARTESIAN_POINT('',(0.8449095720524,-0.69817946287624,0.568));
#8796=CARTESIAN_POINT('',(0.834341474559674,-0.659805030218314,0.568));
#8797=CARTESIAN_POINT('',(0.842250055849492,-0.690455892441517,0.568));
#8798=CARTESIAN_POINT('',(0.842250055849492,-0.690455892441517,0.536));
#8799=CARTESIAN_POINT('',(0.849973626284219,-0.687796376238619,0.536));
#8800=CARTESIAN_POINT('',(0.849973626284219,-0.687796376238619,0.568));
#8801=CARTESIAN_POINT('',(0.849973626284219,-0.687796376238619,0.568));
#8802=CARTESIAN_POINT('',(0.842250055849492,-0.690455892441517,0.568));
#8803=CARTESIAN_POINT('',(0.834638196982694,-0.692674188950926,0.568));
#8804=CARTESIAN_POINT('',(0.834638196982694,-0.692674188950926,0.536));
#8805=CARTESIAN_POINT('',(0.839907459439925,-0.677468817469926,0.536));
#8806=CARTESIAN_POINT('',(0.839907459439925,-0.677468817469926,0.568));
#8807=CARTESIAN_POINT('',(0.839907459439925,-0.677468817469926,0.568));
#8808=CARTESIAN_POINT('',(0.834638196982694,-0.692674188950926,0.568));
#8809=CARTESIAN_POINT('',(0.828837684457688,-0.741279232223368,0.568));
#8810=CARTESIAN_POINT('',(0.828837684457688,-0.741279232223368,0.536));
#8811=CARTESIAN_POINT('',(0.818460480926074,-0.677352535170985,0.536));
#8812=CARTESIAN_POINT('',(0.818460480926074,-0.677352535170985,0.568));
#8813=CARTESIAN_POINT('',(0.818460480926074,-0.677352535170985,0.568));
#8814=CARTESIAN_POINT('',(0.828837684457688,-0.741279232223368,0.568));
#8815=CARTESIAN_POINT('',(0.795617161338844,-0.680247584318607,0.568));
#8816=CARTESIAN_POINT('',(0.795617161338844,-0.680247584318607,0.536));
#8817=CARTESIAN_POINT('',(0.795617161338844,-0.680247584318607,0.536));
#8818=CARTESIAN_POINT('',(0.795617161338844,-0.680247584318607,0.568));
#8819=CARTESIAN_POINT('',(0.795617161338844,-0.680247584318607,0.568));
#8820=CARTESIAN_POINT('',(0.795617161338844,-0.680247584318607,0.568));
#8821=CARTESIAN_POINT('',(0.787868788714977,-0.542001633995539,0.568));
#8822=CARTESIAN_POINT('',(0.778124207397086,-0.507005336623369,0.568));
#8823=CARTESIAN_POINT('',(0.778124207397086,-0.507005336623369,0.568));
#8824=CARTESIAN_POINT('',(0.778124207397086,-0.507005336623369,0.536));
#8825=CARTESIAN_POINT('',(0.787868788714977,-0.542001633995539,0.536));
#8826=CARTESIAN_POINT('',(0.822865086087146,-0.532257052677647,0.536));
#8827=CARTESIAN_POINT('',(0.822865086087146,-0.532257052677647,0.568));
#8828=CARTESIAN_POINT('',(0.822865086087146,-0.532257052677647,0.568));
#8829=CARTESIAN_POINT('',(0.787868788714977,-0.542001633995539,0.568));
#8830=CARTESIAN_POINT('',(0.792447445089044,-0.54026842204168,0.568));
#8831=CARTESIAN_POINT('',(0.792447445089044,-0.54026842204168,0.536));
#8832=CARTESIAN_POINT('',(0.800458814453077,-0.570686063039782,0.536));
#8833=CARTESIAN_POINT('',(0.800458814453077,-0.570686063039782,0.568));
#8834=CARTESIAN_POINT('',(0.800458814453077,-0.570686063039782,0.568));
#8835=CARTESIAN_POINT('',(0.792447445089044,-0.54026842204168,0.568));
#8836=CARTESIAN_POINT('',(0.793453696703804,-0.549404645757292,0.568));
#8837=CARTESIAN_POINT('',(0.793453696703804,-0.549404645757292,0.536));
#8838=CARTESIAN_POINT('',(0.794077632233413,-0.571800652113059,0.536));
#8839=CARTESIAN_POINT('',(0.794077632233413,-0.571800652113059,0.568));
#8840=CARTESIAN_POINT('',(0.794077632233413,-0.571800652113059,0.568));
#8841=CARTESIAN_POINT('',(0.793453696703804,-0.549404645757292,0.568));
#8842=CARTESIAN_POINT('',(0.780715900533285,-0.522575267924412,0.568));
#8843=CARTESIAN_POINT('',(0.780715900533285,-0.522575267924412,0.536));
#8844=CARTESIAN_POINT('',(0.780715900533285,-0.522575267924412,0.536));
#8845=CARTESIAN_POINT('',(0.780715900533285,-0.522575267924412,0.568));
#8846=CARTESIAN_POINT('',(0.780715900533285,-0.522575267924412,0.568));
#8847=CARTESIAN_POINT('',(0.780715900533285,-0.522575267924412,0.568));
#8848=CARTESIAN_POINT('',(0.785629535901163,-0.536361625533481,0.568));
#8849=CARTESIAN_POINT('',(0.785629535901163,-0.536361625533481,0.536));
#8850=CARTESIAN_POINT('',(0.771843178292094,-0.541275260901358,0.536));
#8851=CARTESIAN_POINT('',(0.771843178292094,-0.541275260901358,0.568));
#8852=CARTESIAN_POINT('',(0.771843178292094,-0.541275260901358,0.568));
#8853=CARTESIAN_POINT('',(0.785629535901163,-0.536361625533481,0.568));
#8854=CARTESIAN_POINT('',(0.795103599425869,-0.535280570707983,0.568));
#8855=CARTESIAN_POINT('',(0.795103599425869,-0.535280570707983,0.536));
#8856=CARTESIAN_POINT('',(0.781176838257964,-0.55485169293455,0.536));
#8857=CARTESIAN_POINT('',(0.781176838257964,-0.55485169293455,0.568));
#8858=CARTESIAN_POINT('',(0.781176838257964,-0.55485169293455,0.568));
#8859=CARTESIAN_POINT('',(0.795103599425869,-0.535280570707983,0.568));
#8860=CARTESIAN_POINT('',(0.777971900621319,-0.569942721100584,0.568));
#8861=CARTESIAN_POINT('',(0.777971900621319,-0.569942721100584,0.536));
#8862=CARTESIAN_POINT('',(0.777971900621319,-0.569942721100584,0.536));
#8863=CARTESIAN_POINT('',(0.777971900621319,-0.569942721100584,0.568));
#8864=CARTESIAN_POINT('',(0.777971900621319,-0.569942721100584,0.568));
#8865=CARTESIAN_POINT('',(0.777971900621319,-0.569942721100584,0.568));
#8866=CARTESIAN_POINT('',(0.794278009286299,-0.536047685872983,0.568));
#8867=CARTESIAN_POINT('',(0.794278009286299,-0.536047685872983,0.536));
#8868=CARTESIAN_POINT('',(0.757769116558432,-0.545095522335894,0.536));
#8869=CARTESIAN_POINT('',(0.757769116558432,-0.545095522335894,0.568));
#8870=CARTESIAN_POINT('',(0.757769116558432,-0.545095522335894,0.568));
#8871=CARTESIAN_POINT('',(0.794278009286299,-0.536047685872983,0.568));
#8872=CARTESIAN_POINT('',(0.834689623276488,-0.580101625111699,0.568));
#8873=CARTESIAN_POINT('',(0.746998948987243,-0.591063624433234,0.568));
#8874=CARTESIAN_POINT('',(0.746998948987243,-0.591063624433234,0.568));
#8875=CARTESIAN_POINT('',(0.746998948987243,-0.591063624433234,0.536));
#8876=CARTESIAN_POINT('',(0.834689623276488,-0.580101625111699,0.536));
#8877=CARTESIAN_POINT('',(0.834689623276488,-0.580101625111699,0.536));
#8878=CARTESIAN_POINT('',(0.834689623276488,-0.580101625111699,0.568));
#8879=CARTESIAN_POINT('',(0.834689623276488,-0.580101625111699,0.568));
#8880=CARTESIAN_POINT('',(0.834689623276488,-0.580101625111699,0.568));
#8881=CARTESIAN_POINT('',(0.838840484258246,-0.595393634495388,0.568));
#8882=CARTESIAN_POINT('',(0.838840484258246,-0.595393634495388,0.536));
#8883=CARTESIAN_POINT('',(0.838840484258246,-0.595393634495388,0.536));
#8884=CARTESIAN_POINT('',(0.838840484258246,-0.595393634495388,0.568));
#8885=CARTESIAN_POINT('',(0.838840484258246,-0.595393634495388,0.568));
#8886=CARTESIAN_POINT('',(0.838840484258246,-0.595393634495388,0.568));
#8887=CARTESIAN_POINT('',(0.830968277060541,-0.596368078211399,0.568));
#8888=CARTESIAN_POINT('',(0.830968277060541,-0.596368078211399,0.536));
#8889=CARTESIAN_POINT('',(0.830968277060541,-0.596368078211399,0.536));
#8890=CARTESIAN_POINT('',(0.830968277060541,-0.596368078211399,0.568));
#8891=CARTESIAN_POINT('',(0.830968277060541,-0.596368078211399,0.568));
#8892=CARTESIAN_POINT('',(0.830968277060541,-0.596368078211399,0.568));
#8893=CARTESIAN_POINT('',(0.819960646325862,-0.619562457389735,0.568));
#8894=CARTESIAN_POINT('',(0.819960646325862,-0.619562457389735,0.536));
#8895=CARTESIAN_POINT('',(0.844707614505534,-0.612726177277437,0.536));
#8896=CARTESIAN_POINT('',(0.844707614505534,-0.612726177277437,0.568));
#8897=CARTESIAN_POINT('',(0.844707614505534,-0.612726177277437,0.568));
#8898=CARTESIAN_POINT('',(0.819960646325862,-0.619562457389735,0.568));
#8899=CARTESIAN_POINT('',(0.816301506241606,-0.618847526319724,0.568));
#8900=CARTESIAN_POINT('',(0.816301506241606,-0.618847526319724,0.536));
#8901=CARTESIAN_POINT('',(0.822422855283881,-0.647253634583655,0.536));
#8902=CARTESIAN_POINT('',(0.822422855283881,-0.647253634583655,0.568));
#8903=CARTESIAN_POINT('',(0.822422855283881,-0.647253634583655,0.568));
#8904=CARTESIAN_POINT('',(0.816301506241606,-0.618847526319724,0.568));
#8905=CARTESIAN_POINT('',(0.812638173544296,-0.613648556808541,0.568));
#8906=CARTESIAN_POINT('',(0.812638173544296,-0.613648556808541,0.536));
#8907=CARTESIAN_POINT('',(0.779033095769186,-0.623433238548136,0.536));
#8908=CARTESIAN_POINT('',(0.779033095769186,-0.623433238548136,0.568));
#8909=CARTESIAN_POINT('',(0.779033095769186,-0.623433238548136,0.568));
#8910=CARTESIAN_POINT('',(0.812638173544296,-0.613648556808541,0.568));
#8911=CARTESIAN_POINT('',(0.799503971732697,-0.617276899246094,0.568));
#8912=CARTESIAN_POINT('',(0.799503971732697,-0.617276899246094,0.536));
#8913=CARTESIAN_POINT('',(0.784334584823978,-0.602215459171223,0.536));
#8914=CARTESIAN_POINT('',(0.784334584823978,-0.602215459171223,0.568));
#8915=CARTESIAN_POINT('',(0.784334584823978,-0.602215459171223,0.568));
#8916=CARTESIAN_POINT('',(0.799503971732697,-0.617276899246094,0.568));
#8917=CARTESIAN_POINT('',(0.751149809969001,-0.606355633816923,0.568));
#8918=CARTESIAN_POINT('',(0.751149809969001,-0.606355633816923,0.536));
#8919=CARTESIAN_POINT('',(0.751149809969001,-0.606355633816923,0.536));
#8920=CARTESIAN_POINT('',(0.751149809969001,-0.606355633816923,0.568));
#8921=CARTESIAN_POINT('',(0.751149809969001,-0.606355633816923,0.568));
#8922=CARTESIAN_POINT('',(0.751149809969001,-0.606355633816923,0.568));
#8923=CARTESIAN_POINT('',(0.821130139017183,-0.431654791081914,0.568));
#8924=CARTESIAN_POINT('',(0.731223716197061,-0.443018447596416,0.568));
#8925=CARTESIAN_POINT('',(0.731223716197061,-0.443018447596416,0.568));
#8926=CARTESIAN_POINT('',(0.731223716197061,-0.443018447596416,0.536));
#8927=CARTESIAN_POINT('',(0.821130139017183,-0.431654791081914,0.536));
#8928=CARTESIAN_POINT('',(0.821130139017183,-0.431654791081914,0.536));
#8929=CARTESIAN_POINT('',(0.821130139017183,-0.431654791081914,0.568));
#8930=CARTESIAN_POINT('',(0.821130139017183,-0.431654791081914,0.568));
#8931=CARTESIAN_POINT('',(0.821130139017183,-0.431654791081914,0.568));
#8932=CARTESIAN_POINT('',(0.825280999998941,-0.446946800465603,0.568));
#8933=CARTESIAN_POINT('',(0.825280999998941,-0.446946800465603,0.536));
#8934=CARTESIAN_POINT('',(0.825280999998941,-0.446946800465603,0.536));
#8935=CARTESIAN_POINT('',(0.825280999998941,-0.446946800465603,0.568));
#8936=CARTESIAN_POINT('',(0.825280999998941,-0.446946800465603,0.568));
#8937=CARTESIAN_POINT('',(0.825280999998941,-0.446946800465603,0.568));
#8938=CARTESIAN_POINT('',(0.792372922539608,-0.45110267990355,0.568));
#8939=CARTESIAN_POINT('',(0.792372922539608,-0.45110267990355,0.536));
#8940=CARTESIAN_POINT('',(0.792372922539608,-0.45110267990355,0.536));
#8941=CARTESIAN_POINT('',(0.792372922539608,-0.45110267990355,0.568));
#8942=CARTESIAN_POINT('',(0.792372922539608,-0.45110267990355,0.568));
#8943=CARTESIAN_POINT('',(0.792372922539608,-0.45110267990355,0.568));
#8944=CARTESIAN_POINT('',(0.77651183586765,-0.476883924898906,0.568));
#8945=CARTESIAN_POINT('',(0.77651183586765,-0.476883924898906,0.536));
#8946=CARTESIAN_POINT('',(0.805274435178835,-0.467452088132393,0.536));
#8947=CARTESIAN_POINT('',(0.805274435178835,-0.467452088132393,0.568));
#8948=CARTESIAN_POINT('',(0.805274435178835,-0.467452088132393,0.568));
#8949=CARTESIAN_POINT('',(0.77651183586765,-0.476883924898906,0.568));
#8950=CARTESIAN_POINT('',(0.787368919816644,-0.472948039301579,0.568));
#8951=CARTESIAN_POINT('',(0.787368919816644,-0.472948039301579,0.536));
#8952=CARTESIAN_POINT('',(0.792864870985839,-0.490853554663768,0.536));
#8953=CARTESIAN_POINT('',(0.792864870985839,-0.490853554663768,0.568));
#8954=CARTESIAN_POINT('',(0.792864870985839,-0.490853554663768,0.568));
#8955=CARTESIAN_POINT('',(0.787368919816644,-0.472948039301579,0.568));
#8956=CARTESIAN_POINT('',(0.779202834084884,-0.44458633509572,0.568));
#8957=CARTESIAN_POINT('',(0.779202834084884,-0.44458633509572,0.536));
#8958=CARTESIAN_POINT('',(0.782009176504498,-0.492746809564572,0.536));
#8959=CARTESIAN_POINT('',(0.782009176504498,-0.492746809564572,0.568));
#8960=CARTESIAN_POINT('',(0.782009176504498,-0.492746809564572,0.568));
#8961=CARTESIAN_POINT('',(0.779202834084884,-0.44458633509572,0.568));
#8962=CARTESIAN_POINT('',(0.745953762689848,-0.497284781781014,0.568));
#8963=CARTESIAN_POINT('',(0.745953762689848,-0.497284781781014,0.536));
#8964=CARTESIAN_POINT('',(0.745953762689848,-0.497284781781014,0.536));
#8965=CARTESIAN_POINT('',(0.745953762689848,-0.497284781781014,0.568));
#8966=CARTESIAN_POINT('',(0.745953762689848,-0.497284781781014,0.568));
#8967=CARTESIAN_POINT('',(0.745953762689848,-0.497284781781014,0.568));
#8968=CARTESIAN_POINT('',(0.74180290170809,-0.481992772397325,0.568));
#8969=CARTESIAN_POINT('',(0.74180290170809,-0.481992772397325,0.536));
#8970=CARTESIAN_POINT('',(0.74180290170809,-0.481992772397325,0.536));
#8971=CARTESIAN_POINT('',(0.74180290170809,-0.481992772397325,0.568));
#8972=CARTESIAN_POINT('',(0.74180290170809,-0.481992772397325,0.568));
#8973=CARTESIAN_POINT('',(0.74180290170809,-0.481992772397325,0.568));
#8974=CARTESIAN_POINT('',(0.777552513402229,-0.477499222931917,0.568));
#8975=CARTESIAN_POINT('',(0.777552513402229,-0.477499222931917,0.536));
#8976=CARTESIAN_POINT('',(0.777552513402229,-0.477499222931917,0.536));
#8977=CARTESIAN_POINT('',(0.777552513402229,-0.477499222931917,0.568));
#8978=CARTESIAN_POINT('',(0.777552513402229,-0.477499222931917,0.568));
#8979=CARTESIAN_POINT('',(0.777552513402229,-0.477499222931917,0.568));
#8980=CARTESIAN_POINT('',(0.768563637832519,-0.405854871218982,0.568));
#8981=CARTESIAN_POINT('',(0.768563637832519,-0.405854871218982,0.536));
#8982=CARTESIAN_POINT('',(0.784666987892373,-0.476242335537739,0.536));
#8983=CARTESIAN_POINT('',(0.784666987892373,-0.476242335537739,0.568));
#8984=CARTESIAN_POINT('',(0.784666987892373,-0.476242335537739,0.568));
#8985=CARTESIAN_POINT('',(0.768563637832519,-0.405854871218982,0.568));
#8986=CARTESIAN_POINT('',(0.782007471689488,-0.468518765103027,0.568));
#8987=CARTESIAN_POINT('',(0.782007471689488,-0.468518765103027,0.536));
#8988=CARTESIAN_POINT('',(0.789731042124203,-0.465859248900147,0.536));
#8989=CARTESIAN_POINT('',(0.789731042124203,-0.465859248900147,0.568));
#8990=CARTESIAN_POINT('',(0.789731042124203,-0.465859248900147,0.568));
#8991=CARTESIAN_POINT('',(0.782007471689488,-0.468518765103027,0.568));
#8992=CARTESIAN_POINT('',(0.773826534293155,-0.471268338324056,0.568));
#8993=CARTESIAN_POINT('',(0.773826534293155,-0.471268338324056,0.536));
#8994=CARTESIAN_POINT('',(0.776485108875179,-0.454680885266533,0.536));
#8995=CARTESIAN_POINT('',(0.776485108875179,-0.454680885266533,0.568));
#8996=CARTESIAN_POINT('',(0.776485108875179,-0.454680885266533,0.568));
#8997=CARTESIAN_POINT('',(0.773826534293155,-0.471268338324056,0.568));
#8998=CARTESIAN_POINT('',(0.772988940789602,-0.595248434332153,0.568));
#8999=CARTESIAN_POINT('',(0.772988940789602,-0.595248434332153,0.536));
#9000=CARTESIAN_POINT('',(0.758217896766053,-0.4554154078325,0.536));
#9001=CARTESIAN_POINT('',(0.758217896766053,-0.4554154078325,0.568));
#9002=CARTESIAN_POINT('',(0.758217896766053,-0.4554154078325,0.568));
#9003=CARTESIAN_POINT('',(0.772988940789602,-0.595248434332153,0.568));
#9004=CARTESIAN_POINT('',(0.735374577178819,-0.458310456980105,0.568));
#9005=CARTESIAN_POINT('',(0.735374577178819,-0.458310456980105,0.536));
#9006=CARTESIAN_POINT('',(0.735374577178819,-0.458310456980105,0.536));
#9007=CARTESIAN_POINT('',(0.735374577178819,-0.458310456980105,0.568));
#9008=CARTESIAN_POINT('',(0.735374577178819,-0.458310456980105,0.568));
#9009=CARTESIAN_POINT('',(0.735374577178819,-0.458310456980105,0.568));
#9010=CARTESIAN_POINT('',(0.739722968440976,-0.390892224826826,0.568));
#9011=CARTESIAN_POINT('',(0.726468257876587,-0.384482654795876,0.568));
#9012=CARTESIAN_POINT('',(0.726468257876587,-0.384482654795876,0.568));
#9013=CARTESIAN_POINT('',(0.726468257876587,-0.384482654795876,0.536));
#9014=CARTESIAN_POINT('',(0.739722968440976,-0.390892224826826,0.536));
#9015=CARTESIAN_POINT('',(0.739722968440976,-0.390892224826826,0.536));
#9016=CARTESIAN_POINT('',(0.739722968440976,-0.390892224826826,0.568));
#9017=CARTESIAN_POINT('',(0.739722968440976,-0.390892224826826,0.568));
#9018=CARTESIAN_POINT('',(0.739722968440976,-0.390892224826826,0.568));
#9019=CARTESIAN_POINT('',(0.755861518932265,-0.403871392419812,0.568));
#9020=CARTESIAN_POINT('',(0.755861518932265,-0.403871392419812,0.536));
#9021=CARTESIAN_POINT('',(0.735380803229994,-0.406945784666987,0.536));
#9022=CARTESIAN_POINT('',(0.735380803229994,-0.406945784666987,0.568));
#9023=CARTESIAN_POINT('',(0.735380803229994,-0.406945784666987,0.568));
#9024=CARTESIAN_POINT('',(0.755861518932265,-0.403871392419812,0.568));
#9025=CARTESIAN_POINT('',(0.741297163130183,-0.406293369438294,0.568));
#9026=CARTESIAN_POINT('',(0.741297163130183,-0.406293369438294,0.536));
#9027=CARTESIAN_POINT('',(0.741949578358872,-0.412209729338483,0.536));
#9028=CARTESIAN_POINT('',(0.741949578358872,-0.412209729338483,0.568));
#9029=CARTESIAN_POINT('',(0.741949578358872,-0.412209729338483,0.568));
#9030=CARTESIAN_POINT('',(0.741297163130183,-0.406293369438294,0.568));
#9031=CARTESIAN_POINT('',(0.732500550268236,-0.398854306978237,0.568));
#9032=CARTESIAN_POINT('',(0.732500550268236,-0.398854306978237,0.536));
#9033=CARTESIAN_POINT('',(0.748693141824455,-0.401189133946481,0.536));
#9034=CARTESIAN_POINT('',(0.748693141824455,-0.401189133946481,0.568));
#9035=CARTESIAN_POINT('',(0.748693141824455,-0.401189133946481,0.568));
#9036=CARTESIAN_POINT('',(0.732500550268236,-0.398854306978237,0.568));
#9037=CARTESIAN_POINT('',(0.795978849267263,-0.4174514811554,0.568));
#9038=CARTESIAN_POINT('',(0.795978849267263,-0.4174514811554,0.536));
#9039=CARTESIAN_POINT('',(0.754538217306616,-0.38946798445087,0.536));
#9040=CARTESIAN_POINT('',(0.754538217306616,-0.38946798445087,0.568));
#9041=CARTESIAN_POINT('',(0.754538217306616,-0.38946798445087,0.568));
#9042=CARTESIAN_POINT('',(0.795978849267263,-0.4174514811554,0.568));
#9043=CARTESIAN_POINT('',(0.769744208527069,-0.401478686250039,0.568));
#9044=CARTESIAN_POINT('',(0.769744208527069,-0.401478686250039,0.536));
#9045=CARTESIAN_POINT('',(0.763898973690199,-0.383004045349418,0.536));
#9046=CARTESIAN_POINT('',(0.763898973690199,-0.383004045349418,0.568));
#9047=CARTESIAN_POINT('',(0.763898973690199,-0.383004045349418,0.568));
#9048=CARTESIAN_POINT('',(0.769744208527069,-0.401478686250039,0.568));
#9049=CARTESIAN_POINT('',(0.767639779693872,-0.401803709963618,0.568));
#9050=CARTESIAN_POINT('',(0.767639779693872,-0.401803709963618,0.536));
#9051=CARTESIAN_POINT('',(0.786439444308071,-0.398062903959945,0.536));
#9052=CARTESIAN_POINT('',(0.786439444308071,-0.398062903959945,0.568));
#9053=CARTESIAN_POINT('',(0.786439444308071,-0.398062903959945,0.568));
#9054=CARTESIAN_POINT('',(0.767639779693872,-0.401803709963618,0.568));
#9055=CARTESIAN_POINT('',(0.762741431925839,-0.404048392923578,0.568));
#9056=CARTESIAN_POINT('',(0.762741431925839,-0.404048392923578,0.536));
#9057=CARTESIAN_POINT('',(0.781370918785225,-0.419871290520359,0.536));
#9058=CARTESIAN_POINT('',(0.781370918785225,-0.419871290520359,0.568));
#9059=CARTESIAN_POINT('',(0.781370918785225,-0.419871290520359,0.568));
#9060=CARTESIAN_POINT('',(0.762741431925839,-0.404048392923578,0.568));
#9061=CARTESIAN_POINT('',(0.767815128570115,-0.415831895216616,0.568));
#9062=CARTESIAN_POINT('',(0.767815128570115,-0.415831895216616,0.536));
#9063=CARTESIAN_POINT('',(0.767815128570115,-0.415831895216616,0.536));
#9064=CARTESIAN_POINT('',(0.767815128570115,-0.415831895216616,0.568));
#9065=CARTESIAN_POINT('',(0.767815128570115,-0.415831895216616,0.568));
#9066=CARTESIAN_POINT('',(0.767815128570115,-0.415831895216616,0.568));
#9067=CARTESIAN_POINT('',(0.756568064737189,-0.404404280775248,0.568));
#9068=CARTESIAN_POINT('',(0.756568064737189,-0.404404280775248,0.536));
#9069=CARTESIAN_POINT('',(0.772448032461217,-0.402187652306991,0.536));
#9070=CARTESIAN_POINT('',(0.772448032461217,-0.402187652306991,0.568));
#9071=CARTESIAN_POINT('',(0.772448032461217,-0.402187652306991,0.568));
#9072=CARTESIAN_POINT('',(0.756568064737189,-0.404404280775248,0.568));
#9073=CARTESIAN_POINT('',(0.768044564470919,-0.402692761697321,0.568));
#9074=CARTESIAN_POINT('',(0.768044564470919,-0.402692761697321,0.536));
#9075=CARTESIAN_POINT('',(0.767539455080586,-0.398289293707023,0.536));
#9076=CARTESIAN_POINT('',(0.767539455080586,-0.398289293707023,0.568));
#9077=CARTESIAN_POINT('',(0.767539455080586,-0.398289293707023,0.568));
#9078=CARTESIAN_POINT('',(0.768044564470919,-0.402692761697321,0.568));
#9079=CARTESIAN_POINT('',(0.768349999625733,-0.401752255918238,0.568));
#9080=CARTESIAN_POINT('',(0.768349999625733,-0.401752255918238,0.536));
#9081=CARTESIAN_POINT('',(0.765186702150876,-0.400126636398938,0.536));
#9082=CARTESIAN_POINT('',(0.765186702150876,-0.400126636398938,0.568));
#9083=CARTESIAN_POINT('',(0.765186702150876,-0.400126636398938,0.568));
#9084=CARTESIAN_POINT('',(0.768349999625733,-0.401752255918238,0.568));
#9085=CARTESIAN_POINT('',(0.821214964722078,-0.428751516815463,0.568));
#9086=CARTESIAN_POINT('',(0.821214964722078,-0.428751516815463,0.536));
#9087=CARTESIAN_POINT('',(0.761819778381817,-0.407996714354019,0.536));
#9088=CARTESIAN_POINT('',(0.761819778381817,-0.407996714354019,0.568));
#9089=CARTESIAN_POINT('',(0.761819778381817,-0.407996714354019,0.568));
#9090=CARTESIAN_POINT('',(0.821214964722078,-0.428751516815463,0.568));
#9091=CARTESIAN_POINT('',(0.734605728432098,-0.401895147721581,0.568));
#9092=CARTESIAN_POINT('',(0.734605728432098,-0.401895147721581,0.536));
#9093=CARTESIAN_POINT('',(0.74580996696385,-0.427435286111172,0.536));
#9094=CARTESIAN_POINT('',(0.74580996696385,-0.427435286111172,0.568));
#9095=CARTESIAN_POINT('',(0.74580996696385,-0.427435286111172,0.568));
#9096=CARTESIAN_POINT('',(0.734605728432098,-0.401895147721581,0.568));
#9097=CARTESIAN_POINT('',(0.742053189864589,-0.406569454573087,0.568));
#9098=CARTESIAN_POINT('',(0.742053189864589,-0.406569454573087,0.536));
#9099=CARTESIAN_POINT('',(0.721187358326504,-0.410326231672347,0.536));
#9100=CARTESIAN_POINT('',(0.721187358326504,-0.410326231672347,0.568));
#9101=CARTESIAN_POINT('',(0.721187358326504,-0.410326231672347,0.568));
#9102=CARTESIAN_POINT('',(0.742053189864589,-0.406569454573087,0.568));
#9103=CARTESIAN_POINT('',(0.876462959272704,-0.869993490795981,0.568));
#9104=CARTESIAN_POINT('',(0.876462959272704,-0.869993490795981,0.536));
#9105=CARTESIAN_POINT('',(0.876462959272704,-0.869993490795981,0.568));
#9106=CARTESIAN_POINT('',(0.829962780966662,-0.806778812404882,0.568));
#9107=CARTESIAN_POINT('',(0.829962780966662,-0.806778812404882,0.536));
#9108=CARTESIAN_POINT('',(0.829962780966662,-0.806778812404882,0.568));
#9109=CARTESIAN_POINT('',(0.84723433899407,-0.758165102237464,0.568));
#9110=CARTESIAN_POINT('',(0.84723433899407,-0.758165102237464,0.536));
#9111=CARTESIAN_POINT('',(0.84723433899407,-0.758165102237464,0.568));
#9112=CARTESIAN_POINT('',(0.791466300357087,-0.66495557493492,0.568));
#9113=CARTESIAN_POINT('',(0.791466300357087,-0.66495557493492,0.536));
#9114=CARTESIAN_POINT('',(0.791466300357087,-0.66495557493492,0.568));
#9115=CARTESIAN_POINT('',(0.786991754834027,-0.536227974898961,0.568));
#9116=CARTESIAN_POINT('',(0.786991754834027,-0.536227974898961,0.536));
#9117=CARTESIAN_POINT('',(0.786991754834027,-0.536227974898961,0.568));
#9118=CARTESIAN_POINT('',(0.746998948987243,-0.591063624433234,0.568));
#9119=CARTESIAN_POINT('',(0.746998948987243,-0.591063624433234,0.536));
#9120=CARTESIAN_POINT('',(0.746998948987243,-0.591063624433234,0.568));
#9121=CARTESIAN_POINT('',(0.731223716197061,-0.443018447596416,0.568));
#9122=CARTESIAN_POINT('',(0.731223716197061,-0.443018447596416,0.536));
#9123=CARTESIAN_POINT('',(0.731223716197061,-0.443018447596416,0.568));
#9124=CARTESIAN_POINT('',(0.75185287568937,-0.40313111054193,0.568));
#9125=CARTESIAN_POINT('',(0.75185287568937,-0.40313111054193,0.536));
#9126=CARTESIAN_POINT('',(0.75185287568937,-0.40313111054193,0.568));
#9127=CARTESIAN_POINT('',(1.093,-0.118,0.568));
#9128=CARTESIAN_POINT('',(0.843,-1.33,0.568));
#9129=CARTESIAN_POINT('',(0.7105,-1.33,0.568));
#9130=CARTESIAN_POINT('',(0.783660366625831,-0.205842308023703,0.568));
#9131=CARTESIAN_POINT('',(1.08349165889656,-1.26170825817728,0.568));
#9132=CARTESIAN_POINT('',(1.093,-0.118,0.568));
#9133=CARTESIAN_POINT('',(0.503445131071898,-0.118,0.568));
#9134=CARTESIAN_POINT('',(0.503445131071898,-1.58,0.568));
#9135=CARTESIAN_POINT('',(0.843,-1.33,0.568));
#9136=CARTESIAN_POINT('',(0.,-0.0630000000000002,0.));
#9137=CARTESIAN_POINT('',(0.,-0.0630000000000001,0.));
#9138=CARTESIAN_POINT('',(0.537661762801309,-0.0630000000000001,0.535724582991475));
#9139=CARTESIAN_POINT('',(0.537661762801309,-0.0630000000000001,-0.535724582991475));
#9140=CARTESIAN_POINT('',(0.537661762801309,-0.0630000000000001,0.535724582991475));
#9141=CARTESIAN_POINT('',(0.547069300981957,-0.0577256751675859,0.526283027157722));
#9142=CARTESIAN_POINT('',(0.556392115623657,-0.0549999999999974,0.515694013244761));
#9143=CARTESIAN_POINT('',(0.565934694895287,-0.0549999999999974,0.505));
#9144=CARTESIAN_POINT('',(0.565934694895287,-0.055,0.505));
#9145=CARTESIAN_POINT('',(0.,-0.055,0.));
#9146=CARTESIAN_POINT('',(0.565934694895287,-0.055,-0.505));
#9147=CARTESIAN_POINT('',(0.565934694895287,-0.055,-0.505));
#9148=CARTESIAN_POINT('',(0.556393103691663,-0.055,-0.51569290595374));
#9149=CARTESIAN_POINT('',(0.547068891869915,-0.0577259045357429,-0.526283437749117));
#9150=CARTESIAN_POINT('',(0.537661762801309,-0.0629999999999894,-0.53572458299148));
#9151=CARTESIAN_POINT('',(0.,-1.58,0.));
#9152=CARTESIAN_POINT('',(0.503445131071897,-1.58,-0.568));
#9153=CARTESIAN_POINT('',(0.503445131071897,-1.32313122237167,-0.568));
#9154=CARTESIAN_POINT('',(0.503445131071897,-0.118,-0.568));
#9155=CARTESIAN_POINT('',(0.,-0.752893031880161,0.));
#9156=CARTESIAN_POINT('',(0.537661762801308,-0.0630000000000001,0.535724582991475));
#9157=CARTESIAN_POINT('',(0.529230812057265,-0.0677268022745466,0.544186020048967));
#9158=CARTESIAN_POINT('',(0.513075065695059,-0.0809251640412326,0.559538111233759));
#9159=CARTESIAN_POINT('',(0.503445131071897,-0.105046507458964,0.568));
#9160=CARTESIAN_POINT('',(0.503445131071897,-0.118,0.568));
#9161=CARTESIAN_POINT('',(0.503445131071897,-0.118,-0.568));
#9162=CARTESIAN_POINT('',(0.503445131071897,-0.105052190127257,-0.568));
#9163=CARTESIAN_POINT('',(0.512987267938323,-0.0810484535468747,-0.55961898617359));
#9164=CARTESIAN_POINT('',(0.529227573250122,-0.0677286181078296,-0.544189270567634));
#9165=CARTESIAN_POINT('',(0.537661762801309,-0.0630000000000001,-0.535724582991475));
#9166=CARTESIAN_POINT('',(1.093,-1.58,-0.568));
#9167=CARTESIAN_POINT('',(0.843,-1.33,-0.568));
#9168=CARTESIAN_POINT('',(0.9755,-1.33,-0.568));
#9169=CARTESIAN_POINT('',(1.093,-0.118,-0.568));
#9170=CARTESIAN_POINT('',(0.759,-0.118,-0.568));
#9171=CARTESIAN_POINT('',(0.759,-1.58,-0.568));
#9172=CARTESIAN_POINT('',(0.759,-0.119,-0.568));
#9173=CARTESIAN_POINT('',(1.16784108402081,-1.55874758729208,-0.568));
#9174=CARTESIAN_POINT('',(1.08349165889656,-1.26170825817728,-0.568));
#9175=CARTESIAN_POINT('',(0.843,-1.33,-0.568));
#9176=CARTESIAN_POINT('',(0.655588445506125,-1.49545969068685,-0.568));
#9177=CARTESIAN_POINT('',(0.889132313825678,-1.75998828506889,-0.568));
#9178=CARTESIAN_POINT('',(1.093,-0.118,0.505));
#9179=CARTESIAN_POINT('',(1.093,-0.055,0.505));
#9180=CARTESIAN_POINT('',(1.093,-0.118,-0.505));
#9181=CARTESIAN_POINT('',(1.093,-0.055,-0.505));
#9182=CARTESIAN_POINT('',(0.759,-0.055,-0.505));
#9183=CARTESIAN_POINT('',(0.759,-0.118,-0.505));
#9184=CARTESIAN_POINT('',(1.093,-0.055,-0.505));
#9185=CARTESIAN_POINT('',(-1.179,-0.055,5.12221498812049E-16));
#9186=CARTESIAN_POINT('',(0.759,-0.055,-0.494121442562454));
#9187=CARTESIAN_POINT('',(0.759,-0.055,-0.505));
#9188=CARTESIAN_POINT('',(1.093,-0.119,0.536));
#9189=CARTESIAN_POINT('',(0.882633550750229,-0.870143857346564,0.536));
#9190=CARTESIAN_POINT('',(0.88848065084822,-0.890079045904213,0.536));
#9191=CARTESIAN_POINT('',(0.862698362192586,-0.875990957444576,0.536));
#9192=CARTESIAN_POINT('',(0.878068789134569,-0.871827891960885,0.536));
#9193=CARTESIAN_POINT('',(0.873905723650923,-0.856457465018889,0.536));
#9194=CARTESIAN_POINT('',(0.879749922345075,-0.876248142739083,0.536));
#9195=CARTESIAN_POINT('',(0.899540600065275,-0.870403944044948,0.536));
#9196=CARTESIAN_POINT('',(0.884173074527111,-0.87471152036605,0.536));
#9197=CARTESIAN_POINT('',(1.093,-0.118,0.568));
#9198=CARTESIAN_POINT('',(0.884173074527111,-0.87471152036605,0.568));
#9199=CARTESIAN_POINT('',(0.88848065084822,-0.890079045904213,0.568));
#9200=CARTESIAN_POINT('',(0.899540600065275,-0.870403944044948,0.568));
#9201=CARTESIAN_POINT('',(0.879749922345075,-0.876248142739083,0.568));
#9202=CARTESIAN_POINT('',(0.873905723650923,-0.856457465018889,0.568));
#9203=CARTESIAN_POINT('',(0.878068789134569,-0.871827891960885,0.568));
#9204=CARTESIAN_POINT('',(0.862698362192586,-0.875990957444576,0.568));
#9205=CARTESIAN_POINT('',(0.882633550750229,-0.870143857346564,0.568));
#9206=CARTESIAN_POINT('',(0.879749922345075,-0.876248142739083,0.759));
#9207=CARTESIAN_POINT('',(0.873905723650923,-0.856457465018889,0.759));
#9208=CARTESIAN_POINT('',(0.899540600065275,-0.870403944044948,0.759));
#9209=CARTESIAN_POINT('',(0.884173074527111,-0.87471152036605,0.759));
#9210=CARTESIAN_POINT('',(0.88848065084822,-0.890079045904213,0.759));
#9211=CARTESIAN_POINT('',(0.882633550750229,-0.870143857346564,0.759));
#9212=CARTESIAN_POINT('',(0.862698362192586,-0.875990957444576,0.759));
#9213=CARTESIAN_POINT('',(0.878068789134569,-0.871827891960885,0.759));
#9214=CARTESIAN_POINT('',(1.093,-0.119,0.536));
#9215=CARTESIAN_POINT('',(0.852758419009965,-0.7608358995328,0.536));
#9216=CARTESIAN_POINT('',(0.868744333909692,-0.756948737256899,0.536));
#9217=CARTESIAN_POINT('',(0.860894540216946,-0.775134956755072,0.536));
#9218=CARTESIAN_POINT('',(0.852358643574148,-0.743688225068916,0.536));
#9219=CARTESIAN_POINT('',(0.852358643574148,-0.743688225068916,0.536));
#9220=CARTESIAN_POINT('',(0.851451954202254,-0.761562553265919,0.536));
#9221=CARTESIAN_POINT('',(1.093,-0.118,0.568));
#9222=CARTESIAN_POINT('',(0.852758419009965,-0.7608358995328,0.568));
#9223=CARTESIAN_POINT('',(0.860894540216946,-0.775134956755072,0.568));
#9224=CARTESIAN_POINT('',(0.868744333909692,-0.756948737256899,0.568));
#9225=CARTESIAN_POINT('',(0.851451954202254,-0.761562553265919,0.568));
#9226=CARTESIAN_POINT('',(0.852358643574148,-0.743688225068916,0.568));
#9227=CARTESIAN_POINT('',(0.710690338744326,-0.221774083316212,0.568));
#9228=CARTESIAN_POINT('',(0.851451954202254,-0.761562553265919,0.759));
#9229=CARTESIAN_POINT('',(0.852358643574148,-0.743688225068916,0.759));
#9230=CARTESIAN_POINT('',(0.868744333909692,-0.756948737256899,0.759));
#9231=CARTESIAN_POINT('',(0.852758419009965,-0.7608358995328,0.759));
#9232=CARTESIAN_POINT('',(0.860894540216946,-0.775134956755072,0.759));
#9233=CARTESIAN_POINT('',(0.852358643574148,-0.743688225068916,0.759));
#9234=CARTESIAN_POINT('',(1.093,-0.119,0.536));
#9235=CARTESIAN_POINT('',(0.79243825143954,-0.53886528454363,0.536));
#9236=CARTESIAN_POINT('',(0.80850174974967,-0.535011609918411,0.536));
#9237=CARTESIAN_POINT('',(0.800651956056922,-0.553197829416575,0.536));
#9238=CARTESIAN_POINT('',(0.792116059414125,-0.521751097730426,0.536));
#9239=CARTESIAN_POINT('',(0.792116059414125,-0.521751097730426,0.536));
#9240=CARTESIAN_POINT('',(0.790532100264028,-0.540462311614946,0.536));
#9241=CARTESIAN_POINT('',(1.093,-0.118,0.568));
#9242=CARTESIAN_POINT('',(0.79243825143954,-0.53886528454363,0.568));
#9243=CARTESIAN_POINT('',(0.800651956056922,-0.553197829416575,0.568));
#9244=CARTESIAN_POINT('',(0.80850174974967,-0.535011609918411,0.568));
#9245=CARTESIAN_POINT('',(0.790532100264028,-0.540462311614946,0.568));
#9246=CARTESIAN_POINT('',(0.792116059414125,-0.521751097730426,0.568));
#9247=CARTESIAN_POINT('',(0.710690338744329,-0.221774083316211,0.568));
#9248=CARTESIAN_POINT('',(0.790532100264028,-0.540462311614946,0.759));
#9249=CARTESIAN_POINT('',(0.792116059414125,-0.521751097730426,0.759));
#9250=CARTESIAN_POINT('',(0.80850174974967,-0.535011609918411,0.759));
#9251=CARTESIAN_POINT('',(0.79243825143954,-0.53886528454363,0.759));
#9252=CARTESIAN_POINT('',(0.800651956056922,-0.553197829416575,0.759));
#9253=CARTESIAN_POINT('',(0.792116059414125,-0.521751097730426,0.759));
#9254=CARTESIAN_POINT('',(1.093,-0.119,0.536));
#9255=CARTESIAN_POINT('',(0.812221064488042,-0.612781012674808,0.536));
#9256=CARTESIAN_POINT('',(0.818308727585145,-0.632096952716639,0.536));
#9257=CARTESIAN_POINT('',(0.792905124446212,-0.618868675771914,0.536));
#9258=CARTESIAN_POINT('',(0.808293558697838,-0.615073049521413,0.536));
#9259=CARTESIAN_POINT('',(0.804497932447337,-0.599684615269788,0.536));
#9260=CARTESIAN_POINT('',(0.810373420948684,-0.619021823356988,0.536));
#9261=CARTESIAN_POINT('',(0.829710629035886,-0.613146334855646,0.536));
#9262=CARTESIAN_POINT('',(0.814534369380001,-0.616920693060762,0.536));
#9263=CARTESIAN_POINT('',(1.093,-0.118,0.568));
#9264=CARTESIAN_POINT('',(0.814534369380001,-0.616920693060762,0.568));
#9265=CARTESIAN_POINT('',(0.818308727585145,-0.632096952716639,0.568));
#9266=CARTESIAN_POINT('',(0.829710629035886,-0.613146334855646,0.568));
#9267=CARTESIAN_POINT('',(0.810373420948684,-0.619021823356988,0.568));
#9268=CARTESIAN_POINT('',(0.804497932447337,-0.599684615269788,0.568));
#9269=CARTESIAN_POINT('',(0.808293558697838,-0.615073049521413,0.568));
#9270=CARTESIAN_POINT('',(0.792905124446212,-0.618868675771914,0.568));
#9271=CARTESIAN_POINT('',(0.812221064488042,-0.612781012674808,0.568));
#9272=CARTESIAN_POINT('',(0.810373420948684,-0.619021823356988,0.759));
#9273=CARTESIAN_POINT('',(0.804497932447337,-0.599684615269788,0.759));
#9274=CARTESIAN_POINT('',(0.829710629035886,-0.613146334855646,0.759));
#9275=CARTESIAN_POINT('',(0.814534369380001,-0.616920693060762,0.759));
#9276=CARTESIAN_POINT('',(0.818308727585145,-0.632096952716639,0.759));
#9277=CARTESIAN_POINT('',(0.812221064488042,-0.612781012674808,0.759));
#9278=CARTESIAN_POINT('',(0.792905124446212,-0.618868675771914,0.759));
#9279=CARTESIAN_POINT('',(0.808293558697838,-0.615073049521413,0.759));
#9280=CARTESIAN_POINT('',(1.093,-0.119,0.536));
#9281=CARTESIAN_POINT('',(1.093,-0.119,0.536));
#9282=CARTESIAN_POINT('',(1.093,-0.119,0.536));
#9283=CARTESIAN_POINT('',(1.093,-0.119,0.536));
#9284=CARTESIAN_POINT('',(0.843,-1.33,0.9108));
#9285=CARTESIAN_POINT('',(1.08349165889656,-1.26170825817728,0.9108));
#9286=CARTESIAN_POINT('',(1.08349165889656,-1.26170825817728,-0.504));
#9287=CARTESIAN_POINT('',(0.843,-1.33,-0.504));
#9288=CARTESIAN_POINT('',(0.655588445506125,-1.49545969068685,-0.504));
#9289=CARTESIAN_POINT('',(0.655588445506125,-1.49545969068685,0.9108));
#9290=CARTESIAN_POINT('',(0.843,-1.33,0.9108));
#9291=CARTESIAN_POINT('',(0.843,-1.33,0.504));
#9292=CARTESIAN_POINT('',(1.08349165889656,-1.26170825817728,0.504));
#9293=CARTESIAN_POINT('',(1.08349165889656,-1.26170825817728,0.9108));
#9294=CARTESIAN_POINT('',(-0.190018520556596,-0.537664379074712,0.9108));
#9295=CARTESIAN_POINT('',(0.,-0.752893031880161,0.));
#9296=CARTESIAN_POINT('',(0.478548848081364,-1.29493190036759,-0.504));
#9297=CARTESIAN_POINT('',(0.920885589051482,-1.79595433000489,-0.504));
#9298=CARTESIAN_POINT('',(0.759,-0.119,0.9108));
#9299=CARTESIAN_POINT('',(0.759,-0.119,-0.494121442562454));
#9300=CARTESIAN_POINT('',(0.758999999999999,-0.119,-0.494121442562455));
#9301=CARTESIAN_POINT('',(0.759,-0.119,-0.504));
#9302=CARTESIAN_POINT('',(0.759,-0.119,-0.504));
#9303=CARTESIAN_POINT('',(0.759,-0.119,0.9108));
#9304=CARTESIAN_POINT('',(1.08349165889656,-1.26170825817728,0.9108));
#9305=CARTESIAN_POINT('',(0.78392314413431,-0.206767687831684,0.504));
#9306=CARTESIAN_POINT('',(1.08349165889656,-1.26170825817728,0.9108));
#9307=CARTESIAN_POINT('',(1.1846588445634,-1.61797189500287,-0.504));
#9308=CARTESIAN_POINT('',(1.093,-0.119,-0.504));
#9309=CARTESIAN_POINT('',(0.,-0.119,0.));
#9310=CARTESIAN_POINT('',(0.476872186924034,-0.119,-0.504));
#9311=CARTESIAN_POINT('',(0.476872186924034,-0.119,0.504));
#9312=CARTESIAN_POINT('',(1.093,-0.119,-0.504));
#9313=CARTESIAN_POINT('',(-1.179,-0.119,5.12221498812049E-16));
#9314=CARTESIAN_POINT('',(1.093,-0.119,0.504));
#9315=CARTESIAN_POINT('',(1.093,-1.644,-0.504));
#9316=CARTESIAN_POINT('',(0.478548848081369,-0.131000000000001,-0.504));
#9317=CARTESIAN_POINT('',(0.478548848081369,-0.126948390241874,-0.504));
#9318=CARTESIAN_POINT('',(0.47796914552264,-0.122885646154409,-0.504));
#9319=CARTESIAN_POINT('',(0.476872186924034,-0.119,-0.504));
#9320=CARTESIAN_POINT('',(0.478548848081364,-0.131,-0.504));
#9321=CARTESIAN_POINT('',(0.478548848081364,-1.584,-0.504));
#9322=CARTESIAN_POINT('',(0.843,-1.33,-0.504));
#9323=CARTESIAN_POINT('',(0.9755,-1.33,-0.504));
#9324=CARTESIAN_POINT('',(1.093,-0.119,0.504));
#9325=CARTESIAN_POINT('',(0.476872186924034,-0.119,0.504));
#9326=CARTESIAN_POINT('',(0.477986051755788,-0.122945531404317,0.504));
#9327=CARTESIAN_POINT('',(0.478548848081363,-0.126945147726582,0.504));
#9328=CARTESIAN_POINT('',(0.478548848081363,-0.131,0.504));
#9329=CARTESIAN_POINT('',(0.478548848081364,-0.131,0.504));
#9330=CARTESIAN_POINT('',(0.478548848081364,-1.584,0.504));
#9331=CARTESIAN_POINT('',(0.843,-1.33,0.504));
#9332=CARTESIAN_POINT('',(0.7105,-1.33,0.504));
#9333=CARTESIAN_POINT('',(-1.179,-0.119,5.12221498812049E-16));
#9334=CARTESIAN_POINT('',(0.843,-1.33,1.072));
#9335=CARTESIAN_POINT('',(0.843,-1.33,1.072));
#9336=CARTESIAN_POINT('',(0.,-0.068,0.));
#9337=CARTESIAN_POINT('',(0.,-0.068,0.));
#9338=CARTESIAN_POINT('',(0.2425,-0.068,0.));
#9339=CARTESIAN_POINT('',(0.,-0.0679999999999999,0.));
#9340=CARTESIAN_POINT('',(0.,-0.0679999999999999,-0.632));
#9341=CARTESIAN_POINT('',(0.,-0.131,0.));
#9342=CARTESIAN_POINT('',(0.,-0.131,0.));
#9343=CARTESIAN_POINT('',(0.,-1.584,0.));
#9344=CARTESIAN_POINT('',(0.,0.078,0.));
#9345=CARTESIAN_POINT('',(0.,0.,0.));
#9346=CARTESIAN_POINT('',(0.,0.,0.315540491805584));
#9347=CARTESIAN_POINT('',(0.,0.,0.));
#9348=CARTESIAN_POINT('',(0.,0.,0.));
#9349=CARTESIAN_POINT('',(0.2425,0.,0.));
#9350=CARTESIAN_POINT('',(0.,-0.068,0.));
#9351=CARTESIAN_POINT('',(0.,-0.295,0.));
#9352=CARTESIAN_POINT('',(0.,0.,0.073));
#9353=CARTESIAN_POINT('',(0.,0.,0.073));
#9354=CARTESIAN_POINT('',(-0.106213967783484,0.,0.073));
#9355=CARTESIAN_POINT('',(0.,0.,-0.0270000000000001));
#9356=CARTESIAN_POINT('',(0.,0.,0.));
#9357=CARTESIAN_POINT('',(-0.2025,0.,0.));
#9358=CARTESIAN_POINT('',(0.,0.2025,-1.49397937153514E-17));
#9359=CARTESIAN_POINT('',(0.,0.,0.));
#9360=CARTESIAN_POINT('',(-0.125,0.,0.));
#9361=CARTESIAN_POINT('',(0.,0.,-1.339));
#9362=CARTESIAN_POINT('',(0.,0.,-1.269));
#9363=CARTESIAN_POINT('',(-0.125,0.,-1.269));
#9364=CARTESIAN_POINT('',(0.,0.125,-1.269));
#9365=CARTESIAN_POINT('',(0.,0.,-1.269));
#9366=CARTESIAN_POINT('',(-0.1875,0.,-1.269));
#9367=CARTESIAN_POINT('',(0.,0.,-1.339));
#9368=CARTESIAN_POINT('',(0.,0.,-1.339));
#9369=CARTESIAN_POINT('',(-0.1875,0.,-1.339));
#9370=CARTESIAN_POINT('',(0.,0.1875,-1.339));
#9371=CARTESIAN_POINT('',(0.843,-1.625,-0.701));
#9372=CARTESIAN_POINT('',(0.,0.265,0.45));
#9373=CARTESIAN_POINT('',(0.,0.,0.45));
#9374=CARTESIAN_POINT('',(-0.1325,0.,0.45));
#9375=CARTESIAN_POINT('',(0.,0.,0.45));
#9376=CARTESIAN_POINT('',(-0.265,0.,0.45));
#9377=CARTESIAN_POINT('',(0.,0.,-0.45));
#9378=CARTESIAN_POINT('',(0.,0.,-0.45));
#9379=CARTESIAN_POINT('',(-0.1325,0.,-0.45));
#9380=CARTESIAN_POINT('',(0.,0.1325,-0.45));
#9381=CARTESIAN_POINT('',(0.,0.,-0.45));
#9382=CARTESIAN_POINT('',(-0.265,0.,-0.45));
#9383=CARTESIAN_POINT('',(0.,0.,-0.45));
#9384=CARTESIAN_POINT('',(0.,0.,-0.25));
#9385=CARTESIAN_POINT('',(-0.265,0.,-0.25));
#9386=CARTESIAN_POINT('',(0.,0.,-0.25));
#9387=CARTESIAN_POINT('',(0.,0.,-0.25));
#9388=CARTESIAN_POINT('',(-0.515,0.,-0.25));
#9389=CARTESIAN_POINT('',(0.,0.,-0.45));
#9390=CARTESIAN_POINT('',(0.,0.,-0.40625));
#9391=CARTESIAN_POINT('',(-0.515,0.,-0.40625));
#9392=CARTESIAN_POINT('',(0.,0.515,-0.40625));
#9393=CARTESIAN_POINT('',(0.,0.,-0.40625));
#9394=CARTESIAN_POINT('',(-0.615,0.,-0.40625));
#9395=CARTESIAN_POINT('',(0.,0.,-0.45));
#9396=CARTESIAN_POINT('',(0.,0.,-0.21));
#9397=CARTESIAN_POINT('',(-0.615,0.,-0.21));
#9398=CARTESIAN_POINT('',(0.,0.,-0.21));
#9399=CARTESIAN_POINT('',(0.,0.,-0.21));
#9400=CARTESIAN_POINT('',(-0.685,0.,-0.21));
#9401=CARTESIAN_POINT('',(0.,0.,-0.45));
#9402=CARTESIAN_POINT('',(0.,0.,-0.3));
#9403=CARTESIAN_POINT('',(-0.685,0.,-0.3));
#9404=CARTESIAN_POINT('',(0.,0.685,-0.3));
#9405=CARTESIAN_POINT('',(0.,0.,-0.3));
#9406=CARTESIAN_POINT('',(-0.785,0.,-0.3));
#9407=CARTESIAN_POINT('',(0.,0.,-0.45));
#9408=CARTESIAN_POINT('',(0.,0.,0.3));
#9409=CARTESIAN_POINT('',(-0.785,0.,0.3));
#9410=CARTESIAN_POINT('',(0.,0.785,0.3));
#9411=CARTESIAN_POINT('',(0.,0.,0.3));
#9412=CARTESIAN_POINT('',(-0.685,0.,0.3));
#9413=CARTESIAN_POINT('',(0.,0.,-0.45));
#9414=CARTESIAN_POINT('',(0.,0.,0.21));
#9415=CARTESIAN_POINT('',(-0.685,0.,0.21));
#9416=CARTESIAN_POINT('',(0.,0.,0.21));
#9417=CARTESIAN_POINT('',(0.,0.,0.21));
#9418=CARTESIAN_POINT('',(-0.615,0.,0.21));
#9419=CARTESIAN_POINT('',(0.,0.,-0.45));
#9420=CARTESIAN_POINT('',(0.,0.,0.40625));
#9421=CARTESIAN_POINT('',(-0.615,0.,0.40625));
#9422=CARTESIAN_POINT('',(0.,0.615,0.40625));
#9423=CARTESIAN_POINT('',(0.,0.,0.40625));
#9424=CARTESIAN_POINT('',(-0.515,0.,0.40625));
#9425=CARTESIAN_POINT('',(0.,0.,-0.45));
#9426=CARTESIAN_POINT('',(0.,0.,0.25));
#9427=CARTESIAN_POINT('',(-0.515,0.,0.25));
#9428=CARTESIAN_POINT('',(0.,0.,0.25));
#9429=CARTESIAN_POINT('',(0.,0.,0.25));
#9430=CARTESIAN_POINT('',(-0.265,0.,0.25));
#9431=CARTESIAN_POINT('',(0.,0.,-0.45));
#9432=CARTESIAN_POINT('',(0.843,-1.625,-1.11022302462516E-16));
#9433=CARTESIAN_POINT('',(0.,0.,0.31625));
#9434=CARTESIAN_POINT('',(0.,0.,0.40625));
#9435=CARTESIAN_POINT('',(-0.893302528661925,0.,0.40625));
#9436=CARTESIAN_POINT('',(0.,0.,0.320960236061865));
#9437=CARTESIAN_POINT('',(-0.983179186789837,0.,0.320960236061865));
#9438=CARTESIAN_POINT('',(0.,0.893302528661925,0.40625));
#9439=CARTESIAN_POINT('',(0.,0.,0.40625));
#9440=CARTESIAN_POINT('',(-0.615,0.,0.40625));
#9441=CARTESIAN_POINT('',(0.,0.,-0.45));
#9442=CARTESIAN_POINT('',(0.,0.,0.21));
#9443=CARTESIAN_POINT('',(-0.615,0.,0.21));
#9444=CARTESIAN_POINT('',(0.,0.,0.21));
#9445=CARTESIAN_POINT('',(0.,0.,0.21));
#9446=CARTESIAN_POINT('',(-0.685,0.,0.21));
#9447=CARTESIAN_POINT('',(0.,0.,-0.45));
#9448=CARTESIAN_POINT('',(0.,0.,0.3));
#9449=CARTESIAN_POINT('',(-0.685,0.,0.3));
#9450=CARTESIAN_POINT('',(0.,0.685,0.3));
#9451=CARTESIAN_POINT('',(0.,0.,0.3));
#9452=CARTESIAN_POINT('',(-0.785,0.,0.3));
#9453=CARTESIAN_POINT('',(0.,0.,-0.45));
#9454=CARTESIAN_POINT('',(0.,0.,-0.3));
#9455=CARTESIAN_POINT('',(-0.785,0.,-0.3));
#9456=CARTESIAN_POINT('',(0.,0.785,-0.3));
#9457=CARTESIAN_POINT('',(0.,0.,-0.3));
#9458=CARTESIAN_POINT('',(-0.685,0.,-0.3));
#9459=CARTESIAN_POINT('',(0.,0.,-0.45));
#9460=CARTESIAN_POINT('',(0.,0.,-0.21));
#9461=CARTESIAN_POINT('',(-0.685,0.,-0.21));
#9462=CARTESIAN_POINT('',(0.,0.,-0.21));
#9463=CARTESIAN_POINT('',(0.,0.,-0.21));
#9464=CARTESIAN_POINT('',(-0.615,0.,-0.21));
#9465=CARTESIAN_POINT('',(0.,0.,-0.45));
#9466=CARTESIAN_POINT('',(0.,0.,-0.40625));
#9467=CARTESIAN_POINT('',(-0.615,0.,-0.40625));
#9468=CARTESIAN_POINT('',(0.,0.615,-0.40625));
#9469=CARTESIAN_POINT('',(0.,0.,-0.40625));
#9470=CARTESIAN_POINT('',(-0.893302528661925,0.,-0.40625));
#9471=CARTESIAN_POINT('',(0.,0.,-0.31625));
#9472=CARTESIAN_POINT('',(0.,0.,-0.320960236061865));
#9473=CARTESIAN_POINT('',(-0.983179186789837,0.,-0.320960236061865));
#9474=CARTESIAN_POINT('',(0.,0.,-0.320960236061865));
#9475=CARTESIAN_POINT('',(0.,0.,0.));
#9476=CARTESIAN_POINT('',(-1.,0.,0.));
#9477=CARTESIAN_POINT('',(0.,0.,0.));
#9478=CARTESIAN_POINT('',(0.843,-1.625,-1.11022302462516E-16));
#9479=CARTESIAN_POINT('',(-0.4875,0.,-0.024));
#9480=CARTESIAN_POINT('',(-0.4875,0.0978496934077977,0.));
#9481=CARTESIAN_POINT('',(-0.4875,0.0978496934077977,0.));
#9482=CARTESIAN_POINT('',(-0.104965172795552,0.0978496934077977,0.));
#9483=CARTESIAN_POINT('',(-0.104965172795551,0.0978496934077977,-2.56110749406025E-17));
#9484=CARTESIAN_POINT('',(-0.110086777335997,0.0923556536529888,0.0223995877324293));
#9485=CARTESIAN_POINT('',(-0.125669818351307,0.0740049444886998,0.0501416121536029));
#9486=CARTESIAN_POINT('',(-0.140403081922082,0.0353741483302558,0.0724305820861743));
#9487=CARTESIAN_POINT('',(-0.14501251368703,0.00021883198652513,0.0788581296072383));
#9488=CARTESIAN_POINT('',(-0.140545721845324,-0.0348474652352186,0.0726352736473188));
#9489=CARTESIAN_POINT('',(-0.125731020897316,-0.0740212345468701,0.0502601675018862));
#9490=CARTESIAN_POINT('',(-0.110085807096625,-0.0923566944466774,0.0223953443431235));
#9491=CARTESIAN_POINT('',(-0.104965172795552,-0.0978496934077977,-8.69797116493683E-17));
#9492=CARTESIAN_POINT('',(-0.104965172795551,-0.0978496934077977,-5.12221498812049E-17));
#9493=CARTESIAN_POINT('',(-0.4875,-0.0978496934077977,0.));
#9494=CARTESIAN_POINT('',(-0.4875,-0.0978496934077977,0.));
#9495=CARTESIAN_POINT('',(-0.4875,0.,-0.024));
#9496=CARTESIAN_POINT('',(-0.4875,0.,-0.024));
#9497=CARTESIAN_POINT('',(-0.4875,-0.0978496934077977,0.));
#9498=CARTESIAN_POINT('',(0.307334872580695,-0.0978496934077977,0.));
#9499=CARTESIAN_POINT('',(0.104965172795552,-0.0978496934077977,-5.12221498812049E-17));
#9500=CARTESIAN_POINT('',(0.104965172795552,-0.0978496934077977,-5.12221498812049E-17));
#9501=CARTESIAN_POINT('',(0.110086777335997,-0.0923556536529888,0.0223995877324293));
#9502=CARTESIAN_POINT('',(0.125669818351307,-0.0740049444886998,0.0501416121536029));
#9503=CARTESIAN_POINT('',(0.140403081922082,-0.0353741483302558,0.0724305820861743));
#9504=CARTESIAN_POINT('',(0.14501251368703,-0.000218831986525228,0.0788581296072382));
#9505=CARTESIAN_POINT('',(0.140545721845325,0.0348474652352185,0.0726352736473189));
#9506=CARTESIAN_POINT('',(0.125731020897316,0.07402123454687,0.0502601675018862));
#9507=CARTESIAN_POINT('',(0.110085807096625,0.0923566944466774,0.0223953443431236));
#9508=CARTESIAN_POINT('',(0.104965172795552,0.0978496934077977,2.1651117500001E-17));
#9509=CARTESIAN_POINT('',(0.104965172795552,0.0978496934077977,0.));
#9510=CARTESIAN_POINT('',(-0.4875,0.0978496934077977,0.));
#9511=CARTESIAN_POINT('',(0.307334872580695,0.0978496934077977,0.));
#9512=CARTESIAN_POINT('',(0.312,0.,-0.024));
#9513=CARTESIAN_POINT('',(-0.5625,0.,-0.024));
#9514=CARTESIAN_POINT('',(-0.0757908305799585,0.121852369693823,0.075));
#9515=CARTESIAN_POINT('',(-0.0947687651969467,0.110048303585565,0.089528822498118));
#9516=CARTESIAN_POINT('',(-0.127579908844944,0.078507726108571,0.118395410184538));
#9517=CARTESIAN_POINT('',(-0.151433879962964,9.17009940974715E-5,0.140278857369545));
#9518=CARTESIAN_POINT('',(-0.127684427953203,-0.0783776914070408,0.11848902931356));
#9519=CARTESIAN_POINT('',(-0.0947828828276867,-0.110039522574886,0.0895396304472048));
#9520=CARTESIAN_POINT('',(-0.0757908305799585,-0.121852369693823,0.0749999999999999));
#9521=CARTESIAN_POINT('',(-0.0757908305799587,0.121852369693823,0.075));
#9522=CARTESIAN_POINT('',(-0.0757908305799585,-0.121852369693823,0.0749999999999999));
#9523=CARTESIAN_POINT('',(-0.5625,0.121852369693823,0.075));
#9524=CARTESIAN_POINT('',(-0.5625,0.121852369693823,0.075));
#9525=CARTESIAN_POINT('',(-0.5625,0.,-0.024));
#9526=CARTESIAN_POINT('',(-0.5625,-0.121852369693823,0.075));
#9527=CARTESIAN_POINT('',(-0.5625,-0.121852369693823,0.075));
#9528=CARTESIAN_POINT('',(-0.5625,0.,-0.024));
#9529=CARTESIAN_POINT('',(0.0757908305799587,-0.121852369693823,0.0749999999999999));
#9530=CARTESIAN_POINT('',(0.0947687651969469,-0.110048303585565,0.089528822498118));
#9531=CARTESIAN_POINT('',(0.127579908844944,-0.0785077261085711,0.118395410184538));
#9532=CARTESIAN_POINT('',(0.151433879962964,-9.17009940974783E-5,0.140278857369545));
#9533=CARTESIAN_POINT('',(0.127684427953203,0.0783776914070409,0.11848902931356));
#9534=CARTESIAN_POINT('',(0.0947828828276868,0.110039522574886,0.0895396304472049));
#9535=CARTESIAN_POINT('',(0.0757908305799587,0.121852369693823,0.075));
#9536=CARTESIAN_POINT('',(0.0757908305799587,-0.121852369693823,0.0749999999999999));
#9537=CARTESIAN_POINT('',(0.0757908305799587,0.121852369693823,0.075));
#9538=CARTESIAN_POINT('',(-0.5625,-0.121852369693823,0.075));
#9539=CARTESIAN_POINT('',(0.292756349395363,-0.121852369693823,0.075));
#9540=CARTESIAN_POINT('',(0.311999999999997,0.,-0.0240000000000005));
#9541=CARTESIAN_POINT('',(0.292756349395363,0.121852369693823,0.075));
#9542=CARTESIAN_POINT('',(-0.5625,0.121852369693823,0.075));
#9543=CARTESIAN_POINT('',(1.125,0.4125,0.328473321603982));
#9544=CARTESIAN_POINT('',(0.303664099554492,0.0982618574905974,-0.00336792239593614));
#9545=CARTESIAN_POINT('',(0.312,0.0982618574905974,0.));
#9546=CARTESIAN_POINT('',(0.494895769558892,0.0982618574905974,0.0738946874960957));
#9547=CARTESIAN_POINT('',(0.312,0.4125,0.));
#9548=CARTESIAN_POINT('',(0.312,0.252765659038928,0.));
#9549=CARTESIAN_POINT('',(0.881796663853112,-0.0767277021452639,0.230212795590036));
#9550=CARTESIAN_POINT('',(0.424,0.188,0.0452509372935375));
#9551=CARTESIAN_POINT('',(1.125,0.188,0.328473321603982));
#9552=CARTESIAN_POINT('',(0.777306054537455,0.188,0.187995849073015));
#9553=CARTESIAN_POINT('',(0.777306054537455,0.188,0.187995849073015));
#9554=CARTESIAN_POINT('',(0.777306054537455,0.293,0.187995849073015));
#9555=CARTESIAN_POINT('',(1.125,0.293,0.328473321603982));
#9556=CARTESIAN_POINT('',(1.125,0.293,0.328473321603982));
#9557=CARTESIAN_POINT('',(1.125,0.4125,0.328473321603982));
#9558=CARTESIAN_POINT('',(1.125,0.144,0.328473321603982));
#9559=CARTESIAN_POINT('',(1.,0.144,0.277970043374588));
#9560=CARTESIAN_POINT('',(1.04787733098776,0.0285324236961353,0.297313740716632));
#9561=CARTESIAN_POINT('',(1.23431141274371,0.105835217479031,0.372637999135534));
#9562=CARTESIAN_POINT('',(0.312,-0.276590829686888,0.));
#9563=CARTESIAN_POINT('',(0.312,0.4125,0.));
#9564=CARTESIAN_POINT('',(0.312,-0.0982618574905974,0.));
#9565=CARTESIAN_POINT('',(0.303664099554492,-0.0982618574905974,-0.00336792239593614));
#9566=CARTESIAN_POINT('',(0.494895769558892,-0.0982618574905974,0.0738946874960957));
#9567=CARTESIAN_POINT('',(0.494895769558892,0.4125,0.0738946874960957));
#9568=CARTESIAN_POINT('',(0.312,0.4125,0.));
#9569=CARTESIAN_POINT('',(0.,0.,0.));
#9570=CARTESIAN_POINT('',(0.371402084481991,0.,0.));
#9571=CARTESIAN_POINT('',(0.14363199296327,-0.346402728911594,0.));
#9572=CARTESIAN_POINT('',(0.143631992963269,-0.346402728911594,0.));
#9573=CARTESIAN_POINT('',(0.,4.78073398891246E-16,0.));
#9574=CARTESIAN_POINT('',(-0.14363199296327,-0.346402728911594,0.));
#9575=CARTESIAN_POINT('',(-1.04787733098776,0.0285324236961353,0.));
#9576=CARTESIAN_POINT('',(-1.04787733098776,0.0285324236961355,0.));
#9577=CARTESIAN_POINT('',(-1.,0.144,0.));
#9578=CARTESIAN_POINT('',(-1.125,0.144,0.));
#9579=CARTESIAN_POINT('',(-1.125,0.4125,0.));
#9580=CARTESIAN_POINT('',(-1.125,0.293,0.));
#9581=CARTESIAN_POINT('',(-0.75,0.293,0.));
#9582=CARTESIAN_POINT('',(-0.75,0.293,0.));
#9583=CARTESIAN_POINT('',(-0.75,0.188,0.));
#9584=CARTESIAN_POINT('',(-0.75,0.188,0.));
#9585=CARTESIAN_POINT('',(-0.424,0.188,0.));
#9586=CARTESIAN_POINT('',(-0.424,0.188,0.));
#9587=CARTESIAN_POINT('',(-0.187722622771915,0.324630893322914,0.));
#9588=CARTESIAN_POINT('',(-0.187722622771916,0.324630893322914,0.));
#9589=CARTESIAN_POINT('',(3.41480999208033E-17,-4.78073398891246E-16,0.));
#9590=CARTESIAN_POINT('',(0.187722622771916,0.324630893322914,0.));
#9591=CARTESIAN_POINT('',(0.424,0.188,0.));
#9592=CARTESIAN_POINT('',(0.371402084481991,0.,0.));
#9593=CARTESIAN_POINT('',(0.,0.,0.));
#9594=CARTESIAN_POINT('',(-0.4875,0.4125,0.));
#9595=CARTESIAN_POINT('',(0.297421476814671,0.4125,0.075));
#9596=CARTESIAN_POINT('',(0.275568605048299,-0.123251646078509,0.0661708666965729));
#9597=CARTESIAN_POINT('',(0.297421476814671,-0.123251646078509,0.075));
#9598=CARTESIAN_POINT('',(0.536339064145208,-0.123251646078509,0.171528971094798));
#9599=CARTESIAN_POINT('',(0.297421476814671,0.4125,0.075));
#9600=CARTESIAN_POINT('',(0.297421476814671,-0.282635650252099,0.075));
#9601=CARTESIAN_POINT('',(0.513297954929752,-0.193124898177528,0.162219758699422));
#9602=CARTESIAN_POINT('',(1.04787733098776,0.0285324236961353,0.37820384641745));
#9603=CARTESIAN_POINT('',(1.,0.144,0.358860149075407));
#9604=CARTESIAN_POINT('',(1.09690450549381,0.0650410434782677,0.398012110696491));
#9605=CARTESIAN_POINT('',(1.09690450549381,0.4125,0.398012110696491));
#9606=CARTESIAN_POINT('',(1.09690450549381,0.218,0.398012110696491));
#9607=CARTESIAN_POINT('',(0.297421476814671,0.218,0.075));
#9608=CARTESIAN_POINT('',(0.75,0.218,0.257853592616617));
#9609=CARTESIAN_POINT('',(0.75,0.4125,0.257853592616617));
#9610=CARTESIAN_POINT('',(0.75,0.188,0.257853592616617));
#9611=CARTESIAN_POINT('',(0.297421476814671,0.188,0.075));
#9612=CARTESIAN_POINT('',(0.424,0.188,0.126141042994356));
#9613=CARTESIAN_POINT('',(0.238999846395739,0.294979079200741,0.0513961291547024));
#9614=CARTESIAN_POINT('',(0.297421476814671,0.261195906020287,0.0749999999999999));
#9615=CARTESIAN_POINT('',(0.297421476814671,0.4125,0.075));
#9616=CARTESIAN_POINT('',(0.297421476814671,0.123251646078509,0.075));
#9617=CARTESIAN_POINT('',(0.275568605048299,0.123251646078509,0.0661708666965729));
#9618=CARTESIAN_POINT('',(0.536339064145208,0.123251646078509,0.171528971094798));
#9619=CARTESIAN_POINT('',(0.536339064145207,0.4125,0.171528971094798));
#9620=CARTESIAN_POINT('',(-1.125,0.4125,0.075));
#9621=CARTESIAN_POINT('',(0.,0.,0.075));
#9622=CARTESIAN_POINT('',(-0.5625,0.4125,0.075));
#9623=CARTESIAN_POINT('',(0.,0.,0.075));
#9624=CARTESIAN_POINT('',(0.557033598488213,0.,0.075));
#9625=CARTESIAN_POINT('',(-0.834118096425426,0.915525425569596,0.075));
#9626=CARTESIAN_POINT('',(0.187722622771916,0.324630893322914,0.075));
#9627=CARTESIAN_POINT('',(3.41480999208033E-17,-4.78073398891246E-16,0.075));
#9628=CARTESIAN_POINT('',(-0.187722622771916,0.324630893322914,0.075));
#9629=CARTESIAN_POINT('',(-0.852045373968703,-0.0595235780682817,0.075));
#9630=CARTESIAN_POINT('',(-0.424,0.188,0.075));
#9631=CARTESIAN_POINT('',(-1.125,0.188,0.075));
#9632=CARTESIAN_POINT('',(-0.75,0.188,0.075));
#9633=CARTESIAN_POINT('',(-0.75,0.4125,0.075));
#9634=CARTESIAN_POINT('',(-0.75,0.218,0.075));
#9635=CARTESIAN_POINT('',(-1.125,0.218,0.075));
#9636=CARTESIAN_POINT('',(-1.125,0.218,0.075));
#9637=CARTESIAN_POINT('',(-1.125,0.4125,0.075));
#9638=CARTESIAN_POINT('',(-1.125,0.144,0.075));
#9639=CARTESIAN_POINT('',(-1.,0.144,0.075));
#9640=CARTESIAN_POINT('',(-1.04787733098776,0.0285324236961355,0.075));
#9641=CARTESIAN_POINT('',(-1.24953737308549,0.112148490574601,0.075));
#9642=CARTESIAN_POINT('',(-0.14363199296327,-0.346402728911594,0.075));
#9643=CARTESIAN_POINT('',(0.,4.78073398891246E-16,0.075));
#9644=CARTESIAN_POINT('',(0.143631992963269,-0.346402728911594,0.075));
#9645=CARTESIAN_POINT('',(-0.670380236472895,-0.683923738569198,0.075));
#9646=CARTESIAN_POINT('',(0.557033598488213,0.,0.075));
#9647=CARTESIAN_POINT('',(1.09690450549381,0.4125,0.398012110696492));
#9648=CARTESIAN_POINT('',(1.09690450549381,0.293,0.398012110696492));
#9649=CARTESIAN_POINT('',(1.00325285713983,0.293,0.629808074338188));
#9650=CARTESIAN_POINT('',(1.00325285713983,0.218,0.629808074338188));
#9651=CARTESIAN_POINT('',(1.00325285713983,0.218,0.629808074338188));
#9652=CARTESIAN_POINT('',(1.00325285713983,0.218,0.629808074338188));
#9653=CARTESIAN_POINT('',(1.,0.144,0.637859178281019));
#9654=CARTESIAN_POINT('',(-1.125,0.4125,0.));
#9655=CARTESIAN_POINT('',(-1.125,0.144,0.796));
#9656=CARTESIAN_POINT('',(-1.125,0.218,0.));
#9657=CARTESIAN_POINT('',(-1.125,0.218,0.325));
#9658=CARTESIAN_POINT('',(-1.125,0.218,0.325));
#9659=CARTESIAN_POINT('',(-1.125,0.293,0.325));
#9660=CARTESIAN_POINT('',(-1.125,0.293,0.796));
#9661=CARTESIAN_POINT('',(-1.,0.144,0.796));
#9662=CARTESIAN_POINT('',(-1.04787733098776,0.0285324236961355,0.796));
#9663=CARTESIAN_POINT('',(-1.04787733098776,0.0285324236961353,0.796));
#9664=CARTESIAN_POINT('',(-0.14363199296327,-0.346402728911594,0.796));
#9665=CARTESIAN_POINT('',(0.,4.78073398891246E-16,0.796));
#9666=CARTESIAN_POINT('',(0.143631992963269,-0.346402728911594,0.796));
#9667=CARTESIAN_POINT('',(0.14363199296327,-0.346402728911594,0.796));
#9668=CARTESIAN_POINT('',(1.04787733098776,0.0285324236961354,0.796));
#9669=CARTESIAN_POINT('',(1.,0.144,0.796));
#9670=CARTESIAN_POINT('',(0.75,0.188,0.796));
#9671=CARTESIAN_POINT('',(0.75,0.188,0.796));
#9672=CARTESIAN_POINT('',(0.75,0.188,0.255580705677339));
#9673=CARTESIAN_POINT('',(0.749210560031262,0.188,0.257534638165525));
#9674=CARTESIAN_POINT('',(0.424,0.188,0.796));
#9675=CARTESIAN_POINT('',(0.75,0.293,0.796));
#9676=CARTESIAN_POINT('',(0.75,0.218,0.796));
#9677=CARTESIAN_POINT('',(0.75,0.218,0.255580705677339));
#9678=CARTESIAN_POINT('',(0.75,0.293,0.255580705677339));
#9679=CARTESIAN_POINT('',(1.125,0.293,0.796));
#9680=CARTESIAN_POINT('',(0.777306054537455,0.293,0.187995849073015));
#9681=CARTESIAN_POINT('',(0.655558911677284,0.293,0.489330601807222));
#9682=CARTESIAN_POINT('',(0.771456893498132,0.293,0.53615642598421));
#9683=CARTESIAN_POINT('',(0.724631069321143,0.293,0.652054407805059));
#9684=CARTESIAN_POINT('',(0.724631069321143,0.293,0.652054407805059));
#9685=CARTESIAN_POINT('',(0.840529051141992,0.293,0.698880231982048));
#9686=CARTESIAN_POINT('',(0.88735487531898,0.293,0.582982250161199));
#9687=CARTESIAN_POINT('',(0.776731902640441,0.293,0.337572352406925));
#9688=CARTESIAN_POINT('',(0.776731902640441,0.293,0.337572352406925));
#9689=CARTESIAN_POINT('',(0.749760227914496,0.293,0.404329589935734));
#9690=CARTESIAN_POINT('',(0.798984315150044,0.293,0.346562910648907));
#9691=CARTESIAN_POINT('',(0.807974873392026,0.293,0.324310498139304));
#9692=CARTESIAN_POINT('',(0.830227285901629,0.293,0.333301056381286));
#9693=CARTESIAN_POINT('',(0.830227285901629,0.293,0.333301056381286));
#9694=CARTESIAN_POINT('',(0.821236727659647,0.293,0.355553468890889));
#9695=CARTESIAN_POINT('',(0.84348914016925,0.293,0.364544027132871));
#9696=CARTESIAN_POINT('',(0.816517465443304,0.293,0.43130126466168));
#9697=CARTESIAN_POINT('',(0.816517465443304,0.293,0.43130126466168));
#9698=CARTESIAN_POINT('',(0.794265052933701,0.293,0.422310706419698));
#9699=CARTESIAN_POINT('',(0.78527449469172,0.293,0.444563118929301));
#9700=CARTESIAN_POINT('',(0.763022082182117,0.293,0.435572560687319));
#9701=CARTESIAN_POINT('',(0.763022082182117,0.293,0.435572560687319));
#9702=CARTESIAN_POINT('',(0.772012640424099,0.293,0.413320148177716));
#9703=CARTESIAN_POINT('',(0.874732110920835,0.293,0.35128217286525));
#9704=CARTESIAN_POINT('',(0.874732110920835,0.293,0.35128217286525));
#9705=CARTESIAN_POINT('',(0.829779319710925,0.293,0.462544235413264));
#9706=CARTESIAN_POINT('',(0.941489348449643,0.293,0.378253847591196));
#9707=CARTESIAN_POINT('',(0.941489348449643,0.293,0.378253847591196));
#9708=CARTESIAN_POINT('',(0.932498790207662,0.293,0.400506260100799));
#9709=CARTESIAN_POINT('',(0.932498790207662,0.293,0.400506260100799));
#9710=CARTESIAN_POINT('',(0.887993965188456,0.293,0.382525143616835));
#9711=CARTESIAN_POINT('',(0.887993965188456,0.293,0.382525143616835));
#9712=CARTESIAN_POINT('',(0.879003406946474,0.293,0.404777556126438));
#9713=CARTESIAN_POINT('',(0.879003406946474,0.293,0.404777556126438));
#9714=CARTESIAN_POINT('',(0.92350823196568,0.293,0.422758672610402));
#9715=CARTESIAN_POINT('',(0.92350823196568,0.293,0.422758672610402));
#9716=CARTESIAN_POINT('',(0.914517673723698,0.293,0.445011085120004));
#9717=CARTESIAN_POINT('',(0.914517673723698,0.293,0.445011085120004));
#9718=CARTESIAN_POINT('',(0.870012848704492,0.293,0.427029968636041));
#9719=CARTESIAN_POINT('',(0.870012848704492,0.293,0.427029968636041));
#9720=CARTESIAN_POINT('',(0.852031732220528,0.293,0.471534793655247));
#9721=CARTESIAN_POINT('',(0.852031732220528,0.293,0.471534793655247));
#9722=CARTESIAN_POINT('',(0.829779319710925,0.293,0.462544235413264));
#9723=CARTESIAN_POINT('',(0.963741760959246,0.293,0.387244405833178));
#9724=CARTESIAN_POINT('',(0.963741760959246,0.293,0.387244405833178));
#9725=CARTESIAN_POINT('',(0.918788969749337,0.293,0.498506468381192));
#9726=CARTESIAN_POINT('',(1.03049899848806,0.293,0.414216080559123));
#9727=CARTESIAN_POINT('',(1.03049899848806,0.293,0.414216080559123));
#9728=CARTESIAN_POINT('',(1.02150844024607,0.293,0.436468493068726));
#9729=CARTESIAN_POINT('',(1.02150844024607,0.293,0.436468493068726));
#9730=CARTESIAN_POINT('',(0.977003615226867,0.293,0.418487376584763));
#9731=CARTESIAN_POINT('',(0.977003615226867,0.293,0.418487376584763));
#9732=CARTESIAN_POINT('',(0.968013056984885,0.293,0.440739789094365));
#9733=CARTESIAN_POINT('',(0.968013056984885,0.293,0.440739789094365));
#9734=CARTESIAN_POINT('',(1.01251788200409,0.293,0.458720905578329));
#9735=CARTESIAN_POINT('',(1.01251788200409,0.293,0.458720905578329));
#9736=CARTESIAN_POINT('',(1.00352732376211,0.293,0.480973318087932));
#9737=CARTESIAN_POINT('',(1.00352732376211,0.293,0.480973318087932));
#9738=CARTESIAN_POINT('',(0.959022498742904,0.293,0.462992201603968));
#9739=CARTESIAN_POINT('',(0.959022498742904,0.293,0.462992201603968));
#9740=CARTESIAN_POINT('',(0.94104138225894,0.293,0.507497026623174));
#9741=CARTESIAN_POINT('',(0.94104138225894,0.293,0.507497026623174));
#9742=CARTESIAN_POINT('',(0.918788969749337,0.293,0.498506468381192));
#9743=CARTESIAN_POINT('',(-0.75,0.293,0.796));
#9744=CARTESIAN_POINT('',(-0.75,0.293,0.796));
#9745=CARTESIAN_POINT('',(-0.75,0.293,0.325));
#9746=CARTESIAN_POINT('',(-1.,0.293,0.325));
#9747=CARTESIAN_POINT('',(-1.,0.293,0.45));
#9748=CARTESIAN_POINT('',(-1.,0.293,0.45));
#9749=CARTESIAN_POINT('',(-0.875,0.293,0.45));
#9750=CARTESIAN_POINT('',(-0.875,0.293,0.325));
#9751=CARTESIAN_POINT('',(-1.0095,0.293,0.1515));
#9752=CARTESIAN_POINT('',(-1.0095,0.293,0.1275));
#9753=CARTESIAN_POINT('',(-1.0335,0.293,0.1515));
#9754=CARTESIAN_POINT('',(-0.9855,0.293,0.1275));
#9755=CARTESIAN_POINT('',(-0.9855,0.293,0.1275));
#9756=CARTESIAN_POINT('',(-0.9855,0.293,0.1515));
#9757=CARTESIAN_POINT('',(-0.9615,0.293,0.1515));
#9758=CARTESIAN_POINT('',(-0.9615,0.293,0.2235));
#9759=CARTESIAN_POINT('',(-0.9615,0.293,0.2235));
#9760=CARTESIAN_POINT('',(-0.9855,0.293,0.2235));
#9761=CARTESIAN_POINT('',(-0.9855,0.293,0.2475));
#9762=CARTESIAN_POINT('',(-1.0095,0.293,0.2475));
#9763=CARTESIAN_POINT('',(-1.0095,0.293,0.2475));
#9764=CARTESIAN_POINT('',(-1.0095,0.293,0.2235));
#9765=CARTESIAN_POINT('',(-1.0335,0.293,0.2235));
#9766=CARTESIAN_POINT('',(-1.0335,0.293,0.1515));
#9767=CARTESIAN_POINT('',(-0.9135,0.293,0.1275));
#9768=CARTESIAN_POINT('',(-0.9135,0.293,0.1275));
#9769=CARTESIAN_POINT('',(-0.9375,0.293,0.1275));
#9770=CARTESIAN_POINT('',(-0.8655,0.293,0.2235));
#9771=CARTESIAN_POINT('',(-0.8655,0.293,0.2235));
#9772=CARTESIAN_POINT('',(-0.8655,0.293,0.1275));
#9773=CARTESIAN_POINT('',(-0.8655,0.293,0.1275));
#9774=CARTESIAN_POINT('',(-0.8415,0.293,0.1275));
#9775=CARTESIAN_POINT('',(-0.8415,0.293,0.1275));
#9776=CARTESIAN_POINT('',(-0.8415,0.293,0.2475));
#9777=CARTESIAN_POINT('',(-0.8415,0.293,0.2475));
#9778=CARTESIAN_POINT('',(-0.880332815729997,0.293,0.2475));
#9779=CARTESIAN_POINT('',(-0.880332815729997,0.293,0.2475));
#9780=CARTESIAN_POINT('',(-0.9135,0.293,0.181165631459995));
#9781=CARTESIAN_POINT('',(-0.9135,0.293,0.181165631459995));
#9782=CARTESIAN_POINT('',(-0.9135,0.293,0.2475));
#9783=CARTESIAN_POINT('',(-0.9135,0.293,0.2475));
#9784=CARTESIAN_POINT('',(-0.9375,0.293,0.2475));
#9785=CARTESIAN_POINT('',(-0.9375,0.293,0.2475));
#9786=CARTESIAN_POINT('',(-0.9375,0.293,0.1275));
#9787=CARTESIAN_POINT('',(-0.75,0.188,0.796));
#9788=CARTESIAN_POINT('',(-0.75,0.218,0.325));
#9789=CARTESIAN_POINT('',(-0.75,0.218,0.325));
#9790=CARTESIAN_POINT('',(-0.75,0.218,0.325));
#9791=CARTESIAN_POINT('',(-0.75,0.188,0.796));
#9792=CARTESIAN_POINT('',(-0.424,0.188,0.796));
#9793=CARTESIAN_POINT('',(-0.424,0.188,0.796));
#9794=CARTESIAN_POINT('',(-0.187722622771915,0.324630893322914,0.796));
#9795=CARTESIAN_POINT('',(-0.187722622771916,0.324630893322914,0.796));
#9796=CARTESIAN_POINT('',(3.41480999208033E-17,-4.78073398891246E-16,0.796));
#9797=CARTESIAN_POINT('',(0.187722622771916,0.324630893322914,0.796));
#9798=CARTESIAN_POINT('',(0.424,0.188,0.796));
#9799=CARTESIAN_POINT('',(0.771456893498132,0.218,0.53615642598421));
#9800=CARTESIAN_POINT('',(0.88735487531898,0.218,0.582982250161199));
#9801=CARTESIAN_POINT('',(0.840529051141992,0.218,0.698880231982048));
#9802=CARTESIAN_POINT('',(0.724631069321143,0.218,0.652054407805059));
#9803=CARTESIAN_POINT('',(0.724631069321143,0.218,0.652054407805059));
#9804=CARTESIAN_POINT('',(0.771456893498132,0.218,0.53615642598421));
#9805=CARTESIAN_POINT('',(0.655558911677284,0.218,0.489330601807222));
#9806=CARTESIAN_POINT('',(0.777306054537455,0.218,0.187995849073015));
#9807=CARTESIAN_POINT('',(0.777306054537455,0.218,0.187995849073015));
#9808=CARTESIAN_POINT('',(0.655558911677284,0.218,0.489330601807222));
#9809=CARTESIAN_POINT('',(0.771456893498132,0.218,0.53615642598421));
#9810=CARTESIAN_POINT('',(0.724631069321143,0.218,0.652054407805059));
#9811=CARTESIAN_POINT('',(0.724631069321143,0.218,0.652054407805059));
#9812=CARTESIAN_POINT('',(0.840529051141992,0.218,0.698880231982048));
#9813=CARTESIAN_POINT('',(0.88735487531898,0.218,0.582982250161199));
#9814=CARTESIAN_POINT('',(-1.,0.218,0.325));
#9815=CARTESIAN_POINT('',(-0.875,0.218,0.325));
#9816=CARTESIAN_POINT('',(-0.875,0.218,0.45));
#9817=CARTESIAN_POINT('',(-1.,0.218,0.45));
#9818=CARTESIAN_POINT('',(-1.,0.218,0.45));
#9819=CARTESIAN_POINT('',(-1.,0.218,0.325));
#9820=CARTESIAN_POINT('',(-1.,0.218,0.325));
#9821=CARTESIAN_POINT('',(-1.,0.218,0.45));
#9822=CARTESIAN_POINT('',(-1.,0.218,0.45));
#9823=CARTESIAN_POINT('',(-0.875,0.218,0.45));
#9824=CARTESIAN_POINT('',(-0.875,0.218,0.325));
#9825=CARTESIAN_POINT('',(-0.5625,1.92269547466134E-17,-0.181));
#9826=CARTESIAN_POINT('',(0.312,0.,-0.024));
#9827=CARTESIAN_POINT('',(0.572770459096909,0.,0.0813581043982252));
#9828=CARTESIAN_POINT('',(0.572770459096909,0.,0.0813581043982252));
#9829=CARTESIAN_POINT('',(-0.4875,0.,0.07675));
#9830=CARTESIAN_POINT('',(0.5032316700044,0.,0.0532626098920318));
#9831=CARTESIAN_POINT('',(0.5032316700044,0.,0.0532626098920318));
#9832=CARTESIAN_POINT('',(0.312,0.,-0.024));
#9833=CARTESIAN_POINT('',(0.,0.,0.15));
#9834=CARTESIAN_POINT('',(-0.9135,0.278,0.1275));
#9835=CARTESIAN_POINT('',(-0.9375,0.278,0.1275));
#9836=CARTESIAN_POINT('',(-0.9375,0.278,0.1275));
#9837=CARTESIAN_POINT('',(-0.9135,0.278,0.1275));
#9838=CARTESIAN_POINT('',(-0.9135,0.278,0.1275));
#9839=CARTESIAN_POINT('',(-0.9135,0.278,0.1275));
#9840=CARTESIAN_POINT('',(-0.8655,0.278,0.2235));
#9841=CARTESIAN_POINT('',(-0.8655,0.278,0.2235));
#9842=CARTESIAN_POINT('',(-0.8655,0.278,0.2235));
#9843=CARTESIAN_POINT('',(-0.8655,0.278,0.2235));
#9844=CARTESIAN_POINT('',(-0.8655,0.278,0.1275));
#9845=CARTESIAN_POINT('',(-0.8655,0.278,0.1275));
#9846=CARTESIAN_POINT('',(-0.8655,0.278,0.1275));
#9847=CARTESIAN_POINT('',(-0.8655,0.278,0.1275));
#9848=CARTESIAN_POINT('',(-0.8415,0.278,0.1275));
#9849=CARTESIAN_POINT('',(-0.8415,0.278,0.1275));
#9850=CARTESIAN_POINT('',(-0.8415,0.278,0.1275));
#9851=CARTESIAN_POINT('',(-0.8415,0.278,0.1275));
#9852=CARTESIAN_POINT('',(-0.8415,0.278,0.2475));
#9853=CARTESIAN_POINT('',(-0.8415,0.278,0.2475));
#9854=CARTESIAN_POINT('',(-0.8415,0.278,0.2475));
#9855=CARTESIAN_POINT('',(-0.8415,0.278,0.2475));
#9856=CARTESIAN_POINT('',(-0.880332815729997,0.278,0.2475));
#9857=CARTESIAN_POINT('',(-0.880332815729997,0.278,0.2475));
#9858=CARTESIAN_POINT('',(-0.880332815729997,0.278,0.2475));
#9859=CARTESIAN_POINT('',(-0.880332815729997,0.278,0.2475));
#9860=CARTESIAN_POINT('',(-0.9135,0.278,0.181165631459995));
#9861=CARTESIAN_POINT('',(-0.9135,0.278,0.181165631459995));
#9862=CARTESIAN_POINT('',(-0.9135,0.278,0.181165631459995));
#9863=CARTESIAN_POINT('',(-0.9135,0.278,0.181165631459995));
#9864=CARTESIAN_POINT('',(-0.9135,0.278,0.2475));
#9865=CARTESIAN_POINT('',(-0.9135,0.278,0.2475));
#9866=CARTESIAN_POINT('',(-0.9135,0.278,0.2475));
#9867=CARTESIAN_POINT('',(-0.9135,0.278,0.2475));
#9868=CARTESIAN_POINT('',(-0.9375,0.278,0.2475));
#9869=CARTESIAN_POINT('',(-0.9375,0.278,0.2475));
#9870=CARTESIAN_POINT('',(-0.9375,0.278,0.2475));
#9871=CARTESIAN_POINT('',(-0.9375,0.278,0.2475));
#9872=CARTESIAN_POINT('',(-1.0095,0.278,0.1515));
#9873=CARTESIAN_POINT('',(-1.0335,0.278,0.1515));
#9874=CARTESIAN_POINT('',(-1.0335,0.278,0.1515));
#9875=CARTESIAN_POINT('',(-1.0095,0.278,0.1515));
#9876=CARTESIAN_POINT('',(-1.0095,0.278,0.1275));
#9877=CARTESIAN_POINT('',(-1.0095,0.278,0.1275));
#9878=CARTESIAN_POINT('',(-0.9855,0.278,0.1275));
#9879=CARTESIAN_POINT('',(-0.9855,0.278,0.1275));
#9880=CARTESIAN_POINT('',(-0.9855,0.278,0.1275));
#9881=CARTESIAN_POINT('',(-0.9855,0.278,0.1275));
#9882=CARTESIAN_POINT('',(-0.9855,0.278,0.1515));
#9883=CARTESIAN_POINT('',(-0.9855,0.278,0.1515));
#9884=CARTESIAN_POINT('',(-0.9615,0.278,0.1515));
#9885=CARTESIAN_POINT('',(-0.9615,0.278,0.1515));
#9886=CARTESIAN_POINT('',(-0.9615,0.278,0.2235));
#9887=CARTESIAN_POINT('',(-0.9615,0.278,0.2235));
#9888=CARTESIAN_POINT('',(-0.9615,0.278,0.2235));
#9889=CARTESIAN_POINT('',(-0.9615,0.278,0.2235));
#9890=CARTESIAN_POINT('',(-0.9855,0.278,0.2235));
#9891=CARTESIAN_POINT('',(-0.9855,0.278,0.2235));
#9892=CARTESIAN_POINT('',(-0.9855,0.278,0.2475));
#9893=CARTESIAN_POINT('',(-0.9855,0.278,0.2475));
#9894=CARTESIAN_POINT('',(-1.0095,0.278,0.2475));
#9895=CARTESIAN_POINT('',(-1.0095,0.278,0.2475));
#9896=CARTESIAN_POINT('',(-1.0095,0.278,0.2475));
#9897=CARTESIAN_POINT('',(-1.0095,0.278,0.2475));
#9898=CARTESIAN_POINT('',(-1.0095,0.278,0.2235));
#9899=CARTESIAN_POINT('',(-1.0095,0.278,0.2235));
#9900=CARTESIAN_POINT('',(-1.0335,0.278,0.2235));
#9901=CARTESIAN_POINT('',(-1.0335,0.278,0.2235));
#9902=CARTESIAN_POINT('',(-0.9375,0.278,0.1275));
#9903=CARTESIAN_POINT('',(-0.9375,0.278,0.1275));
#9904=CARTESIAN_POINT('',(-1.0335,0.278,0.1515));
#9905=CARTESIAN_POINT('',(-1.0335,0.278,0.1515));
#9906=CARTESIAN_POINT('',(0.,0.278,0.));
#9907=CARTESIAN_POINT('',(-0.75,0.293,0.796));
#9908=CARTESIAN_POINT('',(-0.9975,0.293,0.1635));
#9909=CARTESIAN_POINT('',(-0.9975,0.293,0.1515));
#9910=CARTESIAN_POINT('',(-1.0095,0.293,0.1635));
#9911=CARTESIAN_POINT('',(-1.0095,0.293,0.1635));
#9912=CARTESIAN_POINT('',(-1.0095,0.293,0.2115));
#9913=CARTESIAN_POINT('',(-0.9975,0.293,0.2115));
#9914=CARTESIAN_POINT('',(-0.9975,0.293,0.2235));
#9915=CARTESIAN_POINT('',(-0.9975,0.293,0.2115));
#9916=CARTESIAN_POINT('',(-0.9855,0.293,0.2115));
#9917=CARTESIAN_POINT('',(-0.9855,0.293,0.2115));
#9918=CARTESIAN_POINT('',(-0.9855,0.293,0.1635));
#9919=CARTESIAN_POINT('',(-0.9975,0.293,0.1635));
#9920=CARTESIAN_POINT('',(-1.0095,0.278,0.1635));
#9921=CARTESIAN_POINT('',(-1.0095,0.278,0.1635));
#9922=CARTESIAN_POINT('',(-1.0095,0.278,0.1635));
#9923=CARTESIAN_POINT('',(-1.0095,0.278,0.1635));
#9924=CARTESIAN_POINT('',(-1.0095,0.278,0.2115));
#9925=CARTESIAN_POINT('',(-1.0095,0.278,0.2115));
#9926=CARTESIAN_POINT('',(-0.9975,0.278,0.2115));
#9927=CARTESIAN_POINT('',(-0.9975,0.278,0.2115));
#9928=CARTESIAN_POINT('',(-0.9975,0.278,0.2235));
#9929=CARTESIAN_POINT('',(-0.9975,0.278,0.2235));
#9930=CARTESIAN_POINT('',(-0.9975,0.278,0.2115));
#9931=CARTESIAN_POINT('',(-0.9975,0.278,0.2115));
#9932=CARTESIAN_POINT('',(-0.9855,0.278,0.2115));
#9933=CARTESIAN_POINT('',(-0.9855,0.278,0.2115));
#9934=CARTESIAN_POINT('',(-0.9855,0.278,0.2115));
#9935=CARTESIAN_POINT('',(-0.9855,0.278,0.2115));
#9936=CARTESIAN_POINT('',(-0.9855,0.278,0.1635));
#9937=CARTESIAN_POINT('',(-0.9855,0.278,0.1635));
#9938=CARTESIAN_POINT('',(-0.9975,0.278,0.1635));
#9939=CARTESIAN_POINT('',(-0.9975,0.278,0.1635));
#9940=CARTESIAN_POINT('',(-0.9975,0.278,0.1515));
#9941=CARTESIAN_POINT('',(-0.9975,0.278,0.1515));
#9942=CARTESIAN_POINT('',(-0.9975,0.278,0.1635));
#9943=CARTESIAN_POINT('',(-0.9975,0.278,0.1635));
#9944=CARTESIAN_POINT('',(0.,0.278,0.));
#9945=CARTESIAN_POINT('',(0.963741760959246,0.278,0.387244405833178));
#9946=CARTESIAN_POINT('',(0.918788969749337,0.278,0.498506468381192));
#9947=CARTESIAN_POINT('',(0.918788969749337,0.278,0.498506468381192));
#9948=CARTESIAN_POINT('',(0.963741760959246,0.278,0.387244405833178));
#9949=CARTESIAN_POINT('',(0.963741760959246,0.278,0.387244405833178));
#9950=CARTESIAN_POINT('',(0.963741760959246,0.278,0.387244405833178));
#9951=CARTESIAN_POINT('',(1.03049899848806,0.278,0.414216080559123));
#9952=CARTESIAN_POINT('',(1.03049899848806,0.278,0.414216080559123));
#9953=CARTESIAN_POINT('',(1.03049899848806,0.278,0.414216080559123));
#9954=CARTESIAN_POINT('',(1.03049899848806,0.278,0.414216080559123));
#9955=CARTESIAN_POINT('',(1.02150844024607,0.278,0.436468493068726));
#9956=CARTESIAN_POINT('',(1.02150844024607,0.278,0.436468493068726));
#9957=CARTESIAN_POINT('',(1.02150844024607,0.278,0.436468493068726));
#9958=CARTESIAN_POINT('',(1.02150844024607,0.278,0.436468493068726));
#9959=CARTESIAN_POINT('',(0.977003615226867,0.278,0.418487376584763));
#9960=CARTESIAN_POINT('',(0.977003615226867,0.278,0.418487376584763));
#9961=CARTESIAN_POINT('',(0.977003615226867,0.278,0.418487376584763));
#9962=CARTESIAN_POINT('',(0.977003615226867,0.278,0.418487376584763));
#9963=CARTESIAN_POINT('',(0.968013056984885,0.278,0.440739789094365));
#9964=CARTESIAN_POINT('',(0.968013056984885,0.278,0.440739789094365));
#9965=CARTESIAN_POINT('',(0.968013056984885,0.278,0.440739789094365));
#9966=CARTESIAN_POINT('',(0.968013056984885,0.278,0.440739789094365));
#9967=CARTESIAN_POINT('',(1.01251788200409,0.278,0.458720905578329));
#9968=CARTESIAN_POINT('',(1.01251788200409,0.278,0.458720905578329));
#9969=CARTESIAN_POINT('',(1.01251788200409,0.278,0.458720905578329));
#9970=CARTESIAN_POINT('',(1.01251788200409,0.278,0.458720905578329));
#9971=CARTESIAN_POINT('',(1.00352732376211,0.278,0.480973318087932));
#9972=CARTESIAN_POINT('',(1.00352732376211,0.278,0.480973318087932));
#9973=CARTESIAN_POINT('',(1.00352732376211,0.278,0.480973318087932));
#9974=CARTESIAN_POINT('',(1.00352732376211,0.278,0.480973318087932));
#9975=CARTESIAN_POINT('',(0.959022498742904,0.278,0.462992201603968));
#9976=CARTESIAN_POINT('',(0.959022498742904,0.278,0.462992201603968));
#9977=CARTESIAN_POINT('',(0.959022498742904,0.278,0.462992201603968));
#9978=CARTESIAN_POINT('',(0.959022498742904,0.278,0.462992201603968));
#9979=CARTESIAN_POINT('',(0.94104138225894,0.278,0.507497026623174));
#9980=CARTESIAN_POINT('',(0.94104138225894,0.278,0.507497026623174));
#9981=CARTESIAN_POINT('',(0.94104138225894,0.278,0.507497026623174));
#9982=CARTESIAN_POINT('',(0.94104138225894,0.278,0.507497026623174));
#9983=CARTESIAN_POINT('',(0.874732110920835,0.278,0.35128217286525));
#9984=CARTESIAN_POINT('',(0.829779319710925,0.278,0.462544235413264));
#9985=CARTESIAN_POINT('',(0.829779319710925,0.278,0.462544235413264));
#9986=CARTESIAN_POINT('',(0.874732110920835,0.278,0.35128217286525));
#9987=CARTESIAN_POINT('',(0.874732110920835,0.278,0.35128217286525));
#9988=CARTESIAN_POINT('',(0.874732110920835,0.278,0.35128217286525));
#9989=CARTESIAN_POINT('',(0.941489348449643,0.278,0.378253847591196));
#9990=CARTESIAN_POINT('',(0.941489348449643,0.278,0.378253847591196));
#9991=CARTESIAN_POINT('',(0.941489348449643,0.278,0.378253847591196));
#9992=CARTESIAN_POINT('',(0.941489348449643,0.278,0.378253847591196));
#9993=CARTESIAN_POINT('',(0.932498790207662,0.278,0.400506260100799));
#9994=CARTESIAN_POINT('',(0.932498790207662,0.278,0.400506260100799));
#9995=CARTESIAN_POINT('',(0.932498790207662,0.278,0.400506260100799));
#9996=CARTESIAN_POINT('',(0.932498790207662,0.278,0.400506260100799));
#9997=CARTESIAN_POINT('',(0.887993965188456,0.278,0.382525143616835));
#9998=CARTESIAN_POINT('',(0.887993965188456,0.278,0.382525143616835));
#9999=CARTESIAN_POINT('',(0.887993965188456,0.278,0.382525143616835));
#10000=CARTESIAN_POINT('',(0.887993965188456,0.278,0.382525143616835));
#10001=CARTESIAN_POINT('',(0.879003406946474,0.278,0.404777556126438));
#10002=CARTESIAN_POINT('',(0.879003406946474,0.278,0.404777556126438));
#10003=CARTESIAN_POINT('',(0.879003406946474,0.278,0.404777556126438));
#10004=CARTESIAN_POINT('',(0.879003406946474,0.278,0.404777556126438));
#10005=CARTESIAN_POINT('',(0.92350823196568,0.278,0.422758672610402));
#10006=CARTESIAN_POINT('',(0.92350823196568,0.278,0.422758672610402));
#10007=CARTESIAN_POINT('',(0.92350823196568,0.278,0.422758672610402));
#10008=CARTESIAN_POINT('',(0.92350823196568,0.278,0.422758672610402));
#10009=CARTESIAN_POINT('',(0.914517673723698,0.278,0.445011085120004));
#10010=CARTESIAN_POINT('',(0.914517673723698,0.278,0.445011085120004));
#10011=CARTESIAN_POINT('',(0.914517673723698,0.278,0.445011085120004));
#10012=CARTESIAN_POINT('',(0.914517673723698,0.278,0.445011085120004));
#10013=CARTESIAN_POINT('',(0.870012848704492,0.278,0.427029968636041));
#10014=CARTESIAN_POINT('',(0.870012848704492,0.278,0.427029968636041));
#10015=CARTESIAN_POINT('',(0.870012848704492,0.278,0.427029968636041));
#10016=CARTESIAN_POINT('',(0.870012848704492,0.278,0.427029968636041));
#10017=CARTESIAN_POINT('',(0.852031732220528,0.278,0.471534793655247));
#10018=CARTESIAN_POINT('',(0.852031732220528,0.278,0.471534793655247));
#10019=CARTESIAN_POINT('',(0.852031732220528,0.278,0.471534793655246));
#10020=CARTESIAN_POINT('',(0.852031732220528,0.278,0.471534793655247));
#10021=CARTESIAN_POINT('',(0.776731902640441,0.278,0.337572352406925));
#10022=CARTESIAN_POINT('',(0.749760227914496,0.278,0.404329589935734));
#10023=CARTESIAN_POINT('',(0.749760227914496,0.278,0.404329589935734));
#10024=CARTESIAN_POINT('',(0.776731902640441,0.278,0.337572352406925));
#10025=CARTESIAN_POINT('',(0.776731902640441,0.278,0.337572352406925));
#10026=CARTESIAN_POINT('',(0.776731902640441,0.278,0.337572352406925));
#10027=CARTESIAN_POINT('',(0.798984315150044,0.278,0.346562910648907));
#10028=CARTESIAN_POINT('',(0.798984315150044,0.278,0.346562910648907));
#10029=CARTESIAN_POINT('',(0.807974873392026,0.278,0.324310498139304));
#10030=CARTESIAN_POINT('',(0.807974873392026,0.278,0.324310498139304));
#10031=CARTESIAN_POINT('',(0.830227285901629,0.278,0.333301056381286));
#10032=CARTESIAN_POINT('',(0.830227285901629,0.278,0.333301056381286));
#10033=CARTESIAN_POINT('',(0.830227285901629,0.278,0.333301056381286));
#10034=CARTESIAN_POINT('',(0.830227285901629,0.278,0.333301056381286));
#10035=CARTESIAN_POINT('',(0.821236727659647,0.278,0.355553468890889));
#10036=CARTESIAN_POINT('',(0.821236727659647,0.278,0.355553468890889));
#10037=CARTESIAN_POINT('',(0.84348914016925,0.278,0.364544027132871));
#10038=CARTESIAN_POINT('',(0.84348914016925,0.278,0.364544027132871));
#10039=CARTESIAN_POINT('',(0.816517465443304,0.278,0.43130126466168));
#10040=CARTESIAN_POINT('',(0.816517465443304,0.278,0.43130126466168));
#10041=CARTESIAN_POINT('',(0.816517465443304,0.278,0.43130126466168));
#10042=CARTESIAN_POINT('',(0.816517465443304,0.278,0.43130126466168));
#10043=CARTESIAN_POINT('',(0.794265052933701,0.278,0.422310706419698));
#10044=CARTESIAN_POINT('',(0.794265052933701,0.278,0.422310706419698));
#10045=CARTESIAN_POINT('',(0.78527449469172,0.278,0.444563118929301));
#10046=CARTESIAN_POINT('',(0.78527449469172,0.278,0.444563118929301));
#10047=CARTESIAN_POINT('',(0.763022082182117,0.278,0.435572560687319));
#10048=CARTESIAN_POINT('',(0.763022082182117,0.278,0.435572560687319));
#10049=CARTESIAN_POINT('',(0.763022082182117,0.278,0.435572560687319));
#10050=CARTESIAN_POINT('',(0.763022082182117,0.278,0.435572560687319));
#10051=CARTESIAN_POINT('',(0.918788969749337,0.278,0.498506468381192));
#10052=CARTESIAN_POINT('',(0.918788969749337,0.278,0.498506468381192));
#10053=CARTESIAN_POINT('',(0.829779319710925,0.278,0.462544235413264));
#10054=CARTESIAN_POINT('',(0.829779319710925,0.278,0.462544235413264));
#10055=CARTESIAN_POINT('',(0.772012640424099,0.278,0.413320148177716));
#10056=CARTESIAN_POINT('',(0.772012640424099,0.278,0.413320148177716));
#10057=CARTESIAN_POINT('',(0.,0.278,0.));
#10058=CARTESIAN_POINT('',(0.,0.278,0.));
#10059=CARTESIAN_POINT('',(1.125,0.293,0.796));
#10060=CARTESIAN_POINT('',(0.794489036029053,0.293,0.357689116903709));
#10061=CARTESIAN_POINT('',(0.794489036029053,0.293,0.357689116903709));
#10062=CARTESIAN_POINT('',(0.776507919545089,0.293,0.402193941922915));
#10063=CARTESIAN_POINT('',(0.787634125799891,0.293,0.406689221043905));
#10064=CARTESIAN_POINT('',(0.7831388466789,0.293,0.417815427298707));
#10065=CARTESIAN_POINT('',(0.787634125799891,0.293,0.406689221043906));
#10066=CARTESIAN_POINT('',(0.798760332054692,0.293,0.411184500164897));
#10067=CARTESIAN_POINT('',(0.798760332054692,0.293,0.411184500164897));
#10068=CARTESIAN_POINT('',(0.816741448538656,0.293,0.366679675145691));
#10069=CARTESIAN_POINT('',(0.805615242283855,0.293,0.3621843960247));
#10070=CARTESIAN_POINT('',(0.810110521404846,0.293,0.351058189769898));
#10071=CARTESIAN_POINT('',(0.805615242283855,0.293,0.362184396024699));
#10072=CARTESIAN_POINT('',(0.787634125799891,0.278,0.406689221043905));
#10073=CARTESIAN_POINT('',(0.776507919545089,0.278,0.402193941922915));
#10074=CARTESIAN_POINT('',(0.776507919545089,0.278,0.402193941922915));
#10075=CARTESIAN_POINT('',(0.787634125799891,0.278,0.406689221043905));
#10076=CARTESIAN_POINT('',(0.7831388466789,0.278,0.417815427298707));
#10077=CARTESIAN_POINT('',(0.7831388466789,0.278,0.417815427298707));
#10078=CARTESIAN_POINT('',(0.787634125799891,0.278,0.406689221043906));
#10079=CARTESIAN_POINT('',(0.787634125799891,0.278,0.406689221043906));
#10080=CARTESIAN_POINT('',(0.798760332054692,0.278,0.411184500164897));
#10081=CARTESIAN_POINT('',(0.798760332054692,0.278,0.411184500164897));
#10082=CARTESIAN_POINT('',(0.798760332054692,0.278,0.411184500164897));
#10083=CARTESIAN_POINT('',(0.798760332054692,0.278,0.411184500164897));
#10084=CARTESIAN_POINT('',(0.816741448538656,0.278,0.366679675145691));
#10085=CARTESIAN_POINT('',(0.816741448538656,0.278,0.366679675145691));
#10086=CARTESIAN_POINT('',(0.805615242283855,0.278,0.3621843960247));
#10087=CARTESIAN_POINT('',(0.805615242283855,0.278,0.3621843960247));
#10088=CARTESIAN_POINT('',(0.810110521404846,0.278,0.351058189769898));
#10089=CARTESIAN_POINT('',(0.810110521404846,0.278,0.351058189769898));
#10090=CARTESIAN_POINT('',(0.805615242283855,0.278,0.362184396024699));
#10091=CARTESIAN_POINT('',(0.805615242283855,0.278,0.362184396024699));
#10092=CARTESIAN_POINT('',(0.794489036029053,0.278,0.357689116903709));
#10093=CARTESIAN_POINT('',(0.794489036029053,0.278,0.357689116903709));
#10094=CARTESIAN_POINT('',(0.794489036029053,0.278,0.357689116903709));
#10095=CARTESIAN_POINT('',(0.794489036029053,0.278,0.357689116903709));
#10096=CARTESIAN_POINT('',(0.,0.278,0.));
#10097=CARTESIAN_POINT('',(0.843,-1.625,-0.568));
#10098=CARTESIAN_POINT('',(0.,-0.142,0.));
#10099=CARTESIAN_POINT('',(0.,-0.142,0.));
#10100=CARTESIAN_POINT('',(0.,-0.142,-0.18));
#10101=CARTESIAN_POINT('',(0.,-0.142,0.));
#10102=CARTESIAN_POINT('',(0.,-0.142,-0.228230897388471));
#10103=CARTESIAN_POINT('',(0.,-0.103,0.));
#10104=CARTESIAN_POINT('',(0.,-0.117165918668945,0.));
#10105=CARTESIAN_POINT('',(0.,-0.117165918668945,-0.264567198084398));
#10106=CARTESIAN_POINT('',(0.,-0.184,0.));
#10107=CARTESIAN_POINT('',(0.,-0.184,0.));
#10108=CARTESIAN_POINT('',(0.,-0.184,-0.62));
#10109=CARTESIAN_POINT('',(0.,-0.226,0.));
#10110=CARTESIAN_POINT('',(0.,-0.204,0.));
#10111=CARTESIAN_POINT('',(0.,-0.204,-0.62));
#10112=CARTESIAN_POINT('',(0.62,-0.204,0.));
#10113=CARTESIAN_POINT('',(0.,-0.204,0.));
#10114=CARTESIAN_POINT('',(0.,-0.204,-0.309202253186553));
#10115=CARTESIAN_POINT('',(0.,-0.103,0.));
#10116=CARTESIAN_POINT('',(0.,-0.226,0.));
#10117=CARTESIAN_POINT('',(0.,-0.226,-0.239002538087416));
#10118=CARTESIAN_POINT('',(0.239002538087416,-0.226,0.));
#10119=CARTESIAN_POINT('',(0.,-0.226,0.));
#10120=CARTESIAN_POINT('',(0.18,-0.226,0.));
#10121=CARTESIAN_POINT('',(0.,-0.226,0.));
#10122=CARTESIAN_POINT('',(0.,-0.589,-2.76770176607302E-17));
#10123=MECHANICAL_DESIGN_GEOMETRIC_PRESENTATION_REPRESENTATION('',(#5846,
#5847,#5848,#5849,#5850,#5851,#5852,#5853),#10124);
#10124=(
GEOMETRIC_REPRESENTATION_CONTEXT(3)
GLOBAL_UNCERTAINTY_ASSIGNED_CONTEXT((#10133))
GLOBAL_UNIT_ASSIGNED_CONTEXT((#10144,#10143,#10142))
REPRESENTATION_CONTEXT('PRE20605ZN-TPRB','TOP_LEVEL_ASSEMBLY_PART')
);
#10125=(
GEOMETRIC_REPRESENTATION_CONTEXT(3)
GLOBAL_UNCERTAINTY_ASSIGNED_CONTEXT((#10134))
GLOBAL_UNIT_ASSIGNED_CONTEXT((#10144,#10143,#10142))
REPRESENTATION_CONTEXT('605Regent Series0','COMPONENT_PART')
);
#10126=(
GEOMETRIC_REPRESENTATION_CONTEXT(3)
GLOBAL_UNCERTAINTY_ASSIGNED_CONTEXT((#10135))
GLOBAL_UNIT_ASSIGNED_CONTEXT((#10144,#10143,#10142))
REPRESENTATION_CONTEXT('PRE-HUR1','COMPONENT_PART')
);
#10127=(
GEOMETRIC_REPRESENTATION_CONTEXT(3)
GLOBAL_UNCERTAINTY_ASSIGNED_CONTEXT((#10136))
GLOBAL_UNIT_ASSIGNED_CONTEXT((#10144,#10143,#10142))
REPRESENTATION_CONTEXT('PRE20ZN_H','COMPONENT_PART')
);
#10128=(
GEOMETRIC_REPRESENTATION_CONTEXT(3)
GLOBAL_UNCERTAINTY_ASSIGNED_CONTEXT((#10137))
GLOBAL_UNIT_ASSIGNED_CONTEXT((#10144,#10143,#10142))
REPRESENTATION_CONTEXT('PRE2-B-AXLE','COMPONENT_PART')
);
#10129=(
GEOMETRIC_REPRESENTATION_CONTEXT(3)
GLOBAL_UNCERTAINTY_ASSIGNED_CONTEXT((#10138))
GLOBAL_UNIT_ASSIGNED_CONTEXT((#10144,#10143,#10142))
REPRESENTATION_CONTEXT('007962_core','COMPONENT_PART')
);
#10130=(
GEOMETRIC_REPRESENTATION_CONTEXT(3)
GLOBAL_UNCERTAINTY_ASSIGNED_CONTEXT((#10139))
GLOBAL_UNIT_ASSIGNED_CONTEXT((#10144,#10143,#10142))
REPRESENTATION_CONTEXT('007962_tread','COMPONENT_PART')
);
#10131=(
GEOMETRIC_REPRESENTATION_CONTEXT(3)
GLOBAL_UNCERTAINTY_ASSIGNED_CONTEXT((#10140))
GLOBAL_UNIT_ASSIGNED_CONTEXT((#10144,#10143,#10142))
REPRESENTATION_CONTEXT('SB','COMPONENT_PART')
);
#10132=(
GEOMETRIC_REPRESENTATION_CONTEXT(3)
GLOBAL_UNCERTAINTY_ASSIGNED_CONTEXT((#10141))
GLOBAL_UNIT_ASSIGNED_CONTEXT((#10144,#10143,#10142))
REPRESENTATION_CONTEXT('PRE-W1','COMPONENT_PART')
);
#10133=UNCERTAINTY_MEASURE_WITH_UNIT(LENGTH_MEASURE(3.93700787401575E-7),
#10144,'DISTANCE_ACCURACY_VALUE','Maximum Tolerance applied to model');
#10134=UNCERTAINTY_MEASURE_WITH_UNIT(LENGTH_MEASURE(3.93700787401575E-7),
#10144,'DISTANCE_ACCURACY_VALUE','Maximum Tolerance applied to model');
#10135=UNCERTAINTY_MEASURE_WITH_UNIT(LENGTH_MEASURE(3.93700787401575E-7),
#10144,'DISTANCE_ACCURACY_VALUE','Maximum Tolerance applied to model');
#10136=UNCERTAINTY_MEASURE_WITH_UNIT(LENGTH_MEASURE(0.00078740157480315),
#10144,'DISTANCE_ACCURACY_VALUE','Maximum Tolerance applied to model');
#10137=UNCERTAINTY_MEASURE_WITH_UNIT(LENGTH_MEASURE(3.93700787401575E-7),
#10144,'DISTANCE_ACCURACY_VALUE','Maximum Tolerance applied to model');
#10138=UNCERTAINTY_MEASURE_WITH_UNIT(LENGTH_MEASURE(3.93700787401575E-7),
#10144,'DISTANCE_ACCURACY_VALUE','Maximum Tolerance applied to model');
#10139=UNCERTAINTY_MEASURE_WITH_UNIT(LENGTH_MEASURE(3.93700787401575E-7),
#10144,'DISTANCE_ACCURACY_VALUE','Maximum Tolerance applied to model');
#10140=UNCERTAINTY_MEASURE_WITH_UNIT(LENGTH_MEASURE(0.00078740157480315),
#10144,'DISTANCE_ACCURACY_VALUE','Maximum Tolerance applied to model');
#10141=UNCERTAINTY_MEASURE_WITH_UNIT(LENGTH_MEASURE(3.93700787401575E-7),
#10144,'DISTANCE_ACCURACY_VALUE','Maximum Tolerance applied to model');
#10142=(
NAMED_UNIT(*)
SI_UNIT($,.STERADIAN.)
SOLID_ANGLE_UNIT()
);
#10143=(
NAMED_UNIT(*)
PLANE_ANGLE_UNIT()
SI_UNIT($,.RADIAN.)
);
#10144=(
CONVERSION_BASED_UNIT('INCH',#10146)
LENGTH_UNIT()
NAMED_UNIT(#10145)
);
#10145=DIMENSIONAL_EXPONENTS(1.,0.,0.,0.,0.,0.,0.);
#10146=LENGTH_MEASURE_WITH_UNIT(LENGTH_MEASURE(25.4),#10147);
#10147=(
LENGTH_UNIT()
NAMED_UNIT(*)
SI_UNIT(.MILLI.,.METRE.)
);
#10148=PRODUCT_DEFINITION_SHAPE('','',#10165);
#10149=PRODUCT_DEFINITION_SHAPE('','',#10166);
#10150=PRODUCT_DEFINITION_SHAPE(' ','NAUO PRDDFN',#1018);
#10151=PRODUCT_DEFINITION_SHAPE('','',#10167);
#10152=PRODUCT_DEFINITION_SHAPE(' ','NAUO PRDDFN',#1019);
#10153=PRODUCT_DEFINITION_SHAPE('','',#10168);
#10154=PRODUCT_DEFINITION_SHAPE(' ','NAUO PRDDFN',#1020);
#10155=PRODUCT_DEFINITION_SHAPE('','',#10169);
#10156=PRODUCT_DEFINITION_SHAPE(' ','NAUO PRDDFN',#1021);
#10157=PRODUCT_DEFINITION_SHAPE('','',#10170);
#10158=PRODUCT_DEFINITION_SHAPE(' ','NAUO PRDDFN',#1022);
#10159=PRODUCT_DEFINITION_SHAPE('','',#10171);
#10160=PRODUCT_DEFINITION_SHAPE(' ','NAUO PRDDFN',#1023);
#10161=PRODUCT_DEFINITION_SHAPE('','',#10172);
#10162=PRODUCT_DEFINITION_SHAPE(' ','NAUO PRDDFN',#1024);
#10163=PRODUCT_DEFINITION_SHAPE('','',#10173);
#10164=PRODUCT_DEFINITION_SHAPE(' ','NAUO PRDDFN',#1025);
#10165=PRODUCT_DEFINITION('','',#10183,#10174);
#10166=PRODUCT_DEFINITION('','',#10184,#10175);
#10167=PRODUCT_DEFINITION('','',#10185,#10176);
#10168=PRODUCT_DEFINITION('','',#10186,#10177);
#10169=PRODUCT_DEFINITION('','',#10187,#10178);
#10170=PRODUCT_DEFINITION('','',#10188,#10179);
#10171=PRODUCT_DEFINITION('','',#10189,#10180);
#10172=PRODUCT_DEFINITION('','',#10190,#10181);
#10173=PRODUCT_DEFINITION('','',#10191,#10182);
#10174=PRODUCT_DEFINITION_CONTEXT('',#10229,'design');
#10175=PRODUCT_DEFINITION_CONTEXT('',#10229,'design');
#10176=PRODUCT_DEFINITION_CONTEXT('',#10229,'design');
#10177=PRODUCT_DEFINITION_CONTEXT('',#10229,'design');
#10178=PRODUCT_DEFINITION_CONTEXT('',#10229,'design');
#10179=PRODUCT_DEFINITION_CONTEXT('',#10229,'design');
#10180=PRODUCT_DEFINITION_CONTEXT('',#10229,'design');
#10181=PRODUCT_DEFINITION_CONTEXT('',#10229,'design');
#10182=PRODUCT_DEFINITION_CONTEXT('',#10229,'design');
#10183=PRODUCT_DEFINITION_FORMATION_WITH_SPECIFIED_SOURCE('','',#10201,
 .NOT_KNOWN.);
#10184=PRODUCT_DEFINITION_FORMATION_WITH_SPECIFIED_SOURCE('','',#10202,
 .NOT_KNOWN.);
#10185=PRODUCT_DEFINITION_FORMATION_WITH_SPECIFIED_SOURCE('','',#10203,
 .NOT_KNOWN.);
#10186=PRODUCT_DEFINITION_FORMATION_WITH_SPECIFIED_SOURCE('','',#10204,
 .NOT_KNOWN.);
#10187=PRODUCT_DEFINITION_FORMATION_WITH_SPECIFIED_SOURCE('','',#10205,
 .NOT_KNOWN.);
#10188=PRODUCT_DEFINITION_FORMATION_WITH_SPECIFIED_SOURCE('','',#10206,
 .NOT_KNOWN.);
#10189=PRODUCT_DEFINITION_FORMATION_WITH_SPECIFIED_SOURCE('','',#10207,
 .NOT_KNOWN.);
#10190=PRODUCT_DEFINITION_FORMATION_WITH_SPECIFIED_SOURCE('','',#10208,
 .NOT_KNOWN.);
#10191=PRODUCT_DEFINITION_FORMATION_WITH_SPECIFIED_SOURCE('','',#10209,
 .NOT_KNOWN.);
#10192=PRODUCT_RELATED_PRODUCT_CATEGORY('','',(#10201));
#10193=PRODUCT_RELATED_PRODUCT_CATEGORY('','',(#10202));
#10194=PRODUCT_RELATED_PRODUCT_CATEGORY('','',(#10203));
#10195=PRODUCT_RELATED_PRODUCT_CATEGORY('','',(#10204));
#10196=PRODUCT_RELATED_PRODUCT_CATEGORY('','',(#10205));
#10197=PRODUCT_RELATED_PRODUCT_CATEGORY('','',(#10206));
#10198=PRODUCT_RELATED_PRODUCT_CATEGORY('','',(#10207));
#10199=PRODUCT_RELATED_PRODUCT_CATEGORY('','',(#10208));
#10200=PRODUCT_RELATED_PRODUCT_CATEGORY('','',(#10209));
#10201=PRODUCT('PRE20605ZN-TPRB','PRE20605ZN-TPRB','PRE20605ZN-TPRB',(#10219));
#10202=PRODUCT('605Regent Series0','605Regent Series0',
'605Regent Series0',(#10220));
#10203=PRODUCT('PRE-HUR1','PRE-HUR1','PRE-HUR1',(#10221));
#10204=PRODUCT('PRE20ZN_H','PRE20ZN_H','PRE20ZN_H',(#10222));
#10205=PRODUCT('PRE2-B-AXLE','PRE2-B-AXLE','PRE2-B-AXLE',(#10223));
#10206=PRODUCT('007962_core','007962_core','007962_core',(#10224));
#10207=PRODUCT('007962_tread','007962_tread','007962_tread',(#10225));
#10208=PRODUCT('SB','SB','SB',(#10226));
#10209=PRODUCT('PRE-W1','PRE-W1','PRE-W1',(#10227));
#10210=PRODUCT_CATEGORY('','');
#10211=PRODUCT_CATEGORY('','');
#10212=PRODUCT_CATEGORY('','');
#10213=PRODUCT_CATEGORY('','');
#10214=PRODUCT_CATEGORY('','');
#10215=PRODUCT_CATEGORY('','');
#10216=PRODUCT_CATEGORY('','');
#10217=PRODUCT_CATEGORY('','');
#10218=PRODUCT_CATEGORY('','');
#10219=PRODUCT_CONTEXT('',#10229,'mechanical');
#10220=PRODUCT_CONTEXT('',#10229,'mechanical');
#10221=PRODUCT_CONTEXT('',#10229,'mechanical');
#10222=PRODUCT_CONTEXT('',#10229,'mechanical');
#10223=PRODUCT_CONTEXT('',#10229,'mechanical');
#10224=PRODUCT_CONTEXT('',#10229,'mechanical');
#10225=PRODUCT_CONTEXT('',#10229,'mechanical');
#10226=PRODUCT_CONTEXT('',#10229,'mechanical');
#10227=PRODUCT_CONTEXT('',#10229,'mechanical');
#10228=APPLICATION_PROTOCOL_DEFINITION('international standard',
'ap242_managed_model_based_3d_engineering',2011,#10229);
#10229=APPLICATION_CONTEXT('managed model based 3d engineering');
ENDSEC;
END-ISO-10303-21;
