ISO-10303-21;
HEADER;
/* Generated by software containing ST-Developer
 * from STEP Tools, Inc. (www.steptools.com) 
 */
/* OPTION: using custom renumber hook */

FILE_DESCRIPTION(
/* description */ ('STEP AP242 Edition 2',
'CAx-IF Rec.Pracs.---Representation and Presentation of Product Manufa
cturing Information (PMI)---4.0---2014-10-13',
'CAx-IF Rec.Pracs.---3D Tessellated Geometry---0.4---2014-09-14','2;1',
'CAx-IF Rec.Pracs.---User Defined Attributes---1.5---2016-08-15'),
/* implementation_level */ '2;1');

FILE_NAME(
/* name */ 'BNO085 imu',
/* time_stamp */ '2026-06-23T03:01:29Z',
/* author */ (''),
/* organization */ (''),
/* preprocessor_version */ 'ST-DEVELOPER v20',
/* originating_system */ 'ONSHAPE BY PTC INC, 1.216',
/* authorisation */ '  ');

FILE_SCHEMA (('AP242_MANAGED_MODEL_BASED_3D_ENGINEERING_MIM_LF { 1 0 10303 442 3 1 4 }'));
ENDSEC;

DATA;
#10=CYLINDRICAL_SURFACE('',#3667,0.001);
#11=CYLINDRICAL_SURFACE('',#3668,0.0005);
#12=CYLINDRICAL_SURFACE('',#3697,0.001);
#13=CYLINDRICAL_SURFACE('',#3698,0.0005);
#14=CYLINDRICAL_SURFACE('',#3713,0.001);
#15=CYLINDRICAL_SURFACE('',#3714,0.0005);
#16=CYLINDRICAL_SURFACE('',#3716,0.00225);
#17=CYLINDRICAL_SURFACE('',#3747,0.00225);
#18=CYLINDRICAL_SURFACE('',#3748,0.001);
#19=CYLINDRICAL_SURFACE('',#3749,0.001);
#20=CYLINDRICAL_SURFACE('',#3750,0.001);
#21=CYLINDRICAL_SURFACE('',#3751,0.001);
#22=CYLINDRICAL_SURFACE('',#3752,0.001);
#23=CYLINDRICAL_SURFACE('',#3753,0.001);
#24=CYLINDRICAL_SURFACE('',#3754,0.001);
#25=CYLINDRICAL_SURFACE('',#3755,0.001);
#26=CYLINDRICAL_SURFACE('',#3756,0.001);
#27=CYLINDRICAL_SURFACE('',#3757,0.001);
#28=CYLINDRICAL_SURFACE('',#3779,0.001);
#29=CYLINDRICAL_SURFACE('',#3780,0.0005);
#30=CYLINDRICAL_SURFACE('',#3788,0.001);
#31=CYLINDRICAL_SURFACE('',#3789,0.0005);
#32=CYLINDRICAL_SURFACE('',#3811,0.001);
#33=CYLINDRICAL_SURFACE('',#3812,0.0005);
#34=CYLINDRICAL_SURFACE('',#3834,0.001);
#35=CYLINDRICAL_SURFACE('',#3835,0.0005);
#36=CYLINDRICAL_SURFACE('',#3843,0.001);
#37=CYLINDRICAL_SURFACE('',#3844,0.0005);
#38=CYLINDRICAL_SURFACE('',#3859,0.001);
#39=CYLINDRICAL_SURFACE('',#3860,0.0005);
#40=CYLINDRICAL_SURFACE('',#3868,0.001);
#41=CYLINDRICAL_SURFACE('',#3869,0.0005);
#42=CYLINDRICAL_SURFACE('',#3884,0.001);
#43=CYLINDRICAL_SURFACE('',#3885,0.0005);
#44=CYLINDRICAL_SURFACE('',#3893,0.001);
#45=CYLINDRICAL_SURFACE('',#3894,0.0005);
#46=CYLINDRICAL_SURFACE('',#3909,0.001);
#47=CYLINDRICAL_SURFACE('',#3910,0.0005);
#48=CYLINDRICAL_SURFACE('',#3915,0.00175);
#49=CYLINDRICAL_SURFACE('',#3917,0.00225);
#50=CYLINDRICAL_SURFACE('',#3927,0.00225);
#51=CYLINDRICAL_SURFACE('',#3928,0.00175);
#52=CYLINDRICAL_SURFACE('',#3936,0.001);
#53=CYLINDRICAL_SURFACE('',#3937,0.0005);
#54=CYLINDRICAL_SURFACE('',#3945,0.001);
#55=CYLINDRICAL_SURFACE('',#3946,0.0005);
#56=CYLINDRICAL_SURFACE('',#3954,0.001);
#57=CYLINDRICAL_SURFACE('',#3955,0.0005);
#58=CYLINDRICAL_SURFACE('',#3963,0.001);
#59=CYLINDRICAL_SURFACE('',#3964,0.0005);
#60=CYLINDRICAL_SURFACE('',#3972,0.001);
#61=CYLINDRICAL_SURFACE('',#3973,0.0005);
#62=CYLINDRICAL_SURFACE('',#3981,0.001);
#63=CYLINDRICAL_SURFACE('',#3982,0.0005);
#64=CYLINDRICAL_SURFACE('',#3990,0.001);
#65=CYLINDRICAL_SURFACE('',#3991,0.0005);
#66=CYLINDRICAL_SURFACE('',#3999,0.001);
#67=CYLINDRICAL_SURFACE('',#4000,0.0005);
#68=CYLINDRICAL_SURFACE('',#4008,0.001);
#69=CYLINDRICAL_SURFACE('',#4009,0.0005);
#70=CYLINDRICAL_SURFACE('',#4017,0.001);
#71=CYLINDRICAL_SURFACE('',#4018,0.0005);
#72=CYLINDRICAL_SURFACE('',#4026,0.001);
#73=CYLINDRICAL_SURFACE('',#4027,0.0005);
#74=CYLINDRICAL_SURFACE('',#4035,0.001);
#75=CYLINDRICAL_SURFACE('',#4036,0.0005);
#76=CYLINDRICAL_SURFACE('',#4044,0.001);
#77=CYLINDRICAL_SURFACE('',#4045,0.0005);
#78=CYLINDRICAL_SURFACE('',#4053,0.001);
#79=CYLINDRICAL_SURFACE('',#4054,0.0005);
#80=CYLINDRICAL_SURFACE('',#4062,0.001);
#81=CYLINDRICAL_SURFACE('',#4063,0.0005);
#82=CYLINDRICAL_SURFACE('',#4071,0.001);
#83=CYLINDRICAL_SURFACE('',#4072,0.0005);
#84=CYLINDRICAL_SURFACE('',#4080,0.001);
#85=CYLINDRICAL_SURFACE('',#4081,0.0005);
#86=CIRCLE('',#3662,0.001);
#87=CIRCLE('',#3663,0.0005);
#88=CIRCLE('',#3665,0.0005);
#89=CIRCLE('',#3666,0.001);
#90=CIRCLE('',#3692,0.001);
#91=CIRCLE('',#3693,0.0005);
#92=CIRCLE('',#3695,0.0005);
#93=CIRCLE('',#3696,0.001);
#94=CIRCLE('',#3708,0.001);
#95=CIRCLE('',#3709,0.0005);
#96=CIRCLE('',#3711,0.0005);
#97=CIRCLE('',#3712,0.001);
#98=CIRCLE('',#3717,0.00225);
#99=CIRCLE('',#3718,0.00225);
#100=CIRCLE('',#3724,0.001);
#101=CIRCLE('',#3725,0.001);
#102=CIRCLE('',#3726,0.001);
#103=CIRCLE('',#3727,0.001);
#104=CIRCLE('',#3728,0.001);
#105=CIRCLE('',#3729,0.001);
#106=CIRCLE('',#3730,0.001);
#107=CIRCLE('',#3731,0.001);
#108=CIRCLE('',#3732,0.001);
#109=CIRCLE('',#3733,0.001);
#110=CIRCLE('',#3734,0.00225);
#111=CIRCLE('',#3736,0.001);
#112=CIRCLE('',#3737,0.001);
#113=CIRCLE('',#3738,0.001);
#114=CIRCLE('',#3739,0.001);
#115=CIRCLE('',#3740,0.001);
#116=CIRCLE('',#3741,0.001);
#117=CIRCLE('',#3742,0.001);
#118=CIRCLE('',#3743,0.001);
#119=CIRCLE('',#3744,0.001);
#120=CIRCLE('',#3745,0.001);
#121=CIRCLE('',#3746,0.00225);
#122=CIRCLE('',#3774,0.001);
#123=CIRCLE('',#3775,0.0005);
#124=CIRCLE('',#3777,0.0005);
#125=CIRCLE('',#3778,0.001);
#126=CIRCLE('',#3783,0.001);
#127=CIRCLE('',#3784,0.0005);
#128=CIRCLE('',#3786,0.0005);
#129=CIRCLE('',#3787,0.001);
#130=CIRCLE('',#3806,0.001);
#131=CIRCLE('',#3807,0.0005);
#132=CIRCLE('',#3809,0.0005);
#133=CIRCLE('',#3810,0.001);
#134=CIRCLE('',#3829,0.001);
#135=CIRCLE('',#3830,0.0005);
#136=CIRCLE('',#3832,0.0005);
#137=CIRCLE('',#3833,0.001);
#138=CIRCLE('',#3838,0.001);
#139=CIRCLE('',#3839,0.0005);
#140=CIRCLE('',#3841,0.0005);
#141=CIRCLE('',#3842,0.001);
#142=CIRCLE('',#3854,0.001);
#143=CIRCLE('',#3855,0.0005);
#144=CIRCLE('',#3857,0.0005);
#145=CIRCLE('',#3858,0.001);
#146=CIRCLE('',#3863,0.001);
#147=CIRCLE('',#3864,0.0005);
#148=CIRCLE('',#3866,0.0005);
#149=CIRCLE('',#3867,0.001);
#150=CIRCLE('',#3879,0.001);
#151=CIRCLE('',#3880,0.0005);
#152=CIRCLE('',#3882,0.0005);
#153=CIRCLE('',#3883,0.001);
#154=CIRCLE('',#3888,0.001);
#155=CIRCLE('',#3889,0.0005);
#156=CIRCLE('',#3891,0.0005);
#157=CIRCLE('',#3892,0.001);
#158=CIRCLE('',#3904,0.001);
#159=CIRCLE('',#3905,0.0005);
#160=CIRCLE('',#3907,0.0005);
#161=CIRCLE('',#3908,0.001);
#162=CIRCLE('',#3913,0.00225);
#163=CIRCLE('',#3914,0.00175);
#164=CIRCLE('',#3916,0.00175);
#165=CIRCLE('',#3918,0.00225);
#166=CIRCLE('',#3922,0.00225);
#167=CIRCLE('',#3923,0.00175);
#168=CIRCLE('',#3925,0.00175);
#169=CIRCLE('',#3926,0.00225);
#170=CIRCLE('',#3931,0.001);
#171=CIRCLE('',#3932,0.0005);
#172=CIRCLE('',#3934,0.0005);
#173=CIRCLE('',#3935,0.001);
#174=CIRCLE('',#3940,0.001);
#175=CIRCLE('',#3941,0.0005);
#176=CIRCLE('',#3943,0.0005);
#177=CIRCLE('',#3944,0.001);
#178=CIRCLE('',#3949,0.001);
#179=CIRCLE('',#3950,0.0005);
#180=CIRCLE('',#3952,0.0005);
#181=CIRCLE('',#3953,0.001);
#182=CIRCLE('',#3958,0.001);
#183=CIRCLE('',#3959,0.0005);
#184=CIRCLE('',#3961,0.0005);
#185=CIRCLE('',#3962,0.001);
#186=CIRCLE('',#3967,0.001);
#187=CIRCLE('',#3968,0.0005);
#188=CIRCLE('',#3970,0.0005);
#189=CIRCLE('',#3971,0.001);
#190=CIRCLE('',#3976,0.001);
#191=CIRCLE('',#3977,0.0005);
#192=CIRCLE('',#3979,0.0005);
#193=CIRCLE('',#3980,0.001);
#194=CIRCLE('',#3985,0.001);
#195=CIRCLE('',#3986,0.0005);
#196=CIRCLE('',#3988,0.0005);
#197=CIRCLE('',#3989,0.001);
#198=CIRCLE('',#3994,0.001);
#199=CIRCLE('',#3995,0.0005);
#200=CIRCLE('',#3997,0.0005);
#201=CIRCLE('',#3998,0.001);
#202=CIRCLE('',#4003,0.001);
#203=CIRCLE('',#4004,0.0005);
#204=CIRCLE('',#4006,0.0005);
#205=CIRCLE('',#4007,0.001);
#206=CIRCLE('',#4012,0.001);
#207=CIRCLE('',#4013,0.0005);
#208=CIRCLE('',#4015,0.0005);
#209=CIRCLE('',#4016,0.001);
#210=CIRCLE('',#4021,0.001);
#211=CIRCLE('',#4022,0.0005);
#212=CIRCLE('',#4024,0.0005);
#213=CIRCLE('',#4025,0.001);
#214=CIRCLE('',#4030,0.001);
#215=CIRCLE('',#4031,0.0005);
#216=CIRCLE('',#4033,0.0005);
#217=CIRCLE('',#4034,0.001);
#218=CIRCLE('',#4039,0.001);
#219=CIRCLE('',#4040,0.0005);
#220=CIRCLE('',#4042,0.0005);
#221=CIRCLE('',#4043,0.001);
#222=CIRCLE('',#4048,0.001);
#223=CIRCLE('',#4049,0.0005);
#224=CIRCLE('',#4051,0.0005);
#225=CIRCLE('',#4052,0.001);
#226=CIRCLE('',#4057,0.001);
#227=CIRCLE('',#4058,0.0005);
#228=CIRCLE('',#4060,0.0005);
#229=CIRCLE('',#4061,0.001);
#230=CIRCLE('',#4066,0.001);
#231=CIRCLE('',#4067,0.0005);
#232=CIRCLE('',#4069,0.0005);
#233=CIRCLE('',#4070,0.001);
#234=CIRCLE('',#4075,0.001);
#235=CIRCLE('',#4076,0.0005);
#236=CIRCLE('',#4078,0.0005);
#237=CIRCLE('',#4079,0.001);
#238=SHAPE_REPRESENTATION_RELATIONSHIP('','',#3606,#285);
#239=SHAPE_REPRESENTATION_RELATIONSHIP('','',#3607,#286);
#240=SHAPE_REPRESENTATION_RELATIONSHIP('','',#3608,#287);
#241=SHAPE_REPRESENTATION_RELATIONSHIP('','',#3609,#288);
#242=SHAPE_REPRESENTATION_RELATIONSHIP('','',#3610,#289);
#243=SHAPE_REPRESENTATION_RELATIONSHIP('','',#3611,#290);
#244=SHAPE_REPRESENTATION_RELATIONSHIP('','',#3612,#291);
#245=SHAPE_REPRESENTATION_RELATIONSHIP('','',#3613,#292);
#246=SHAPE_REPRESENTATION_RELATIONSHIP('','',#3614,#293);
#247=SHAPE_REPRESENTATION_RELATIONSHIP('','',#3615,#294);
#248=SHAPE_REPRESENTATION_RELATIONSHIP('','',#3616,#295);
#249=SHAPE_REPRESENTATION_RELATIONSHIP('','',#3617,#296);
#250=SHAPE_REPRESENTATION_RELATIONSHIP('','',#3618,#297);
#251=SHAPE_REPRESENTATION_RELATIONSHIP('','',#3619,#298);
#252=SHAPE_REPRESENTATION_RELATIONSHIP('','',#3620,#299);
#253=SHAPE_REPRESENTATION_RELATIONSHIP('','',#3621,#300);
#254=SHAPE_REPRESENTATION_RELATIONSHIP('','',#3622,#301);
#255=SHAPE_REPRESENTATION_RELATIONSHIP('','',#3623,#302);
#256=SHAPE_REPRESENTATION_RELATIONSHIP('','',#3624,#303);
#257=SHAPE_REPRESENTATION_RELATIONSHIP('','',#3625,#304);
#258=SHAPE_REPRESENTATION_RELATIONSHIP('','',#3626,#305);
#259=SHAPE_REPRESENTATION_RELATIONSHIP('','',#3627,#306);
#260=SHAPE_REPRESENTATION_RELATIONSHIP('','',#3628,#307);
#261=SHAPE_REPRESENTATION_RELATIONSHIP('','',#3629,#308);
#262=SHAPE_REPRESENTATION_RELATIONSHIP('','',#3630,#309);
#263=SHAPE_REPRESENTATION_RELATIONSHIP('','',#3631,#310);
#264=SHAPE_REPRESENTATION_RELATIONSHIP('','',#3632,#311);
#265=SHAPE_REPRESENTATION_RELATIONSHIP('','',#3633,#312);
#266=SHAPE_REPRESENTATION_RELATIONSHIP('','',#3634,#313);
#267=SHAPE_REPRESENTATION_RELATIONSHIP('','',#3635,#314);
#268=SHAPE_REPRESENTATION_RELATIONSHIP('','',#3636,#315);
#269=SHAPE_REPRESENTATION_RELATIONSHIP('','',#3637,#316);
#270=SHAPE_REPRESENTATION_RELATIONSHIP('','',#3638,#317);
#271=SHAPE_REPRESENTATION_RELATIONSHIP('','',#3639,#318);
#272=SHAPE_REPRESENTATION_RELATIONSHIP('','',#3640,#319);
#273=SHAPE_REPRESENTATION_RELATIONSHIP('','',#3641,#320);
#274=SHAPE_REPRESENTATION_RELATIONSHIP('','',#3642,#321);
#275=SHAPE_REPRESENTATION_RELATIONSHIP('','',#3643,#322);
#276=SHAPE_REPRESENTATION_RELATIONSHIP('','',#3644,#323);
#277=SHAPE_REPRESENTATION_RELATIONSHIP('','',#3645,#324);
#278=SHAPE_REPRESENTATION_RELATIONSHIP('','',#3646,#325);
#279=SHAPE_REPRESENTATION_RELATIONSHIP('','',#3647,#326);
#280=SHAPE_REPRESENTATION_RELATIONSHIP('','',#3648,#327);
#281=SHAPE_REPRESENTATION_RELATIONSHIP('','',#3649,#328);
#282=SHAPE_REPRESENTATION_RELATIONSHIP('','',#3650,#329);
#283=SHAPE_REPRESENTATION_RELATIONSHIP('','',#3651,#330);
#284=SHAPE_REPRESENTATION_RELATIONSHIP('','',#3652,#331);
#285=ADVANCED_BREP_SHAPE_REPRESENTATION('',(#3512),#6048);
#286=ADVANCED_BREP_SHAPE_REPRESENTATION('',(#3513),#6049);
#287=ADVANCED_BREP_SHAPE_REPRESENTATION('',(#3514),#6050);
#288=ADVANCED_BREP_SHAPE_REPRESENTATION('',(#3515),#6051);
#289=ADVANCED_BREP_SHAPE_REPRESENTATION('',(#3516),#6052);
#290=ADVANCED_BREP_SHAPE_REPRESENTATION('',(#3517),#6053);
#291=ADVANCED_BREP_SHAPE_REPRESENTATION('',(#3518),#6054);
#292=ADVANCED_BREP_SHAPE_REPRESENTATION('',(#3519),#6055);
#293=ADVANCED_BREP_SHAPE_REPRESENTATION('',(#3520),#6056);
#294=ADVANCED_BREP_SHAPE_REPRESENTATION('',(#3521),#6057);
#295=ADVANCED_BREP_SHAPE_REPRESENTATION('',(#3522),#6058);
#296=ADVANCED_BREP_SHAPE_REPRESENTATION('',(#3523),#6059);
#297=ADVANCED_BREP_SHAPE_REPRESENTATION('',(#3524),#6060);
#298=ADVANCED_BREP_SHAPE_REPRESENTATION('',(#3525),#6061);
#299=ADVANCED_BREP_SHAPE_REPRESENTATION('',(#3526),#6062);
#300=ADVANCED_BREP_SHAPE_REPRESENTATION('',(#3527),#6063);
#301=ADVANCED_BREP_SHAPE_REPRESENTATION('',(#3528),#6064);
#302=ADVANCED_BREP_SHAPE_REPRESENTATION('',(#3529),#6065);
#303=ADVANCED_BREP_SHAPE_REPRESENTATION('',(#3530),#6066);
#304=ADVANCED_BREP_SHAPE_REPRESENTATION('',(#3531),#6067);
#305=ADVANCED_BREP_SHAPE_REPRESENTATION('',(#3532),#6068);
#306=ADVANCED_BREP_SHAPE_REPRESENTATION('',(#3533),#6069);
#307=ADVANCED_BREP_SHAPE_REPRESENTATION('',(#3534),#6070);
#308=ADVANCED_BREP_SHAPE_REPRESENTATION('',(#3535),#6071);
#309=ADVANCED_BREP_SHAPE_REPRESENTATION('',(#3536),#6072);
#310=ADVANCED_BREP_SHAPE_REPRESENTATION('',(#3537),#6073);
#311=ADVANCED_BREP_SHAPE_REPRESENTATION('',(#3538),#6074);
#312=ADVANCED_BREP_SHAPE_REPRESENTATION('',(#3539),#6075);
#313=ADVANCED_BREP_SHAPE_REPRESENTATION('',(#3540),#6076);
#314=ADVANCED_BREP_SHAPE_REPRESENTATION('',(#3541),#6077);
#315=ADVANCED_BREP_SHAPE_REPRESENTATION('',(#3542),#6078);
#316=ADVANCED_BREP_SHAPE_REPRESENTATION('',(#3543),#6079);
#317=ADVANCED_BREP_SHAPE_REPRESENTATION('',(#3544),#6080);
#318=ADVANCED_BREP_SHAPE_REPRESENTATION('',(#3545),#6081);
#319=ADVANCED_BREP_SHAPE_REPRESENTATION('',(#3546),#6082);
#320=ADVANCED_BREP_SHAPE_REPRESENTATION('',(#3547),#6083);
#321=ADVANCED_BREP_SHAPE_REPRESENTATION('',(#3548),#6084);
#322=ADVANCED_BREP_SHAPE_REPRESENTATION('',(#3549),#6085);
#323=ADVANCED_BREP_SHAPE_REPRESENTATION('',(#3550),#6086);
#324=ADVANCED_BREP_SHAPE_REPRESENTATION('',(#3551),#6087);
#325=ADVANCED_BREP_SHAPE_REPRESENTATION('',(#3552),#6088);
#326=ADVANCED_BREP_SHAPE_REPRESENTATION('',(#3553),#6089);
#327=ADVANCED_BREP_SHAPE_REPRESENTATION('',(#3554),#6090);
#328=ADVANCED_BREP_SHAPE_REPRESENTATION('',(#3555),#6091);
#329=ADVANCED_BREP_SHAPE_REPRESENTATION('',(#3556),#6092);
#330=ADVANCED_BREP_SHAPE_REPRESENTATION('',(#3557),#6093);
#331=ADVANCED_BREP_SHAPE_REPRESENTATION('',(#3558),#6094);
#332=ORIENTED_EDGE('',*,*,#996,.T.);
#333=ORIENTED_EDGE('',*,*,#997,.F.);
#334=ORIENTED_EDGE('',*,*,#998,.F.);
#335=ORIENTED_EDGE('',*,*,#999,.T.);
#336=ORIENTED_EDGE('',*,*,#1000,.F.);
#337=ORIENTED_EDGE('',*,*,#999,.F.);
#338=ORIENTED_EDGE('',*,*,#1001,.T.);
#339=ORIENTED_EDGE('',*,*,#1002,.T.);
#340=ORIENTED_EDGE('',*,*,#1003,.F.);
#341=ORIENTED_EDGE('',*,*,#1002,.F.);
#342=ORIENTED_EDGE('',*,*,#1004,.T.);
#343=ORIENTED_EDGE('',*,*,#1005,.T.);
#344=ORIENTED_EDGE('',*,*,#1006,.T.);
#345=ORIENTED_EDGE('',*,*,#1005,.F.);
#346=ORIENTED_EDGE('',*,*,#1007,.F.);
#347=ORIENTED_EDGE('',*,*,#997,.T.);
#348=ORIENTED_EDGE('',*,*,#998,.T.);
#349=ORIENTED_EDGE('',*,*,#1007,.T.);
#350=ORIENTED_EDGE('',*,*,#1004,.F.);
#351=ORIENTED_EDGE('',*,*,#1001,.F.);
#352=ORIENTED_EDGE('',*,*,#996,.F.);
#353=ORIENTED_EDGE('',*,*,#1000,.T.);
#354=ORIENTED_EDGE('',*,*,#1003,.T.);
#355=ORIENTED_EDGE('',*,*,#1006,.F.);
#356=ORIENTED_EDGE('',*,*,#1008,.T.);
#357=ORIENTED_EDGE('',*,*,#1009,.F.);
#358=ORIENTED_EDGE('',*,*,#1010,.F.);
#359=ORIENTED_EDGE('',*,*,#1011,.T.);
#360=ORIENTED_EDGE('',*,*,#1008,.F.);
#361=ORIENTED_EDGE('',*,*,#1011,.F.);
#362=ORIENTED_EDGE('',*,*,#1009,.T.);
#363=ORIENTED_EDGE('',*,*,#1010,.T.);
#364=ORIENTED_EDGE('',*,*,#1012,.F.);
#365=ORIENTED_EDGE('',*,*,#1013,.F.);
#366=ORIENTED_EDGE('',*,*,#1014,.T.);
#367=ORIENTED_EDGE('',*,*,#1015,.T.);
#368=ORIENTED_EDGE('',*,*,#1016,.T.);
#369=ORIENTED_EDGE('',*,*,#1017,.F.);
#370=ORIENTED_EDGE('',*,*,#1018,.F.);
#371=ORIENTED_EDGE('',*,*,#1013,.T.);
#372=ORIENTED_EDGE('',*,*,#1019,.T.);
#373=ORIENTED_EDGE('',*,*,#1020,.F.);
#374=ORIENTED_EDGE('',*,*,#1021,.F.);
#375=ORIENTED_EDGE('',*,*,#1017,.T.);
#376=ORIENTED_EDGE('',*,*,#1022,.F.);
#377=ORIENTED_EDGE('',*,*,#1015,.F.);
#378=ORIENTED_EDGE('',*,*,#1023,.T.);
#379=ORIENTED_EDGE('',*,*,#1020,.T.);
#380=ORIENTED_EDGE('',*,*,#1014,.F.);
#381=ORIENTED_EDGE('',*,*,#1018,.T.);
#382=ORIENTED_EDGE('',*,*,#1021,.T.);
#383=ORIENTED_EDGE('',*,*,#1023,.F.);
#384=ORIENTED_EDGE('',*,*,#1012,.T.);
#385=ORIENTED_EDGE('',*,*,#1022,.T.);
#386=ORIENTED_EDGE('',*,*,#1019,.F.);
#387=ORIENTED_EDGE('',*,*,#1016,.F.);
#388=ORIENTED_EDGE('',*,*,#1024,.F.);
#389=ORIENTED_EDGE('',*,*,#1025,.F.);
#390=ORIENTED_EDGE('',*,*,#1026,.T.);
#391=ORIENTED_EDGE('',*,*,#1027,.T.);
#392=ORIENTED_EDGE('',*,*,#1028,.T.);
#393=ORIENTED_EDGE('',*,*,#1029,.F.);
#394=ORIENTED_EDGE('',*,*,#1030,.F.);
#395=ORIENTED_EDGE('',*,*,#1025,.T.);
#396=ORIENTED_EDGE('',*,*,#1031,.T.);
#397=ORIENTED_EDGE('',*,*,#1032,.F.);
#398=ORIENTED_EDGE('',*,*,#1033,.F.);
#399=ORIENTED_EDGE('',*,*,#1029,.T.);
#400=ORIENTED_EDGE('',*,*,#1034,.F.);
#401=ORIENTED_EDGE('',*,*,#1027,.F.);
#402=ORIENTED_EDGE('',*,*,#1035,.T.);
#403=ORIENTED_EDGE('',*,*,#1032,.T.);
#404=ORIENTED_EDGE('',*,*,#1026,.F.);
#405=ORIENTED_EDGE('',*,*,#1030,.T.);
#406=ORIENTED_EDGE('',*,*,#1033,.T.);
#407=ORIENTED_EDGE('',*,*,#1035,.F.);
#408=ORIENTED_EDGE('',*,*,#1024,.T.);
#409=ORIENTED_EDGE('',*,*,#1034,.T.);
#410=ORIENTED_EDGE('',*,*,#1031,.F.);
#411=ORIENTED_EDGE('',*,*,#1028,.F.);
#412=ORIENTED_EDGE('',*,*,#1036,.T.);
#413=ORIENTED_EDGE('',*,*,#1037,.F.);
#414=ORIENTED_EDGE('',*,*,#1038,.F.);
#415=ORIENTED_EDGE('',*,*,#1039,.T.);
#416=ORIENTED_EDGE('',*,*,#1040,.T.);
#417=ORIENTED_EDGE('',*,*,#1041,.F.);
#418=ORIENTED_EDGE('',*,*,#1042,.F.);
#419=ORIENTED_EDGE('',*,*,#1037,.T.);
#420=ORIENTED_EDGE('',*,*,#1043,.F.);
#421=ORIENTED_EDGE('',*,*,#1044,.F.);
#422=ORIENTED_EDGE('',*,*,#1045,.T.);
#423=ORIENTED_EDGE('',*,*,#1041,.T.);
#424=ORIENTED_EDGE('',*,*,#1046,.F.);
#425=ORIENTED_EDGE('',*,*,#1039,.F.);
#426=ORIENTED_EDGE('',*,*,#1047,.T.);
#427=ORIENTED_EDGE('',*,*,#1044,.T.);
#428=ORIENTED_EDGE('',*,*,#1038,.T.);
#429=ORIENTED_EDGE('',*,*,#1042,.T.);
#430=ORIENTED_EDGE('',*,*,#1045,.F.);
#431=ORIENTED_EDGE('',*,*,#1047,.F.);
#432=ORIENTED_EDGE('',*,*,#1036,.F.);
#433=ORIENTED_EDGE('',*,*,#1046,.T.);
#434=ORIENTED_EDGE('',*,*,#1043,.T.);
#435=ORIENTED_EDGE('',*,*,#1040,.F.);
#436=ORIENTED_EDGE('',*,*,#1048,.T.);
#437=ORIENTED_EDGE('',*,*,#1049,.F.);
#438=ORIENTED_EDGE('',*,*,#1050,.F.);
#439=ORIENTED_EDGE('',*,*,#1051,.T.);
#440=ORIENTED_EDGE('',*,*,#1048,.F.);
#441=ORIENTED_EDGE('',*,*,#1051,.F.);
#442=ORIENTED_EDGE('',*,*,#1049,.T.);
#443=ORIENTED_EDGE('',*,*,#1050,.T.);
#444=ORIENTED_EDGE('',*,*,#1052,.F.);
#445=ORIENTED_EDGE('',*,*,#1053,.F.);
#446=ORIENTED_EDGE('',*,*,#1054,.T.);
#447=ORIENTED_EDGE('',*,*,#1055,.T.);
#448=ORIENTED_EDGE('',*,*,#1056,.T.);
#449=ORIENTED_EDGE('',*,*,#1057,.F.);
#450=ORIENTED_EDGE('',*,*,#1058,.F.);
#451=ORIENTED_EDGE('',*,*,#1053,.T.);
#452=ORIENTED_EDGE('',*,*,#1059,.T.);
#453=ORIENTED_EDGE('',*,*,#1060,.F.);
#454=ORIENTED_EDGE('',*,*,#1061,.F.);
#455=ORIENTED_EDGE('',*,*,#1057,.T.);
#456=ORIENTED_EDGE('',*,*,#1062,.F.);
#457=ORIENTED_EDGE('',*,*,#1055,.F.);
#458=ORIENTED_EDGE('',*,*,#1063,.T.);
#459=ORIENTED_EDGE('',*,*,#1060,.T.);
#460=ORIENTED_EDGE('',*,*,#1054,.F.);
#461=ORIENTED_EDGE('',*,*,#1058,.T.);
#462=ORIENTED_EDGE('',*,*,#1061,.T.);
#463=ORIENTED_EDGE('',*,*,#1063,.F.);
#464=ORIENTED_EDGE('',*,*,#1052,.T.);
#465=ORIENTED_EDGE('',*,*,#1062,.T.);
#466=ORIENTED_EDGE('',*,*,#1059,.F.);
#467=ORIENTED_EDGE('',*,*,#1056,.F.);
#468=ORIENTED_EDGE('',*,*,#1064,.T.);
#469=ORIENTED_EDGE('',*,*,#1065,.F.);
#470=ORIENTED_EDGE('',*,*,#1066,.F.);
#471=ORIENTED_EDGE('',*,*,#1067,.T.);
#472=ORIENTED_EDGE('',*,*,#1064,.F.);
#473=ORIENTED_EDGE('',*,*,#1067,.F.);
#474=ORIENTED_EDGE('',*,*,#1065,.T.);
#475=ORIENTED_EDGE('',*,*,#1066,.T.);
#476=ORIENTED_EDGE('',*,*,#1068,.F.);
#477=ORIENTED_EDGE('',*,*,#1069,.T.);
#478=ORIENTED_EDGE('',*,*,#1070,.T.);
#479=ORIENTED_EDGE('',*,*,#1071,.F.);
#480=ORIENTED_EDGE('',*,*,#1072,.F.);
#481=ORIENTED_EDGE('',*,*,#1073,.T.);
#482=ORIENTED_EDGE('',*,*,#1074,.F.);
#483=ORIENTED_EDGE('',*,*,#1073,.F.);
#484=ORIENTED_EDGE('',*,*,#1075,.T.);
#485=ORIENTED_EDGE('',*,*,#1076,.T.);
#486=ORIENTED_EDGE('',*,*,#1077,.F.);
#487=ORIENTED_EDGE('',*,*,#1076,.F.);
#488=ORIENTED_EDGE('',*,*,#1078,.T.);
#489=ORIENTED_EDGE('',*,*,#1079,.T.);
#490=ORIENTED_EDGE('',*,*,#1080,.T.);
#491=ORIENTED_EDGE('',*,*,#1079,.F.);
#492=ORIENTED_EDGE('',*,*,#1081,.F.);
#493=ORIENTED_EDGE('',*,*,#1071,.T.);
#494=ORIENTED_EDGE('',*,*,#1082,.T.);
#495=ORIENTED_EDGE('',*,*,#1083,.T.);
#496=ORIENTED_EDGE('',*,*,#1084,.T.);
#497=ORIENTED_EDGE('',*,*,#1085,.T.);
#498=ORIENTED_EDGE('',*,*,#1086,.T.);
#499=ORIENTED_EDGE('',*,*,#1087,.T.);
#500=ORIENTED_EDGE('',*,*,#1088,.T.);
#501=ORIENTED_EDGE('',*,*,#1089,.T.);
#502=ORIENTED_EDGE('',*,*,#1090,.T.);
#503=ORIENTED_EDGE('',*,*,#1091,.T.);
#504=ORIENTED_EDGE('',*,*,#1069,.F.);
#505=ORIENTED_EDGE('',*,*,#1092,.T.);
#506=ORIENTED_EDGE('',*,*,#1072,.T.);
#507=ORIENTED_EDGE('',*,*,#1081,.T.);
#508=ORIENTED_EDGE('',*,*,#1078,.F.);
#509=ORIENTED_EDGE('',*,*,#1075,.F.);
#510=ORIENTED_EDGE('',*,*,#1093,.F.);
#511=ORIENTED_EDGE('',*,*,#1094,.F.);
#512=ORIENTED_EDGE('',*,*,#1095,.F.);
#513=ORIENTED_EDGE('',*,*,#1096,.F.);
#514=ORIENTED_EDGE('',*,*,#1097,.F.);
#515=ORIENTED_EDGE('',*,*,#1098,.F.);
#516=ORIENTED_EDGE('',*,*,#1099,.F.);
#517=ORIENTED_EDGE('',*,*,#1100,.F.);
#518=ORIENTED_EDGE('',*,*,#1101,.F.);
#519=ORIENTED_EDGE('',*,*,#1102,.F.);
#520=ORIENTED_EDGE('',*,*,#1068,.T.);
#521=ORIENTED_EDGE('',*,*,#1103,.F.);
#522=ORIENTED_EDGE('',*,*,#1070,.F.);
#523=ORIENTED_EDGE('',*,*,#1074,.T.);
#524=ORIENTED_EDGE('',*,*,#1077,.T.);
#525=ORIENTED_EDGE('',*,*,#1080,.F.);
#526=ORIENTED_EDGE('',*,*,#1103,.T.);
#527=ORIENTED_EDGE('',*,*,#1092,.F.);
#528=ORIENTED_EDGE('',*,*,#1102,.T.);
#529=ORIENTED_EDGE('',*,*,#1091,.F.);
#530=ORIENTED_EDGE('',*,*,#1101,.T.);
#531=ORIENTED_EDGE('',*,*,#1090,.F.);
#532=ORIENTED_EDGE('',*,*,#1100,.T.);
#533=ORIENTED_EDGE('',*,*,#1089,.F.);
#534=ORIENTED_EDGE('',*,*,#1099,.T.);
#535=ORIENTED_EDGE('',*,*,#1088,.F.);
#536=ORIENTED_EDGE('',*,*,#1098,.T.);
#537=ORIENTED_EDGE('',*,*,#1087,.F.);
#538=ORIENTED_EDGE('',*,*,#1097,.T.);
#539=ORIENTED_EDGE('',*,*,#1086,.F.);
#540=ORIENTED_EDGE('',*,*,#1096,.T.);
#541=ORIENTED_EDGE('',*,*,#1085,.F.);
#542=ORIENTED_EDGE('',*,*,#1095,.T.);
#543=ORIENTED_EDGE('',*,*,#1084,.F.);
#544=ORIENTED_EDGE('',*,*,#1094,.T.);
#545=ORIENTED_EDGE('',*,*,#1083,.F.);
#546=ORIENTED_EDGE('',*,*,#1093,.T.);
#547=ORIENTED_EDGE('',*,*,#1082,.F.);
#548=ORIENTED_EDGE('',*,*,#1104,.F.);
#549=ORIENTED_EDGE('',*,*,#1105,.F.);
#550=ORIENTED_EDGE('',*,*,#1106,.T.);
#551=ORIENTED_EDGE('',*,*,#1107,.T.);
#552=ORIENTED_EDGE('',*,*,#1108,.T.);
#553=ORIENTED_EDGE('',*,*,#1109,.F.);
#554=ORIENTED_EDGE('',*,*,#1110,.F.);
#555=ORIENTED_EDGE('',*,*,#1105,.T.);
#556=ORIENTED_EDGE('',*,*,#1111,.T.);
#557=ORIENTED_EDGE('',*,*,#1112,.F.);
#558=ORIENTED_EDGE('',*,*,#1113,.F.);
#559=ORIENTED_EDGE('',*,*,#1109,.T.);
#560=ORIENTED_EDGE('',*,*,#1114,.F.);
#561=ORIENTED_EDGE('',*,*,#1107,.F.);
#562=ORIENTED_EDGE('',*,*,#1115,.T.);
#563=ORIENTED_EDGE('',*,*,#1112,.T.);
#564=ORIENTED_EDGE('',*,*,#1106,.F.);
#565=ORIENTED_EDGE('',*,*,#1110,.T.);
#566=ORIENTED_EDGE('',*,*,#1113,.T.);
#567=ORIENTED_EDGE('',*,*,#1115,.F.);
#568=ORIENTED_EDGE('',*,*,#1104,.T.);
#569=ORIENTED_EDGE('',*,*,#1114,.T.);
#570=ORIENTED_EDGE('',*,*,#1111,.F.);
#571=ORIENTED_EDGE('',*,*,#1108,.F.);
#572=ORIENTED_EDGE('',*,*,#1116,.T.);
#573=ORIENTED_EDGE('',*,*,#1117,.F.);
#574=ORIENTED_EDGE('',*,*,#1118,.F.);
#575=ORIENTED_EDGE('',*,*,#1119,.T.);
#576=ORIENTED_EDGE('',*,*,#1120,.F.);
#577=ORIENTED_EDGE('',*,*,#1119,.F.);
#578=ORIENTED_EDGE('',*,*,#1121,.T.);
#579=ORIENTED_EDGE('',*,*,#1122,.T.);
#580=ORIENTED_EDGE('',*,*,#1123,.F.);
#581=ORIENTED_EDGE('',*,*,#1122,.F.);
#582=ORIENTED_EDGE('',*,*,#1124,.T.);
#583=ORIENTED_EDGE('',*,*,#1125,.T.);
#584=ORIENTED_EDGE('',*,*,#1126,.T.);
#585=ORIENTED_EDGE('',*,*,#1125,.F.);
#586=ORIENTED_EDGE('',*,*,#1127,.F.);
#587=ORIENTED_EDGE('',*,*,#1117,.T.);
#588=ORIENTED_EDGE('',*,*,#1118,.T.);
#589=ORIENTED_EDGE('',*,*,#1127,.T.);
#590=ORIENTED_EDGE('',*,*,#1124,.F.);
#591=ORIENTED_EDGE('',*,*,#1121,.F.);
#592=ORIENTED_EDGE('',*,*,#1116,.F.);
#593=ORIENTED_EDGE('',*,*,#1120,.T.);
#594=ORIENTED_EDGE('',*,*,#1123,.T.);
#595=ORIENTED_EDGE('',*,*,#1126,.F.);
#596=ORIENTED_EDGE('',*,*,#1128,.T.);
#597=ORIENTED_EDGE('',*,*,#1129,.F.);
#598=ORIENTED_EDGE('',*,*,#1130,.F.);
#599=ORIENTED_EDGE('',*,*,#1131,.T.);
#600=ORIENTED_EDGE('',*,*,#1128,.F.);
#601=ORIENTED_EDGE('',*,*,#1131,.F.);
#602=ORIENTED_EDGE('',*,*,#1129,.T.);
#603=ORIENTED_EDGE('',*,*,#1130,.T.);
#604=ORIENTED_EDGE('',*,*,#1132,.T.);
#605=ORIENTED_EDGE('',*,*,#1133,.F.);
#606=ORIENTED_EDGE('',*,*,#1134,.F.);
#607=ORIENTED_EDGE('',*,*,#1135,.T.);
#608=ORIENTED_EDGE('',*,*,#1132,.F.);
#609=ORIENTED_EDGE('',*,*,#1135,.F.);
#610=ORIENTED_EDGE('',*,*,#1133,.T.);
#611=ORIENTED_EDGE('',*,*,#1134,.T.);
#612=ORIENTED_EDGE('',*,*,#1136,.F.);
#613=ORIENTED_EDGE('',*,*,#1137,.F.);
#614=ORIENTED_EDGE('',*,*,#1138,.T.);
#615=ORIENTED_EDGE('',*,*,#1139,.T.);
#616=ORIENTED_EDGE('',*,*,#1140,.T.);
#617=ORIENTED_EDGE('',*,*,#1141,.F.);
#618=ORIENTED_EDGE('',*,*,#1142,.F.);
#619=ORIENTED_EDGE('',*,*,#1137,.T.);
#620=ORIENTED_EDGE('',*,*,#1143,.T.);
#621=ORIENTED_EDGE('',*,*,#1144,.F.);
#622=ORIENTED_EDGE('',*,*,#1145,.F.);
#623=ORIENTED_EDGE('',*,*,#1141,.T.);
#624=ORIENTED_EDGE('',*,*,#1146,.F.);
#625=ORIENTED_EDGE('',*,*,#1139,.F.);
#626=ORIENTED_EDGE('',*,*,#1147,.T.);
#627=ORIENTED_EDGE('',*,*,#1144,.T.);
#628=ORIENTED_EDGE('',*,*,#1138,.F.);
#629=ORIENTED_EDGE('',*,*,#1142,.T.);
#630=ORIENTED_EDGE('',*,*,#1145,.T.);
#631=ORIENTED_EDGE('',*,*,#1147,.F.);
#632=ORIENTED_EDGE('',*,*,#1136,.T.);
#633=ORIENTED_EDGE('',*,*,#1146,.T.);
#634=ORIENTED_EDGE('',*,*,#1143,.F.);
#635=ORIENTED_EDGE('',*,*,#1140,.F.);
#636=ORIENTED_EDGE('',*,*,#1148,.T.);
#637=ORIENTED_EDGE('',*,*,#1149,.F.);
#638=ORIENTED_EDGE('',*,*,#1150,.F.);
#639=ORIENTED_EDGE('',*,*,#1151,.T.);
#640=ORIENTED_EDGE('',*,*,#1152,.F.);
#641=ORIENTED_EDGE('',*,*,#1151,.F.);
#642=ORIENTED_EDGE('',*,*,#1153,.T.);
#643=ORIENTED_EDGE('',*,*,#1154,.T.);
#644=ORIENTED_EDGE('',*,*,#1155,.F.);
#645=ORIENTED_EDGE('',*,*,#1154,.F.);
#646=ORIENTED_EDGE('',*,*,#1156,.T.);
#647=ORIENTED_EDGE('',*,*,#1157,.T.);
#648=ORIENTED_EDGE('',*,*,#1158,.T.);
#649=ORIENTED_EDGE('',*,*,#1157,.F.);
#650=ORIENTED_EDGE('',*,*,#1159,.F.);
#651=ORIENTED_EDGE('',*,*,#1149,.T.);
#652=ORIENTED_EDGE('',*,*,#1150,.T.);
#653=ORIENTED_EDGE('',*,*,#1159,.T.);
#654=ORIENTED_EDGE('',*,*,#1156,.F.);
#655=ORIENTED_EDGE('',*,*,#1153,.F.);
#656=ORIENTED_EDGE('',*,*,#1148,.F.);
#657=ORIENTED_EDGE('',*,*,#1152,.T.);
#658=ORIENTED_EDGE('',*,*,#1155,.T.);
#659=ORIENTED_EDGE('',*,*,#1158,.F.);
#660=ORIENTED_EDGE('',*,*,#1160,.T.);
#661=ORIENTED_EDGE('',*,*,#1161,.F.);
#662=ORIENTED_EDGE('',*,*,#1162,.F.);
#663=ORIENTED_EDGE('',*,*,#1163,.T.);
#664=ORIENTED_EDGE('',*,*,#1160,.F.);
#665=ORIENTED_EDGE('',*,*,#1163,.F.);
#666=ORIENTED_EDGE('',*,*,#1161,.T.);
#667=ORIENTED_EDGE('',*,*,#1162,.T.);
#668=ORIENTED_EDGE('',*,*,#1164,.F.);
#669=ORIENTED_EDGE('',*,*,#1165,.F.);
#670=ORIENTED_EDGE('',*,*,#1166,.T.);
#671=ORIENTED_EDGE('',*,*,#1167,.T.);
#672=ORIENTED_EDGE('',*,*,#1168,.T.);
#673=ORIENTED_EDGE('',*,*,#1169,.F.);
#674=ORIENTED_EDGE('',*,*,#1170,.F.);
#675=ORIENTED_EDGE('',*,*,#1165,.T.);
#676=ORIENTED_EDGE('',*,*,#1171,.T.);
#677=ORIENTED_EDGE('',*,*,#1172,.F.);
#678=ORIENTED_EDGE('',*,*,#1173,.F.);
#679=ORIENTED_EDGE('',*,*,#1169,.T.);
#680=ORIENTED_EDGE('',*,*,#1174,.F.);
#681=ORIENTED_EDGE('',*,*,#1167,.F.);
#682=ORIENTED_EDGE('',*,*,#1175,.T.);
#683=ORIENTED_EDGE('',*,*,#1172,.T.);
#684=ORIENTED_EDGE('',*,*,#1166,.F.);
#685=ORIENTED_EDGE('',*,*,#1170,.T.);
#686=ORIENTED_EDGE('',*,*,#1173,.T.);
#687=ORIENTED_EDGE('',*,*,#1175,.F.);
#688=ORIENTED_EDGE('',*,*,#1164,.T.);
#689=ORIENTED_EDGE('',*,*,#1174,.T.);
#690=ORIENTED_EDGE('',*,*,#1171,.F.);
#691=ORIENTED_EDGE('',*,*,#1168,.F.);
#692=ORIENTED_EDGE('',*,*,#1176,.T.);
#693=ORIENTED_EDGE('',*,*,#1177,.F.);
#694=ORIENTED_EDGE('',*,*,#1178,.F.);
#695=ORIENTED_EDGE('',*,*,#1179,.T.);
#696=ORIENTED_EDGE('',*,*,#1180,.F.);
#697=ORIENTED_EDGE('',*,*,#1179,.F.);
#698=ORIENTED_EDGE('',*,*,#1181,.T.);
#699=ORIENTED_EDGE('',*,*,#1182,.T.);
#700=ORIENTED_EDGE('',*,*,#1183,.F.);
#701=ORIENTED_EDGE('',*,*,#1182,.F.);
#702=ORIENTED_EDGE('',*,*,#1184,.T.);
#703=ORIENTED_EDGE('',*,*,#1185,.T.);
#704=ORIENTED_EDGE('',*,*,#1186,.T.);
#705=ORIENTED_EDGE('',*,*,#1185,.F.);
#706=ORIENTED_EDGE('',*,*,#1187,.F.);
#707=ORIENTED_EDGE('',*,*,#1177,.T.);
#708=ORIENTED_EDGE('',*,*,#1178,.T.);
#709=ORIENTED_EDGE('',*,*,#1187,.T.);
#710=ORIENTED_EDGE('',*,*,#1184,.F.);
#711=ORIENTED_EDGE('',*,*,#1181,.F.);
#712=ORIENTED_EDGE('',*,*,#1176,.F.);
#713=ORIENTED_EDGE('',*,*,#1180,.T.);
#714=ORIENTED_EDGE('',*,*,#1183,.T.);
#715=ORIENTED_EDGE('',*,*,#1186,.F.);
#716=ORIENTED_EDGE('',*,*,#1188,.T.);
#717=ORIENTED_EDGE('',*,*,#1189,.F.);
#718=ORIENTED_EDGE('',*,*,#1190,.F.);
#719=ORIENTED_EDGE('',*,*,#1191,.T.);
#720=ORIENTED_EDGE('',*,*,#1188,.F.);
#721=ORIENTED_EDGE('',*,*,#1191,.F.);
#722=ORIENTED_EDGE('',*,*,#1189,.T.);
#723=ORIENTED_EDGE('',*,*,#1190,.T.);
#724=ORIENTED_EDGE('',*,*,#1192,.T.);
#725=ORIENTED_EDGE('',*,*,#1193,.F.);
#726=ORIENTED_EDGE('',*,*,#1194,.F.);
#727=ORIENTED_EDGE('',*,*,#1195,.T.);
#728=ORIENTED_EDGE('',*,*,#1192,.F.);
#729=ORIENTED_EDGE('',*,*,#1195,.F.);
#730=ORIENTED_EDGE('',*,*,#1193,.T.);
#731=ORIENTED_EDGE('',*,*,#1194,.T.);
#732=ORIENTED_EDGE('',*,*,#1196,.T.);
#733=ORIENTED_EDGE('',*,*,#1197,.F.);
#734=ORIENTED_EDGE('',*,*,#1198,.F.);
#735=ORIENTED_EDGE('',*,*,#1199,.T.);
#736=ORIENTED_EDGE('',*,*,#1200,.F.);
#737=ORIENTED_EDGE('',*,*,#1199,.F.);
#738=ORIENTED_EDGE('',*,*,#1201,.T.);
#739=ORIENTED_EDGE('',*,*,#1202,.T.);
#740=ORIENTED_EDGE('',*,*,#1203,.F.);
#741=ORIENTED_EDGE('',*,*,#1202,.F.);
#742=ORIENTED_EDGE('',*,*,#1204,.T.);
#743=ORIENTED_EDGE('',*,*,#1205,.T.);
#744=ORIENTED_EDGE('',*,*,#1206,.T.);
#745=ORIENTED_EDGE('',*,*,#1205,.F.);
#746=ORIENTED_EDGE('',*,*,#1207,.F.);
#747=ORIENTED_EDGE('',*,*,#1197,.T.);
#748=ORIENTED_EDGE('',*,*,#1198,.T.);
#749=ORIENTED_EDGE('',*,*,#1207,.T.);
#750=ORIENTED_EDGE('',*,*,#1204,.F.);
#751=ORIENTED_EDGE('',*,*,#1201,.F.);
#752=ORIENTED_EDGE('',*,*,#1196,.F.);
#753=ORIENTED_EDGE('',*,*,#1200,.T.);
#754=ORIENTED_EDGE('',*,*,#1203,.T.);
#755=ORIENTED_EDGE('',*,*,#1206,.F.);
#756=ORIENTED_EDGE('',*,*,#1208,.T.);
#757=ORIENTED_EDGE('',*,*,#1209,.F.);
#758=ORIENTED_EDGE('',*,*,#1210,.F.);
#759=ORIENTED_EDGE('',*,*,#1211,.T.);
#760=ORIENTED_EDGE('',*,*,#1208,.F.);
#761=ORIENTED_EDGE('',*,*,#1211,.F.);
#762=ORIENTED_EDGE('',*,*,#1209,.T.);
#763=ORIENTED_EDGE('',*,*,#1210,.T.);
#764=ORIENTED_EDGE('',*,*,#1212,.T.);
#765=ORIENTED_EDGE('',*,*,#1213,.F.);
#766=ORIENTED_EDGE('',*,*,#1214,.F.);
#767=ORIENTED_EDGE('',*,*,#1215,.T.);
#768=ORIENTED_EDGE('',*,*,#1212,.F.);
#769=ORIENTED_EDGE('',*,*,#1215,.F.);
#770=ORIENTED_EDGE('',*,*,#1213,.T.);
#771=ORIENTED_EDGE('',*,*,#1214,.T.);
#772=ORIENTED_EDGE('',*,*,#1216,.F.);
#773=ORIENTED_EDGE('',*,*,#1217,.F.);
#774=ORIENTED_EDGE('',*,*,#1218,.T.);
#775=ORIENTED_EDGE('',*,*,#1219,.T.);
#776=ORIENTED_EDGE('',*,*,#1220,.T.);
#777=ORIENTED_EDGE('',*,*,#1221,.F.);
#778=ORIENTED_EDGE('',*,*,#1222,.F.);
#779=ORIENTED_EDGE('',*,*,#1217,.T.);
#780=ORIENTED_EDGE('',*,*,#1223,.T.);
#781=ORIENTED_EDGE('',*,*,#1224,.F.);
#782=ORIENTED_EDGE('',*,*,#1225,.F.);
#783=ORIENTED_EDGE('',*,*,#1221,.T.);
#784=ORIENTED_EDGE('',*,*,#1226,.F.);
#785=ORIENTED_EDGE('',*,*,#1219,.F.);
#786=ORIENTED_EDGE('',*,*,#1227,.T.);
#787=ORIENTED_EDGE('',*,*,#1224,.T.);
#788=ORIENTED_EDGE('',*,*,#1218,.F.);
#789=ORIENTED_EDGE('',*,*,#1222,.T.);
#790=ORIENTED_EDGE('',*,*,#1225,.T.);
#791=ORIENTED_EDGE('',*,*,#1227,.F.);
#792=ORIENTED_EDGE('',*,*,#1216,.T.);
#793=ORIENTED_EDGE('',*,*,#1226,.T.);
#794=ORIENTED_EDGE('',*,*,#1223,.F.);
#795=ORIENTED_EDGE('',*,*,#1220,.F.);
#796=ORIENTED_EDGE('',*,*,#1228,.T.);
#797=ORIENTED_EDGE('',*,*,#1229,.F.);
#798=ORIENTED_EDGE('',*,*,#1230,.F.);
#799=ORIENTED_EDGE('',*,*,#1231,.T.);
#800=ORIENTED_EDGE('',*,*,#1228,.F.);
#801=ORIENTED_EDGE('',*,*,#1231,.F.);
#802=ORIENTED_EDGE('',*,*,#1229,.T.);
#803=ORIENTED_EDGE('',*,*,#1230,.T.);
#804=ORIENTED_EDGE('',*,*,#1232,.T.);
#805=ORIENTED_EDGE('',*,*,#1233,.F.);
#806=ORIENTED_EDGE('',*,*,#1234,.F.);
#807=ORIENTED_EDGE('',*,*,#1235,.T.);
#808=ORIENTED_EDGE('',*,*,#1232,.F.);
#809=ORIENTED_EDGE('',*,*,#1235,.F.);
#810=ORIENTED_EDGE('',*,*,#1233,.T.);
#811=ORIENTED_EDGE('',*,*,#1234,.T.);
#812=ORIENTED_EDGE('',*,*,#1236,.T.);
#813=ORIENTED_EDGE('',*,*,#1237,.F.);
#814=ORIENTED_EDGE('',*,*,#1238,.F.);
#815=ORIENTED_EDGE('',*,*,#1239,.T.);
#816=ORIENTED_EDGE('',*,*,#1240,.F.);
#817=ORIENTED_EDGE('',*,*,#1239,.F.);
#818=ORIENTED_EDGE('',*,*,#1241,.T.);
#819=ORIENTED_EDGE('',*,*,#1242,.T.);
#820=ORIENTED_EDGE('',*,*,#1243,.F.);
#821=ORIENTED_EDGE('',*,*,#1242,.F.);
#822=ORIENTED_EDGE('',*,*,#1244,.T.);
#823=ORIENTED_EDGE('',*,*,#1245,.T.);
#824=ORIENTED_EDGE('',*,*,#1246,.T.);
#825=ORIENTED_EDGE('',*,*,#1245,.F.);
#826=ORIENTED_EDGE('',*,*,#1247,.F.);
#827=ORIENTED_EDGE('',*,*,#1237,.T.);
#828=ORIENTED_EDGE('',*,*,#1238,.T.);
#829=ORIENTED_EDGE('',*,*,#1247,.T.);
#830=ORIENTED_EDGE('',*,*,#1244,.F.);
#831=ORIENTED_EDGE('',*,*,#1241,.F.);
#832=ORIENTED_EDGE('',*,*,#1236,.F.);
#833=ORIENTED_EDGE('',*,*,#1240,.T.);
#834=ORIENTED_EDGE('',*,*,#1243,.T.);
#835=ORIENTED_EDGE('',*,*,#1246,.F.);
#836=ORIENTED_EDGE('',*,*,#1248,.T.);
#837=ORIENTED_EDGE('',*,*,#1249,.F.);
#838=ORIENTED_EDGE('',*,*,#1250,.F.);
#839=ORIENTED_EDGE('',*,*,#1251,.T.);
#840=ORIENTED_EDGE('',*,*,#1248,.F.);
#841=ORIENTED_EDGE('',*,*,#1251,.F.);
#842=ORIENTED_EDGE('',*,*,#1249,.T.);
#843=ORIENTED_EDGE('',*,*,#1250,.T.);
#844=ORIENTED_EDGE('',*,*,#1252,.F.);
#845=ORIENTED_EDGE('',*,*,#1253,.T.);
#846=ORIENTED_EDGE('',*,*,#1253,.F.);
#847=ORIENTED_EDGE('',*,*,#1254,.F.);
#848=ORIENTED_EDGE('',*,*,#1252,.T.);
#849=ORIENTED_EDGE('',*,*,#1255,.T.);
#850=ORIENTED_EDGE('',*,*,#1254,.T.);
#851=ORIENTED_EDGE('',*,*,#1255,.F.);
#852=ORIENTED_EDGE('',*,*,#1256,.T.);
#853=ORIENTED_EDGE('',*,*,#1257,.F.);
#854=ORIENTED_EDGE('',*,*,#1258,.F.);
#855=ORIENTED_EDGE('',*,*,#1259,.T.);
#856=ORIENTED_EDGE('',*,*,#1256,.F.);
#857=ORIENTED_EDGE('',*,*,#1259,.F.);
#858=ORIENTED_EDGE('',*,*,#1257,.T.);
#859=ORIENTED_EDGE('',*,*,#1258,.T.);
#860=ORIENTED_EDGE('',*,*,#1260,.T.);
#861=ORIENTED_EDGE('',*,*,#1261,.F.);
#862=ORIENTED_EDGE('',*,*,#1262,.F.);
#863=ORIENTED_EDGE('',*,*,#1263,.T.);
#864=ORIENTED_EDGE('',*,*,#1260,.F.);
#865=ORIENTED_EDGE('',*,*,#1263,.F.);
#866=ORIENTED_EDGE('',*,*,#1261,.T.);
#867=ORIENTED_EDGE('',*,*,#1262,.T.);
#868=ORIENTED_EDGE('',*,*,#1264,.T.);
#869=ORIENTED_EDGE('',*,*,#1265,.F.);
#870=ORIENTED_EDGE('',*,*,#1266,.F.);
#871=ORIENTED_EDGE('',*,*,#1267,.T.);
#872=ORIENTED_EDGE('',*,*,#1264,.F.);
#873=ORIENTED_EDGE('',*,*,#1267,.F.);
#874=ORIENTED_EDGE('',*,*,#1265,.T.);
#875=ORIENTED_EDGE('',*,*,#1266,.T.);
#876=ORIENTED_EDGE('',*,*,#1268,.T.);
#877=ORIENTED_EDGE('',*,*,#1269,.F.);
#878=ORIENTED_EDGE('',*,*,#1270,.F.);
#879=ORIENTED_EDGE('',*,*,#1271,.T.);
#880=ORIENTED_EDGE('',*,*,#1268,.F.);
#881=ORIENTED_EDGE('',*,*,#1271,.F.);
#882=ORIENTED_EDGE('',*,*,#1269,.T.);
#883=ORIENTED_EDGE('',*,*,#1270,.T.);
#884=ORIENTED_EDGE('',*,*,#1272,.T.);
#885=ORIENTED_EDGE('',*,*,#1273,.F.);
#886=ORIENTED_EDGE('',*,*,#1274,.F.);
#887=ORIENTED_EDGE('',*,*,#1275,.T.);
#888=ORIENTED_EDGE('',*,*,#1272,.F.);
#889=ORIENTED_EDGE('',*,*,#1275,.F.);
#890=ORIENTED_EDGE('',*,*,#1273,.T.);
#891=ORIENTED_EDGE('',*,*,#1274,.T.);
#892=ORIENTED_EDGE('',*,*,#1276,.T.);
#893=ORIENTED_EDGE('',*,*,#1277,.F.);
#894=ORIENTED_EDGE('',*,*,#1278,.F.);
#895=ORIENTED_EDGE('',*,*,#1279,.T.);
#896=ORIENTED_EDGE('',*,*,#1276,.F.);
#897=ORIENTED_EDGE('',*,*,#1279,.F.);
#898=ORIENTED_EDGE('',*,*,#1277,.T.);
#899=ORIENTED_EDGE('',*,*,#1278,.T.);
#900=ORIENTED_EDGE('',*,*,#1280,.T.);
#901=ORIENTED_EDGE('',*,*,#1281,.F.);
#902=ORIENTED_EDGE('',*,*,#1282,.F.);
#903=ORIENTED_EDGE('',*,*,#1283,.T.);
#904=ORIENTED_EDGE('',*,*,#1280,.F.);
#905=ORIENTED_EDGE('',*,*,#1283,.F.);
#906=ORIENTED_EDGE('',*,*,#1281,.T.);
#907=ORIENTED_EDGE('',*,*,#1282,.T.);
#908=ORIENTED_EDGE('',*,*,#1284,.T.);
#909=ORIENTED_EDGE('',*,*,#1285,.F.);
#910=ORIENTED_EDGE('',*,*,#1286,.F.);
#911=ORIENTED_EDGE('',*,*,#1287,.T.);
#912=ORIENTED_EDGE('',*,*,#1284,.F.);
#913=ORIENTED_EDGE('',*,*,#1287,.F.);
#914=ORIENTED_EDGE('',*,*,#1285,.T.);
#915=ORIENTED_EDGE('',*,*,#1286,.T.);
#916=ORIENTED_EDGE('',*,*,#1288,.T.);
#917=ORIENTED_EDGE('',*,*,#1289,.F.);
#918=ORIENTED_EDGE('',*,*,#1290,.F.);
#919=ORIENTED_EDGE('',*,*,#1291,.T.);
#920=ORIENTED_EDGE('',*,*,#1288,.F.);
#921=ORIENTED_EDGE('',*,*,#1291,.F.);
#922=ORIENTED_EDGE('',*,*,#1289,.T.);
#923=ORIENTED_EDGE('',*,*,#1290,.T.);
#924=ORIENTED_EDGE('',*,*,#1292,.T.);
#925=ORIENTED_EDGE('',*,*,#1293,.F.);
#926=ORIENTED_EDGE('',*,*,#1294,.F.);
#927=ORIENTED_EDGE('',*,*,#1295,.T.);
#928=ORIENTED_EDGE('',*,*,#1292,.F.);
#929=ORIENTED_EDGE('',*,*,#1295,.F.);
#930=ORIENTED_EDGE('',*,*,#1293,.T.);
#931=ORIENTED_EDGE('',*,*,#1294,.T.);
#932=ORIENTED_EDGE('',*,*,#1296,.T.);
#933=ORIENTED_EDGE('',*,*,#1297,.F.);
#934=ORIENTED_EDGE('',*,*,#1298,.F.);
#935=ORIENTED_EDGE('',*,*,#1299,.T.);
#936=ORIENTED_EDGE('',*,*,#1296,.F.);
#937=ORIENTED_EDGE('',*,*,#1299,.F.);
#938=ORIENTED_EDGE('',*,*,#1297,.T.);
#939=ORIENTED_EDGE('',*,*,#1298,.T.);
#940=ORIENTED_EDGE('',*,*,#1300,.T.);
#941=ORIENTED_EDGE('',*,*,#1301,.F.);
#942=ORIENTED_EDGE('',*,*,#1302,.F.);
#943=ORIENTED_EDGE('',*,*,#1303,.T.);
#944=ORIENTED_EDGE('',*,*,#1300,.F.);
#945=ORIENTED_EDGE('',*,*,#1303,.F.);
#946=ORIENTED_EDGE('',*,*,#1301,.T.);
#947=ORIENTED_EDGE('',*,*,#1302,.T.);
#948=ORIENTED_EDGE('',*,*,#1304,.T.);
#949=ORIENTED_EDGE('',*,*,#1305,.F.);
#950=ORIENTED_EDGE('',*,*,#1306,.F.);
#951=ORIENTED_EDGE('',*,*,#1307,.T.);
#952=ORIENTED_EDGE('',*,*,#1304,.F.);
#953=ORIENTED_EDGE('',*,*,#1307,.F.);
#954=ORIENTED_EDGE('',*,*,#1305,.T.);
#955=ORIENTED_EDGE('',*,*,#1306,.T.);
#956=ORIENTED_EDGE('',*,*,#1308,.T.);
#957=ORIENTED_EDGE('',*,*,#1309,.F.);
#958=ORIENTED_EDGE('',*,*,#1310,.F.);
#959=ORIENTED_EDGE('',*,*,#1311,.T.);
#960=ORIENTED_EDGE('',*,*,#1308,.F.);
#961=ORIENTED_EDGE('',*,*,#1311,.F.);
#962=ORIENTED_EDGE('',*,*,#1309,.T.);
#963=ORIENTED_EDGE('',*,*,#1310,.T.);
#964=ORIENTED_EDGE('',*,*,#1312,.T.);
#965=ORIENTED_EDGE('',*,*,#1313,.F.);
#966=ORIENTED_EDGE('',*,*,#1314,.F.);
#967=ORIENTED_EDGE('',*,*,#1315,.T.);
#968=ORIENTED_EDGE('',*,*,#1312,.F.);
#969=ORIENTED_EDGE('',*,*,#1315,.F.);
#970=ORIENTED_EDGE('',*,*,#1313,.T.);
#971=ORIENTED_EDGE('',*,*,#1314,.T.);
#972=ORIENTED_EDGE('',*,*,#1316,.T.);
#973=ORIENTED_EDGE('',*,*,#1317,.F.);
#974=ORIENTED_EDGE('',*,*,#1318,.F.);
#975=ORIENTED_EDGE('',*,*,#1319,.T.);
#976=ORIENTED_EDGE('',*,*,#1316,.F.);
#977=ORIENTED_EDGE('',*,*,#1319,.F.);
#978=ORIENTED_EDGE('',*,*,#1317,.T.);
#979=ORIENTED_EDGE('',*,*,#1318,.T.);
#980=ORIENTED_EDGE('',*,*,#1320,.T.);
#981=ORIENTED_EDGE('',*,*,#1321,.F.);
#982=ORIENTED_EDGE('',*,*,#1322,.F.);
#983=ORIENTED_EDGE('',*,*,#1323,.T.);
#984=ORIENTED_EDGE('',*,*,#1320,.F.);
#985=ORIENTED_EDGE('',*,*,#1323,.F.);
#986=ORIENTED_EDGE('',*,*,#1321,.T.);
#987=ORIENTED_EDGE('',*,*,#1322,.T.);
#988=ORIENTED_EDGE('',*,*,#1324,.T.);
#989=ORIENTED_EDGE('',*,*,#1325,.F.);
#990=ORIENTED_EDGE('',*,*,#1326,.F.);
#991=ORIENTED_EDGE('',*,*,#1327,.T.);
#992=ORIENTED_EDGE('',*,*,#1324,.F.);
#993=ORIENTED_EDGE('',*,*,#1327,.F.);
#994=ORIENTED_EDGE('',*,*,#1325,.T.);
#995=ORIENTED_EDGE('',*,*,#1326,.T.);
#996=EDGE_CURVE('',#1328,#1329,#1600,.T.);
#997=EDGE_CURVE('',#1330,#1329,#1601,.T.);
#998=EDGE_CURVE('',#1331,#1330,#1602,.T.);
#999=EDGE_CURVE('',#1331,#1328,#1603,.T.);
#1000=EDGE_CURVE('',#1328,#1332,#1604,.T.);
#1001=EDGE_CURVE('',#1331,#1333,#1605,.T.);
#1002=EDGE_CURVE('',#1333,#1332,#1606,.T.);
#1003=EDGE_CURVE('',#1332,#1334,#1607,.T.);
#1004=EDGE_CURVE('',#1333,#1335,#1608,.T.);
#1005=EDGE_CURVE('',#1335,#1334,#1609,.T.);
#1006=EDGE_CURVE('',#1329,#1334,#1610,.T.);
#1007=EDGE_CURVE('',#1330,#1335,#1611,.T.);
#1008=EDGE_CURVE('',#1336,#1336,#86,.F.);
#1009=EDGE_CURVE('',#1337,#1337,#87,.F.);
#1010=EDGE_CURVE('',#1338,#1338,#88,.T.);
#1011=EDGE_CURVE('',#1339,#1339,#89,.T.);
#1012=EDGE_CURVE('',#1340,#1341,#1612,.T.);
#1013=EDGE_CURVE('',#1342,#1340,#1613,.T.);
#1014=EDGE_CURVE('',#1342,#1343,#1614,.T.);
#1015=EDGE_CURVE('',#1343,#1341,#1615,.T.);
#1016=EDGE_CURVE('',#1340,#1344,#1616,.T.);
#1017=EDGE_CURVE('',#1345,#1344,#1617,.T.);
#1018=EDGE_CURVE('',#1342,#1345,#1618,.T.);
#1019=EDGE_CURVE('',#1344,#1346,#1619,.T.);
#1020=EDGE_CURVE('',#1347,#1346,#1620,.T.);
#1021=EDGE_CURVE('',#1345,#1347,#1621,.T.);
#1022=EDGE_CURVE('',#1341,#1346,#1622,.T.);
#1023=EDGE_CURVE('',#1343,#1347,#1623,.T.);
#1024=EDGE_CURVE('',#1348,#1349,#1624,.T.);
#1025=EDGE_CURVE('',#1350,#1348,#1625,.T.);
#1026=EDGE_CURVE('',#1350,#1351,#1626,.T.);
#1027=EDGE_CURVE('',#1351,#1349,#1627,.T.);
#1028=EDGE_CURVE('',#1348,#1352,#1628,.T.);
#1029=EDGE_CURVE('',#1353,#1352,#1629,.T.);
#1030=EDGE_CURVE('',#1350,#1353,#1630,.T.);
#1031=EDGE_CURVE('',#1352,#1354,#1631,.T.);
#1032=EDGE_CURVE('',#1355,#1354,#1632,.T.);
#1033=EDGE_CURVE('',#1353,#1355,#1633,.T.);
#1034=EDGE_CURVE('',#1349,#1354,#1634,.T.);
#1035=EDGE_CURVE('',#1351,#1355,#1635,.T.);
#1036=EDGE_CURVE('',#1356,#1357,#1636,.T.);
#1037=EDGE_CURVE('',#1358,#1357,#1637,.T.);
#1038=EDGE_CURVE('',#1359,#1358,#1638,.T.);
#1039=EDGE_CURVE('',#1359,#1356,#1639,.T.);
#1040=EDGE_CURVE('',#1357,#1360,#1640,.T.);
#1041=EDGE_CURVE('',#1361,#1360,#1641,.T.);
#1042=EDGE_CURVE('',#1358,#1361,#1642,.T.);
#1043=EDGE_CURVE('',#1362,#1360,#1643,.T.);
#1044=EDGE_CURVE('',#1363,#1362,#1644,.T.);
#1045=EDGE_CURVE('',#1363,#1361,#1645,.T.);
#1046=EDGE_CURVE('',#1356,#1362,#1646,.T.);
#1047=EDGE_CURVE('',#1359,#1363,#1647,.T.);
#1048=EDGE_CURVE('',#1364,#1364,#90,.F.);
#1049=EDGE_CURVE('',#1365,#1365,#91,.F.);
#1050=EDGE_CURVE('',#1366,#1366,#92,.T.);
#1051=EDGE_CURVE('',#1367,#1367,#93,.T.);
#1052=EDGE_CURVE('',#1368,#1369,#1648,.T.);
#1053=EDGE_CURVE('',#1370,#1368,#1649,.T.);
#1054=EDGE_CURVE('',#1370,#1371,#1650,.T.);
#1055=EDGE_CURVE('',#1371,#1369,#1651,.T.);
#1056=EDGE_CURVE('',#1368,#1372,#1652,.T.);
#1057=EDGE_CURVE('',#1373,#1372,#1653,.T.);
#1058=EDGE_CURVE('',#1370,#1373,#1654,.T.);
#1059=EDGE_CURVE('',#1372,#1374,#1655,.T.);
#1060=EDGE_CURVE('',#1375,#1374,#1656,.T.);
#1061=EDGE_CURVE('',#1373,#1375,#1657,.T.);
#1062=EDGE_CURVE('',#1369,#1374,#1658,.T.);
#1063=EDGE_CURVE('',#1371,#1375,#1659,.T.);
#1064=EDGE_CURVE('',#1376,#1376,#94,.F.);
#1065=EDGE_CURVE('',#1377,#1377,#95,.F.);
#1066=EDGE_CURVE('',#1378,#1378,#96,.T.);
#1067=EDGE_CURVE('',#1379,#1379,#97,.T.);
#1068=EDGE_CURVE('',#1380,#1380,#98,.T.);
#1069=EDGE_CURVE('',#1381,#1381,#99,.T.);
#1070=EDGE_CURVE('',#1382,#1383,#1660,.T.);
#1071=EDGE_CURVE('',#1384,#1383,#1661,.T.);
#1072=EDGE_CURVE('',#1385,#1384,#1662,.T.);
#1073=EDGE_CURVE('',#1385,#1382,#1663,.T.);
#1074=EDGE_CURVE('',#1382,#1386,#1664,.T.);
#1075=EDGE_CURVE('',#1385,#1387,#1665,.T.);
#1076=EDGE_CURVE('',#1387,#1386,#1666,.T.);
#1077=EDGE_CURVE('',#1386,#1388,#1667,.T.);
#1078=EDGE_CURVE('',#1387,#1389,#1668,.T.);
#1079=EDGE_CURVE('',#1389,#1388,#1669,.T.);
#1080=EDGE_CURVE('',#1383,#1388,#1670,.T.);
#1081=EDGE_CURVE('',#1384,#1389,#1671,.T.);
#1082=EDGE_CURVE('',#1390,#1390,#100,.T.);
#1083=EDGE_CURVE('',#1391,#1391,#101,.T.);
#1084=EDGE_CURVE('',#1392,#1392,#102,.T.);
#1085=EDGE_CURVE('',#1393,#1393,#103,.T.);
#1086=EDGE_CURVE('',#1394,#1394,#104,.T.);
#1087=EDGE_CURVE('',#1395,#1395,#105,.T.);
#1088=EDGE_CURVE('',#1396,#1396,#106,.T.);
#1089=EDGE_CURVE('',#1397,#1397,#107,.T.);
#1090=EDGE_CURVE('',#1398,#1398,#108,.T.);
#1091=EDGE_CURVE('',#1399,#1399,#109,.T.);
#1092=EDGE_CURVE('',#1400,#1400,#110,.T.);
#1093=EDGE_CURVE('',#1401,#1401,#111,.T.);
#1094=EDGE_CURVE('',#1402,#1402,#112,.T.);
#1095=EDGE_CURVE('',#1403,#1403,#113,.T.);
#1096=EDGE_CURVE('',#1404,#1404,#114,.T.);
#1097=EDGE_CURVE('',#1405,#1405,#115,.T.);
#1098=EDGE_CURVE('',#1406,#1406,#116,.T.);
#1099=EDGE_CURVE('',#1407,#1407,#117,.T.);
#1100=EDGE_CURVE('',#1408,#1408,#118,.T.);
#1101=EDGE_CURVE('',#1409,#1409,#119,.T.);
#1102=EDGE_CURVE('',#1410,#1410,#120,.T.);
#1103=EDGE_CURVE('',#1411,#1411,#121,.T.);
#1104=EDGE_CURVE('',#1412,#1413,#1672,.T.);
#1105=EDGE_CURVE('',#1414,#1412,#1673,.T.);
#1106=EDGE_CURVE('',#1414,#1415,#1674,.T.);
#1107=EDGE_CURVE('',#1415,#1413,#1675,.T.);
#1108=EDGE_CURVE('',#1412,#1416,#1676,.T.);
#1109=EDGE_CURVE('',#1417,#1416,#1677,.T.);
#1110=EDGE_CURVE('',#1414,#1417,#1678,.T.);
#1111=EDGE_CURVE('',#1416,#1418,#1679,.T.);
#1112=EDGE_CURVE('',#1419,#1418,#1680,.T.);
#1113=EDGE_CURVE('',#1417,#1419,#1681,.T.);
#1114=EDGE_CURVE('',#1413,#1418,#1682,.T.);
#1115=EDGE_CURVE('',#1415,#1419,#1683,.T.);
#1116=EDGE_CURVE('',#1420,#1421,#1684,.T.);
#1117=EDGE_CURVE('',#1422,#1421,#1685,.T.);
#1118=EDGE_CURVE('',#1423,#1422,#1686,.T.);
#1119=EDGE_CURVE('',#1423,#1420,#1687,.T.);
#1120=EDGE_CURVE('',#1420,#1424,#1688,.T.);
#1121=EDGE_CURVE('',#1423,#1425,#1689,.T.);
#1122=EDGE_CURVE('',#1425,#1424,#1690,.T.);
#1123=EDGE_CURVE('',#1424,#1426,#1691,.T.);
#1124=EDGE_CURVE('',#1425,#1427,#1692,.T.);
#1125=EDGE_CURVE('',#1427,#1426,#1693,.T.);
#1126=EDGE_CURVE('',#1421,#1426,#1694,.T.);
#1127=EDGE_CURVE('',#1422,#1427,#1695,.T.);
#1128=EDGE_CURVE('',#1428,#1428,#122,.F.);
#1129=EDGE_CURVE('',#1429,#1429,#123,.F.);
#1130=EDGE_CURVE('',#1430,#1430,#124,.T.);
#1131=EDGE_CURVE('',#1431,#1431,#125,.T.);
#1132=EDGE_CURVE('',#1432,#1432,#126,.F.);
#1133=EDGE_CURVE('',#1433,#1433,#127,.F.);
#1134=EDGE_CURVE('',#1434,#1434,#128,.T.);
#1135=EDGE_CURVE('',#1435,#1435,#129,.T.);
#1136=EDGE_CURVE('',#1436,#1437,#1696,.T.);
#1137=EDGE_CURVE('',#1438,#1436,#1697,.T.);
#1138=EDGE_CURVE('',#1438,#1439,#1698,.T.);
#1139=EDGE_CURVE('',#1439,#1437,#1699,.T.);
#1140=EDGE_CURVE('',#1436,#1440,#1700,.T.);
#1141=EDGE_CURVE('',#1441,#1440,#1701,.T.);
#1142=EDGE_CURVE('',#1438,#1441,#1702,.T.);
#1143=EDGE_CURVE('',#1440,#1442,#1703,.T.);
#1144=EDGE_CURVE('',#1443,#1442,#1704,.T.);
#1145=EDGE_CURVE('',#1441,#1443,#1705,.T.);
#1146=EDGE_CURVE('',#1437,#1442,#1706,.T.);
#1147=EDGE_CURVE('',#1439,#1443,#1707,.T.);
#1148=EDGE_CURVE('',#1444,#1445,#1708,.T.);
#1149=EDGE_CURVE('',#1446,#1445,#1709,.T.);
#1150=EDGE_CURVE('',#1447,#1446,#1710,.T.);
#1151=EDGE_CURVE('',#1447,#1444,#1711,.T.);
#1152=EDGE_CURVE('',#1444,#1448,#1712,.T.);
#1153=EDGE_CURVE('',#1447,#1449,#1713,.T.);
#1154=EDGE_CURVE('',#1449,#1448,#1714,.T.);
#1155=EDGE_CURVE('',#1448,#1450,#1715,.T.);
#1156=EDGE_CURVE('',#1449,#1451,#1716,.T.);
#1157=EDGE_CURVE('',#1451,#1450,#1717,.T.);
#1158=EDGE_CURVE('',#1445,#1450,#1718,.T.);
#1159=EDGE_CURVE('',#1446,#1451,#1719,.T.);
#1160=EDGE_CURVE('',#1452,#1452,#130,.F.);
#1161=EDGE_CURVE('',#1453,#1453,#131,.F.);
#1162=EDGE_CURVE('',#1454,#1454,#132,.T.);
#1163=EDGE_CURVE('',#1455,#1455,#133,.T.);
#1164=EDGE_CURVE('',#1456,#1457,#1720,.T.);
#1165=EDGE_CURVE('',#1458,#1456,#1721,.T.);
#1166=EDGE_CURVE('',#1458,#1459,#1722,.T.);
#1167=EDGE_CURVE('',#1459,#1457,#1723,.T.);
#1168=EDGE_CURVE('',#1456,#1460,#1724,.T.);
#1169=EDGE_CURVE('',#1461,#1460,#1725,.T.);
#1170=EDGE_CURVE('',#1458,#1461,#1726,.T.);
#1171=EDGE_CURVE('',#1460,#1462,#1727,.T.);
#1172=EDGE_CURVE('',#1463,#1462,#1728,.T.);
#1173=EDGE_CURVE('',#1461,#1463,#1729,.T.);
#1174=EDGE_CURVE('',#1457,#1462,#1730,.T.);
#1175=EDGE_CURVE('',#1459,#1463,#1731,.T.);
#1176=EDGE_CURVE('',#1464,#1465,#1732,.T.);
#1177=EDGE_CURVE('',#1466,#1465,#1733,.T.);
#1178=EDGE_CURVE('',#1467,#1466,#1734,.T.);
#1179=EDGE_CURVE('',#1467,#1464,#1735,.T.);
#1180=EDGE_CURVE('',#1464,#1468,#1736,.T.);
#1181=EDGE_CURVE('',#1467,#1469,#1737,.T.);
#1182=EDGE_CURVE('',#1469,#1468,#1738,.T.);
#1183=EDGE_CURVE('',#1468,#1470,#1739,.T.);
#1184=EDGE_CURVE('',#1469,#1471,#1740,.T.);
#1185=EDGE_CURVE('',#1471,#1470,#1741,.T.);
#1186=EDGE_CURVE('',#1465,#1470,#1742,.T.);
#1187=EDGE_CURVE('',#1466,#1471,#1743,.T.);
#1188=EDGE_CURVE('',#1472,#1472,#134,.F.);
#1189=EDGE_CURVE('',#1473,#1473,#135,.F.);
#1190=EDGE_CURVE('',#1474,#1474,#136,.T.);
#1191=EDGE_CURVE('',#1475,#1475,#137,.T.);
#1192=EDGE_CURVE('',#1476,#1476,#138,.F.);
#1193=EDGE_CURVE('',#1477,#1477,#139,.F.);
#1194=EDGE_CURVE('',#1478,#1478,#140,.T.);
#1195=EDGE_CURVE('',#1479,#1479,#141,.T.);
#1196=EDGE_CURVE('',#1480,#1481,#1744,.T.);
#1197=EDGE_CURVE('',#1482,#1481,#1745,.T.);
#1198=EDGE_CURVE('',#1483,#1482,#1746,.T.);
#1199=EDGE_CURVE('',#1483,#1480,#1747,.T.);
#1200=EDGE_CURVE('',#1480,#1484,#1748,.T.);
#1201=EDGE_CURVE('',#1483,#1485,#1749,.T.);
#1202=EDGE_CURVE('',#1485,#1484,#1750,.T.);
#1203=EDGE_CURVE('',#1484,#1486,#1751,.T.);
#1204=EDGE_CURVE('',#1485,#1487,#1752,.T.);
#1205=EDGE_CURVE('',#1487,#1486,#1753,.T.);
#1206=EDGE_CURVE('',#1481,#1486,#1754,.T.);
#1207=EDGE_CURVE('',#1482,#1487,#1755,.T.);
#1208=EDGE_CURVE('',#1488,#1488,#142,.F.);
#1209=EDGE_CURVE('',#1489,#1489,#143,.F.);
#1210=EDGE_CURVE('',#1490,#1490,#144,.T.);
#1211=EDGE_CURVE('',#1491,#1491,#145,.T.);
#1212=EDGE_CURVE('',#1492,#1492,#146,.F.);
#1213=EDGE_CURVE('',#1493,#1493,#147,.F.);
#1214=EDGE_CURVE('',#1494,#1494,#148,.T.);
#1215=EDGE_CURVE('',#1495,#1495,#149,.T.);
#1216=EDGE_CURVE('',#1496,#1497,#1756,.T.);
#1217=EDGE_CURVE('',#1498,#1496,#1757,.T.);
#1218=EDGE_CURVE('',#1498,#1499,#1758,.T.);
#1219=EDGE_CURVE('',#1499,#1497,#1759,.T.);
#1220=EDGE_CURVE('',#1496,#1500,#1760,.T.);
#1221=EDGE_CURVE('',#1501,#1500,#1761,.T.);
#1222=EDGE_CURVE('',#1498,#1501,#1762,.T.);
#1223=EDGE_CURVE('',#1500,#1502,#1763,.T.);
#1224=EDGE_CURVE('',#1503,#1502,#1764,.T.);
#1225=EDGE_CURVE('',#1501,#1503,#1765,.T.);
#1226=EDGE_CURVE('',#1497,#1502,#1766,.T.);
#1227=EDGE_CURVE('',#1499,#1503,#1767,.T.);
#1228=EDGE_CURVE('',#1504,#1504,#150,.F.);
#1229=EDGE_CURVE('',#1505,#1505,#151,.F.);
#1230=EDGE_CURVE('',#1506,#1506,#152,.T.);
#1231=EDGE_CURVE('',#1507,#1507,#153,.T.);
#1232=EDGE_CURVE('',#1508,#1508,#154,.F.);
#1233=EDGE_CURVE('',#1509,#1509,#155,.F.);
#1234=EDGE_CURVE('',#1510,#1510,#156,.T.);
#1235=EDGE_CURVE('',#1511,#1511,#157,.T.);
#1236=EDGE_CURVE('',#1512,#1513,#1768,.T.);
#1237=EDGE_CURVE('',#1514,#1513,#1769,.T.);
#1238=EDGE_CURVE('',#1515,#1514,#1770,.T.);
#1239=EDGE_CURVE('',#1515,#1512,#1771,.T.);
#1240=EDGE_CURVE('',#1512,#1516,#1772,.T.);
#1241=EDGE_CURVE('',#1515,#1517,#1773,.T.);
#1242=EDGE_CURVE('',#1517,#1516,#1774,.T.);
#1243=EDGE_CURVE('',#1516,#1518,#1775,.T.);
#1244=EDGE_CURVE('',#1517,#1519,#1776,.T.);
#1245=EDGE_CURVE('',#1519,#1518,#1777,.T.);
#1246=EDGE_CURVE('',#1513,#1518,#1778,.T.);
#1247=EDGE_CURVE('',#1514,#1519,#1779,.T.);
#1248=EDGE_CURVE('',#1520,#1520,#158,.F.);
#1249=EDGE_CURVE('',#1521,#1521,#159,.F.);
#1250=EDGE_CURVE('',#1522,#1522,#160,.T.);
#1251=EDGE_CURVE('',#1523,#1523,#161,.T.);
#1252=EDGE_CURVE('',#1524,#1524,#162,.F.);
#1253=EDGE_CURVE('',#1525,#1525,#163,.F.);
#1254=EDGE_CURVE('',#1526,#1526,#164,.T.);
#1255=EDGE_CURVE('',#1527,#1527,#165,.T.);
#1256=EDGE_CURVE('',#1528,#1528,#166,.F.);
#1257=EDGE_CURVE('',#1529,#1529,#167,.F.);
#1258=EDGE_CURVE('',#1530,#1530,#168,.T.);
#1259=EDGE_CURVE('',#1531,#1531,#169,.T.);
#1260=EDGE_CURVE('',#1532,#1532,#170,.F.);
#1261=EDGE_CURVE('',#1533,#1533,#171,.F.);
#1262=EDGE_CURVE('',#1534,#1534,#172,.T.);
#1263=EDGE_CURVE('',#1535,#1535,#173,.T.);
#1264=EDGE_CURVE('',#1536,#1536,#174,.F.);
#1265=EDGE_CURVE('',#1537,#1537,#175,.F.);
#1266=EDGE_CURVE('',#1538,#1538,#176,.T.);
#1267=EDGE_CURVE('',#1539,#1539,#177,.T.);
#1268=EDGE_CURVE('',#1540,#1540,#178,.F.);
#1269=EDGE_CURVE('',#1541,#1541,#179,.F.);
#1270=EDGE_CURVE('',#1542,#1542,#180,.T.);
#1271=EDGE_CURVE('',#1543,#1543,#181,.T.);
#1272=EDGE_CURVE('',#1544,#1544,#182,.F.);
#1273=EDGE_CURVE('',#1545,#1545,#183,.F.);
#1274=EDGE_CURVE('',#1546,#1546,#184,.T.);
#1275=EDGE_CURVE('',#1547,#1547,#185,.T.);
#1276=EDGE_CURVE('',#1548,#1548,#186,.F.);
#1277=EDGE_CURVE('',#1549,#1549,#187,.F.);
#1278=EDGE_CURVE('',#1550,#1550,#188,.T.);
#1279=EDGE_CURVE('',#1551,#1551,#189,.T.);
#1280=EDGE_CURVE('',#1552,#1552,#190,.F.);
#1281=EDGE_CURVE('',#1553,#1553,#191,.F.);
#1282=EDGE_CURVE('',#1554,#1554,#192,.T.);
#1283=EDGE_CURVE('',#1555,#1555,#193,.T.);
#1284=EDGE_CURVE('',#1556,#1556,#194,.F.);
#1285=EDGE_CURVE('',#1557,#1557,#195,.F.);
#1286=EDGE_CURVE('',#1558,#1558,#196,.T.);
#1287=EDGE_CURVE('',#1559,#1559,#197,.T.);
#1288=EDGE_CURVE('',#1560,#1560,#198,.F.);
#1289=EDGE_CURVE('',#1561,#1561,#199,.F.);
#1290=EDGE_CURVE('',#1562,#1562,#200,.T.);
#1291=EDGE_CURVE('',#1563,#1563,#201,.T.);
#1292=EDGE_CURVE('',#1564,#1564,#202,.F.);
#1293=EDGE_CURVE('',#1565,#1565,#203,.F.);
#1294=EDGE_CURVE('',#1566,#1566,#204,.T.);
#1295=EDGE_CURVE('',#1567,#1567,#205,.T.);
#1296=EDGE_CURVE('',#1568,#1568,#206,.F.);
#1297=EDGE_CURVE('',#1569,#1569,#207,.F.);
#1298=EDGE_CURVE('',#1570,#1570,#208,.T.);
#1299=EDGE_CURVE('',#1571,#1571,#209,.T.);
#1300=EDGE_CURVE('',#1572,#1572,#210,.F.);
#1301=EDGE_CURVE('',#1573,#1573,#211,.F.);
#1302=EDGE_CURVE('',#1574,#1574,#212,.T.);
#1303=EDGE_CURVE('',#1575,#1575,#213,.T.);
#1304=EDGE_CURVE('',#1576,#1576,#214,.F.);
#1305=EDGE_CURVE('',#1577,#1577,#215,.F.);
#1306=EDGE_CURVE('',#1578,#1578,#216,.T.);
#1307=EDGE_CURVE('',#1579,#1579,#217,.T.);
#1308=EDGE_CURVE('',#1580,#1580,#218,.F.);
#1309=EDGE_CURVE('',#1581,#1581,#219,.F.);
#1310=EDGE_CURVE('',#1582,#1582,#220,.T.);
#1311=EDGE_CURVE('',#1583,#1583,#221,.T.);
#1312=EDGE_CURVE('',#1584,#1584,#222,.F.);
#1313=EDGE_CURVE('',#1585,#1585,#223,.F.);
#1314=EDGE_CURVE('',#1586,#1586,#224,.T.);
#1315=EDGE_CURVE('',#1587,#1587,#225,.T.);
#1316=EDGE_CURVE('',#1588,#1588,#226,.F.);
#1317=EDGE_CURVE('',#1589,#1589,#227,.F.);
#1318=EDGE_CURVE('',#1590,#1590,#228,.T.);
#1319=EDGE_CURVE('',#1591,#1591,#229,.T.);
#1320=EDGE_CURVE('',#1592,#1592,#230,.F.);
#1321=EDGE_CURVE('',#1593,#1593,#231,.F.);
#1322=EDGE_CURVE('',#1594,#1594,#232,.T.);
#1323=EDGE_CURVE('',#1595,#1595,#233,.T.);
#1324=EDGE_CURVE('',#1596,#1596,#234,.F.);
#1325=EDGE_CURVE('',#1597,#1597,#235,.F.);
#1326=EDGE_CURVE('',#1598,#1598,#236,.T.);
#1327=EDGE_CURVE('',#1599,#1599,#237,.T.);
#1328=VERTEX_POINT('',#5123);
#1329=VERTEX_POINT('',#5124);
#1330=VERTEX_POINT('',#5126);
#1331=VERTEX_POINT('',#5128);
#1332=VERTEX_POINT('',#5132);
#1333=VERTEX_POINT('',#5134);
#1334=VERTEX_POINT('',#5138);
#1335=VERTEX_POINT('',#5140);
#1336=VERTEX_POINT('',#5150);
#1337=VERTEX_POINT('',#5152);
#1338=VERTEX_POINT('',#5155);
#1339=VERTEX_POINT('',#5157);
#1340=VERTEX_POINT('',#5163);
#1341=VERTEX_POINT('',#5164);
#1342=VERTEX_POINT('',#5166);
#1343=VERTEX_POINT('',#5168);
#1344=VERTEX_POINT('',#5172);
#1345=VERTEX_POINT('',#5174);
#1346=VERTEX_POINT('',#5178);
#1347=VERTEX_POINT('',#5180);
#1348=VERTEX_POINT('',#5190);
#1349=VERTEX_POINT('',#5191);
#1350=VERTEX_POINT('',#5193);
#1351=VERTEX_POINT('',#5195);
#1352=VERTEX_POINT('',#5199);
#1353=VERTEX_POINT('',#5201);
#1354=VERTEX_POINT('',#5205);
#1355=VERTEX_POINT('',#5207);
#1356=VERTEX_POINT('',#5217);
#1357=VERTEX_POINT('',#5218);
#1358=VERTEX_POINT('',#5220);
#1359=VERTEX_POINT('',#5222);
#1360=VERTEX_POINT('',#5226);
#1361=VERTEX_POINT('',#5228);
#1362=VERTEX_POINT('',#5232);
#1363=VERTEX_POINT('',#5234);
#1364=VERTEX_POINT('',#5244);
#1365=VERTEX_POINT('',#5246);
#1366=VERTEX_POINT('',#5249);
#1367=VERTEX_POINT('',#5251);
#1368=VERTEX_POINT('',#5257);
#1369=VERTEX_POINT('',#5258);
#1370=VERTEX_POINT('',#5260);
#1371=VERTEX_POINT('',#5262);
#1372=VERTEX_POINT('',#5266);
#1373=VERTEX_POINT('',#5268);
#1374=VERTEX_POINT('',#5272);
#1375=VERTEX_POINT('',#5274);
#1376=VERTEX_POINT('',#5284);
#1377=VERTEX_POINT('',#5286);
#1378=VERTEX_POINT('',#5289);
#1379=VERTEX_POINT('',#5291);
#1380=VERTEX_POINT('',#5297);
#1381=VERTEX_POINT('',#5299);
#1382=VERTEX_POINT('',#5302);
#1383=VERTEX_POINT('',#5303);
#1384=VERTEX_POINT('',#5305);
#1385=VERTEX_POINT('',#5307);
#1386=VERTEX_POINT('',#5311);
#1387=VERTEX_POINT('',#5313);
#1388=VERTEX_POINT('',#5317);
#1389=VERTEX_POINT('',#5319);
#1390=VERTEX_POINT('',#5326);
#1391=VERTEX_POINT('',#5328);
#1392=VERTEX_POINT('',#5330);
#1393=VERTEX_POINT('',#5332);
#1394=VERTEX_POINT('',#5334);
#1395=VERTEX_POINT('',#5336);
#1396=VERTEX_POINT('',#5338);
#1397=VERTEX_POINT('',#5340);
#1398=VERTEX_POINT('',#5342);
#1399=VERTEX_POINT('',#5344);
#1400=VERTEX_POINT('',#5346);
#1401=VERTEX_POINT('',#5349);
#1402=VERTEX_POINT('',#5351);
#1403=VERTEX_POINT('',#5353);
#1404=VERTEX_POINT('',#5355);
#1405=VERTEX_POINT('',#5357);
#1406=VERTEX_POINT('',#5359);
#1407=VERTEX_POINT('',#5361);
#1408=VERTEX_POINT('',#5363);
#1409=VERTEX_POINT('',#5365);
#1410=VERTEX_POINT('',#5367);
#1411=VERTEX_POINT('',#5369);
#1412=VERTEX_POINT('',#5384);
#1413=VERTEX_POINT('',#5385);
#1414=VERTEX_POINT('',#5387);
#1415=VERTEX_POINT('',#5389);
#1416=VERTEX_POINT('',#5393);
#1417=VERTEX_POINT('',#5395);
#1418=VERTEX_POINT('',#5399);
#1419=VERTEX_POINT('',#5401);
#1420=VERTEX_POINT('',#5411);
#1421=VERTEX_POINT('',#5412);
#1422=VERTEX_POINT('',#5414);
#1423=VERTEX_POINT('',#5416);
#1424=VERTEX_POINT('',#5420);
#1425=VERTEX_POINT('',#5422);
#1426=VERTEX_POINT('',#5426);
#1427=VERTEX_POINT('',#5428);
#1428=VERTEX_POINT('',#5438);
#1429=VERTEX_POINT('',#5440);
#1430=VERTEX_POINT('',#5443);
#1431=VERTEX_POINT('',#5445);
#1432=VERTEX_POINT('',#5451);
#1433=VERTEX_POINT('',#5453);
#1434=VERTEX_POINT('',#5456);
#1435=VERTEX_POINT('',#5458);
#1436=VERTEX_POINT('',#5464);
#1437=VERTEX_POINT('',#5465);
#1438=VERTEX_POINT('',#5467);
#1439=VERTEX_POINT('',#5469);
#1440=VERTEX_POINT('',#5473);
#1441=VERTEX_POINT('',#5475);
#1442=VERTEX_POINT('',#5479);
#1443=VERTEX_POINT('',#5481);
#1444=VERTEX_POINT('',#5491);
#1445=VERTEX_POINT('',#5492);
#1446=VERTEX_POINT('',#5494);
#1447=VERTEX_POINT('',#5496);
#1448=VERTEX_POINT('',#5500);
#1449=VERTEX_POINT('',#5502);
#1450=VERTEX_POINT('',#5506);
#1451=VERTEX_POINT('',#5508);
#1452=VERTEX_POINT('',#5518);
#1453=VERTEX_POINT('',#5520);
#1454=VERTEX_POINT('',#5523);
#1455=VERTEX_POINT('',#5525);
#1456=VERTEX_POINT('',#5531);
#1457=VERTEX_POINT('',#5532);
#1458=VERTEX_POINT('',#5534);
#1459=VERTEX_POINT('',#5536);
#1460=VERTEX_POINT('',#5540);
#1461=VERTEX_POINT('',#5542);
#1462=VERTEX_POINT('',#5546);
#1463=VERTEX_POINT('',#5548);
#1464=VERTEX_POINT('',#5558);
#1465=VERTEX_POINT('',#5559);
#1466=VERTEX_POINT('',#5561);
#1467=VERTEX_POINT('',#5563);
#1468=VERTEX_POINT('',#5567);
#1469=VERTEX_POINT('',#5569);
#1470=VERTEX_POINT('',#5573);
#1471=VERTEX_POINT('',#5575);
#1472=VERTEX_POINT('',#5585);
#1473=VERTEX_POINT('',#5587);
#1474=VERTEX_POINT('',#5590);
#1475=VERTEX_POINT('',#5592);
#1476=VERTEX_POINT('',#5598);
#1477=VERTEX_POINT('',#5600);
#1478=VERTEX_POINT('',#5603);
#1479=VERTEX_POINT('',#5605);
#1480=VERTEX_POINT('',#5611);
#1481=VERTEX_POINT('',#5612);
#1482=VERTEX_POINT('',#5614);
#1483=VERTEX_POINT('',#5616);
#1484=VERTEX_POINT('',#5620);
#1485=VERTEX_POINT('',#5622);
#1486=VERTEX_POINT('',#5626);
#1487=VERTEX_POINT('',#5628);
#1488=VERTEX_POINT('',#5638);
#1489=VERTEX_POINT('',#5640);
#1490=VERTEX_POINT('',#5643);
#1491=VERTEX_POINT('',#5645);
#1492=VERTEX_POINT('',#5651);
#1493=VERTEX_POINT('',#5653);
#1494=VERTEX_POINT('',#5656);
#1495=VERTEX_POINT('',#5658);
#1496=VERTEX_POINT('',#5664);
#1497=VERTEX_POINT('',#5665);
#1498=VERTEX_POINT('',#5667);
#1499=VERTEX_POINT('',#5669);
#1500=VERTEX_POINT('',#5673);
#1501=VERTEX_POINT('',#5675);
#1502=VERTEX_POINT('',#5679);
#1503=VERTEX_POINT('',#5681);
#1504=VERTEX_POINT('',#5691);
#1505=VERTEX_POINT('',#5693);
#1506=VERTEX_POINT('',#5696);
#1507=VERTEX_POINT('',#5698);
#1508=VERTEX_POINT('',#5704);
#1509=VERTEX_POINT('',#5706);
#1510=VERTEX_POINT('',#5709);
#1511=VERTEX_POINT('',#5711);
#1512=VERTEX_POINT('',#5717);
#1513=VERTEX_POINT('',#5718);
#1514=VERTEX_POINT('',#5720);
#1515=VERTEX_POINT('',#5722);
#1516=VERTEX_POINT('',#5726);
#1517=VERTEX_POINT('',#5728);
#1518=VERTEX_POINT('',#5732);
#1519=VERTEX_POINT('',#5734);
#1520=VERTEX_POINT('',#5744);
#1521=VERTEX_POINT('',#5746);
#1522=VERTEX_POINT('',#5749);
#1523=VERTEX_POINT('',#5751);
#1524=VERTEX_POINT('',#5757);
#1525=VERTEX_POINT('',#5759);
#1526=VERTEX_POINT('',#5762);
#1527=VERTEX_POINT('',#5765);
#1528=VERTEX_POINT('',#5770);
#1529=VERTEX_POINT('',#5772);
#1530=VERTEX_POINT('',#5775);
#1531=VERTEX_POINT('',#5777);
#1532=VERTEX_POINT('',#5783);
#1533=VERTEX_POINT('',#5785);
#1534=VERTEX_POINT('',#5788);
#1535=VERTEX_POINT('',#5790);
#1536=VERTEX_POINT('',#5796);
#1537=VERTEX_POINT('',#5798);
#1538=VERTEX_POINT('',#5801);
#1539=VERTEX_POINT('',#5803);
#1540=VERTEX_POINT('',#5809);
#1541=VERTEX_POINT('',#5811);
#1542=VERTEX_POINT('',#5814);
#1543=VERTEX_POINT('',#5816);
#1544=VERTEX_POINT('',#5822);
#1545=VERTEX_POINT('',#5824);
#1546=VERTEX_POINT('',#5827);
#1547=VERTEX_POINT('',#5829);
#1548=VERTEX_POINT('',#5835);
#1549=VERTEX_POINT('',#5837);
#1550=VERTEX_POINT('',#5840);
#1551=VERTEX_POINT('',#5842);
#1552=VERTEX_POINT('',#5848);
#1553=VERTEX_POINT('',#5850);
#1554=VERTEX_POINT('',#5853);
#1555=VERTEX_POINT('',#5855);
#1556=VERTEX_POINT('',#5861);
#1557=VERTEX_POINT('',#5863);
#1558=VERTEX_POINT('',#5866);
#1559=VERTEX_POINT('',#5868);
#1560=VERTEX_POINT('',#5874);
#1561=VERTEX_POINT('',#5876);
#1562=VERTEX_POINT('',#5879);
#1563=VERTEX_POINT('',#5881);
#1564=VERTEX_POINT('',#5887);
#1565=VERTEX_POINT('',#5889);
#1566=VERTEX_POINT('',#5892);
#1567=VERTEX_POINT('',#5894);
#1568=VERTEX_POINT('',#5900);
#1569=VERTEX_POINT('',#5902);
#1570=VERTEX_POINT('',#5905);
#1571=VERTEX_POINT('',#5907);
#1572=VERTEX_POINT('',#5913);
#1573=VERTEX_POINT('',#5915);
#1574=VERTEX_POINT('',#5918);
#1575=VERTEX_POINT('',#5920);
#1576=VERTEX_POINT('',#5926);
#1577=VERTEX_POINT('',#5928);
#1578=VERTEX_POINT('',#5931);
#1579=VERTEX_POINT('',#5933);
#1580=VERTEX_POINT('',#5939);
#1581=VERTEX_POINT('',#5941);
#1582=VERTEX_POINT('',#5944);
#1583=VERTEX_POINT('',#5946);
#1584=VERTEX_POINT('',#5952);
#1585=VERTEX_POINT('',#5954);
#1586=VERTEX_POINT('',#5957);
#1587=VERTEX_POINT('',#5959);
#1588=VERTEX_POINT('',#5965);
#1589=VERTEX_POINT('',#5967);
#1590=VERTEX_POINT('',#5970);
#1591=VERTEX_POINT('',#5972);
#1592=VERTEX_POINT('',#5978);
#1593=VERTEX_POINT('',#5980);
#1594=VERTEX_POINT('',#5983);
#1595=VERTEX_POINT('',#5985);
#1596=VERTEX_POINT('',#5991);
#1597=VERTEX_POINT('',#5993);
#1598=VERTEX_POINT('',#5996);
#1599=VERTEX_POINT('',#5998);
#1600=LINE('',#5122,#1780);
#1601=LINE('',#5125,#1781);
#1602=LINE('',#5127,#1782);
#1603=LINE('',#5129,#1783);
#1604=LINE('',#5131,#1784);
#1605=LINE('',#5133,#1785);
#1606=LINE('',#5135,#1786);
#1607=LINE('',#5137,#1787);
#1608=LINE('',#5139,#1788);
#1609=LINE('',#5141,#1789);
#1610=LINE('',#5143,#1790);
#1611=LINE('',#5144,#1791);
#1612=LINE('',#5162,#1792);
#1613=LINE('',#5165,#1793);
#1614=LINE('',#5167,#1794);
#1615=LINE('',#5169,#1795);
#1616=LINE('',#5171,#1796);
#1617=LINE('',#5173,#1797);
#1618=LINE('',#5175,#1798);
#1619=LINE('',#5177,#1799);
#1620=LINE('',#5179,#1800);
#1621=LINE('',#5181,#1801);
#1622=LINE('',#5183,#1802);
#1623=LINE('',#5184,#1803);
#1624=LINE('',#5189,#1804);
#1625=LINE('',#5192,#1805);
#1626=LINE('',#5194,#1806);
#1627=LINE('',#5196,#1807);
#1628=LINE('',#5198,#1808);
#1629=LINE('',#5200,#1809);
#1630=LINE('',#5202,#1810);
#1631=LINE('',#5204,#1811);
#1632=LINE('',#5206,#1812);
#1633=LINE('',#5208,#1813);
#1634=LINE('',#5210,#1814);
#1635=LINE('',#5211,#1815);
#1636=LINE('',#5216,#1816);
#1637=LINE('',#5219,#1817);
#1638=LINE('',#5221,#1818);
#1639=LINE('',#5223,#1819);
#1640=LINE('',#5225,#1820);
#1641=LINE('',#5227,#1821);
#1642=LINE('',#5229,#1822);
#1643=LINE('',#5231,#1823);
#1644=LINE('',#5233,#1824);
#1645=LINE('',#5235,#1825);
#1646=LINE('',#5237,#1826);
#1647=LINE('',#5238,#1827);
#1648=LINE('',#5256,#1828);
#1649=LINE('',#5259,#1829);
#1650=LINE('',#5261,#1830);
#1651=LINE('',#5263,#1831);
#1652=LINE('',#5265,#1832);
#1653=LINE('',#5267,#1833);
#1654=LINE('',#5269,#1834);
#1655=LINE('',#5271,#1835);
#1656=LINE('',#5273,#1836);
#1657=LINE('',#5275,#1837);
#1658=LINE('',#5277,#1838);
#1659=LINE('',#5278,#1839);
#1660=LINE('',#5301,#1840);
#1661=LINE('',#5304,#1841);
#1662=LINE('',#5306,#1842);
#1663=LINE('',#5308,#1843);
#1664=LINE('',#5310,#1844);
#1665=LINE('',#5312,#1845);
#1666=LINE('',#5314,#1846);
#1667=LINE('',#5316,#1847);
#1668=LINE('',#5318,#1848);
#1669=LINE('',#5320,#1849);
#1670=LINE('',#5322,#1850);
#1671=LINE('',#5323,#1851);
#1672=LINE('',#5383,#1852);
#1673=LINE('',#5386,#1853);
#1674=LINE('',#5388,#1854);
#1675=LINE('',#5390,#1855);
#1676=LINE('',#5392,#1856);
#1677=LINE('',#5394,#1857);
#1678=LINE('',#5396,#1858);
#1679=LINE('',#5398,#1859);
#1680=LINE('',#5400,#1860);
#1681=LINE('',#5402,#1861);
#1682=LINE('',#5404,#1862);
#1683=LINE('',#5405,#1863);
#1684=LINE('',#5410,#1864);
#1685=LINE('',#5413,#1865);
#1686=LINE('',#5415,#1866);
#1687=LINE('',#5417,#1867);
#1688=LINE('',#5419,#1868);
#1689=LINE('',#5421,#1869);
#1690=LINE('',#5423,#1870);
#1691=LINE('',#5425,#1871);
#1692=LINE('',#5427,#1872);
#1693=LINE('',#5429,#1873);
#1694=LINE('',#5431,#1874);
#1695=LINE('',#5432,#1875);
#1696=LINE('',#5463,#1876);
#1697=LINE('',#5466,#1877);
#1698=LINE('',#5468,#1878);
#1699=LINE('',#5470,#1879);
#1700=LINE('',#5472,#1880);
#1701=LINE('',#5474,#1881);
#1702=LINE('',#5476,#1882);
#1703=LINE('',#5478,#1883);
#1704=LINE('',#5480,#1884);
#1705=LINE('',#5482,#1885);
#1706=LINE('',#5484,#1886);
#1707=LINE('',#5485,#1887);
#1708=LINE('',#5490,#1888);
#1709=LINE('',#5493,#1889);
#1710=LINE('',#5495,#1890);
#1711=LINE('',#5497,#1891);
#1712=LINE('',#5499,#1892);
#1713=LINE('',#5501,#1893);
#1714=LINE('',#5503,#1894);
#1715=LINE('',#5505,#1895);
#1716=LINE('',#5507,#1896);
#1717=LINE('',#5509,#1897);
#1718=LINE('',#5511,#1898);
#1719=LINE('',#5512,#1899);
#1720=LINE('',#5530,#1900);
#1721=LINE('',#5533,#1901);
#1722=LINE('',#5535,#1902);
#1723=LINE('',#5537,#1903);
#1724=LINE('',#5539,#1904);
#1725=LINE('',#5541,#1905);
#1726=LINE('',#5543,#1906);
#1727=LINE('',#5545,#1907);
#1728=LINE('',#5547,#1908);
#1729=LINE('',#5549,#1909);
#1730=LINE('',#5551,#1910);
#1731=LINE('',#5552,#1911);
#1732=LINE('',#5557,#1912);
#1733=LINE('',#5560,#1913);
#1734=LINE('',#5562,#1914);
#1735=LINE('',#5564,#1915);
#1736=LINE('',#5566,#1916);
#1737=LINE('',#5568,#1917);
#1738=LINE('',#5570,#1918);
#1739=LINE('',#5572,#1919);
#1740=LINE('',#5574,#1920);
#1741=LINE('',#5576,#1921);
#1742=LINE('',#5578,#1922);
#1743=LINE('',#5579,#1923);
#1744=LINE('',#5610,#1924);
#1745=LINE('',#5613,#1925);
#1746=LINE('',#5615,#1926);
#1747=LINE('',#5617,#1927);
#1748=LINE('',#5619,#1928);
#1749=LINE('',#5621,#1929);
#1750=LINE('',#5623,#1930);
#1751=LINE('',#5625,#1931);
#1752=LINE('',#5627,#1932);
#1753=LINE('',#5629,#1933);
#1754=LINE('',#5631,#1934);
#1755=LINE('',#5632,#1935);
#1756=LINE('',#5663,#1936);
#1757=LINE('',#5666,#1937);
#1758=LINE('',#5668,#1938);
#1759=LINE('',#5670,#1939);
#1760=LINE('',#5672,#1940);
#1761=LINE('',#5674,#1941);
#1762=LINE('',#5676,#1942);
#1763=LINE('',#5678,#1943);
#1764=LINE('',#5680,#1944);
#1765=LINE('',#5682,#1945);
#1766=LINE('',#5684,#1946);
#1767=LINE('',#5685,#1947);
#1768=LINE('',#5716,#1948);
#1769=LINE('',#5719,#1949);
#1770=LINE('',#5721,#1950);
#1771=LINE('',#5723,#1951);
#1772=LINE('',#5725,#1952);
#1773=LINE('',#5727,#1953);
#1774=LINE('',#5729,#1954);
#1775=LINE('',#5731,#1955);
#1776=LINE('',#5733,#1956);
#1777=LINE('',#5735,#1957);
#1778=LINE('',#5737,#1958);
#1779=LINE('',#5738,#1959);
#1780=VECTOR('',#4086,1.);
#1781=VECTOR('',#4087,1.);
#1782=VECTOR('',#4088,1.);
#1783=VECTOR('',#4089,1.);
#1784=VECTOR('',#4092,1.);
#1785=VECTOR('',#4093,1.);
#1786=VECTOR('',#4094,1.);
#1787=VECTOR('',#4097,1.);
#1788=VECTOR('',#4098,1.);
#1789=VECTOR('',#4099,1.);
#1790=VECTOR('',#4102,1.);
#1791=VECTOR('',#4103,1.);
#1792=VECTOR('',#4130,1.);
#1793=VECTOR('',#4131,1.);
#1794=VECTOR('',#4132,1.);
#1795=VECTOR('',#4133,1.);
#1796=VECTOR('',#4136,1.);
#1797=VECTOR('',#4137,1.);
#1798=VECTOR('',#4138,1.);
#1799=VECTOR('',#4141,1.);
#1800=VECTOR('',#4142,1.);
#1801=VECTOR('',#4143,1.);
#1802=VECTOR('',#4146,1.);
#1803=VECTOR('',#4147,1.);
#1804=VECTOR('',#4156,1.);
#1805=VECTOR('',#4157,1.);
#1806=VECTOR('',#4158,1.);
#1807=VECTOR('',#4159,1.);
#1808=VECTOR('',#4162,1.);
#1809=VECTOR('',#4163,1.);
#1810=VECTOR('',#4164,1.);
#1811=VECTOR('',#4167,1.);
#1812=VECTOR('',#4168,1.);
#1813=VECTOR('',#4169,1.);
#1814=VECTOR('',#4172,1.);
#1815=VECTOR('',#4173,1.);
#1816=VECTOR('',#4182,1.);
#1817=VECTOR('',#4183,1.);
#1818=VECTOR('',#4184,1.);
#1819=VECTOR('',#4185,1.);
#1820=VECTOR('',#4188,1.);
#1821=VECTOR('',#4189,1.);
#1822=VECTOR('',#4190,1.);
#1823=VECTOR('',#4193,1.);
#1824=VECTOR('',#4194,1.);
#1825=VECTOR('',#4195,1.);
#1826=VECTOR('',#4198,1.);
#1827=VECTOR('',#4199,1.);
#1828=VECTOR('',#4226,1.);
#1829=VECTOR('',#4227,1.);
#1830=VECTOR('',#4228,1.);
#1831=VECTOR('',#4229,1.);
#1832=VECTOR('',#4232,1.);
#1833=VECTOR('',#4233,1.);
#1834=VECTOR('',#4234,1.);
#1835=VECTOR('',#4237,1.);
#1836=VECTOR('',#4238,1.);
#1837=VECTOR('',#4239,1.);
#1838=VECTOR('',#4242,1.);
#1839=VECTOR('',#4243,1.);
#1840=VECTOR('',#4276,1.);
#1841=VECTOR('',#4277,1.);
#1842=VECTOR('',#4278,1.);
#1843=VECTOR('',#4279,1.);
#1844=VECTOR('',#4282,1.);
#1845=VECTOR('',#4283,1.);
#1846=VECTOR('',#4284,1.);
#1847=VECTOR('',#4287,1.);
#1848=VECTOR('',#4288,1.);
#1849=VECTOR('',#4289,1.);
#1850=VECTOR('',#4292,1.);
#1851=VECTOR('',#4293,1.);
#1852=VECTOR('',#4368,1.);
#1853=VECTOR('',#4369,1.);
#1854=VECTOR('',#4370,1.);
#1855=VECTOR('',#4371,1.);
#1856=VECTOR('',#4374,1.);
#1857=VECTOR('',#4375,1.);
#1858=VECTOR('',#4376,1.);
#1859=VECTOR('',#4379,1.);
#1860=VECTOR('',#4380,1.);
#1861=VECTOR('',#4381,1.);
#1862=VECTOR('',#4384,1.);
#1863=VECTOR('',#4385,1.);
#1864=VECTOR('',#4394,1.);
#1865=VECTOR('',#4395,1.);
#1866=VECTOR('',#4396,1.);
#1867=VECTOR('',#4397,1.);
#1868=VECTOR('',#4400,1.);
#1869=VECTOR('',#4401,1.);
#1870=VECTOR('',#4402,1.);
#1871=VECTOR('',#4405,1.);
#1872=VECTOR('',#4406,1.);
#1873=VECTOR('',#4407,1.);
#1874=VECTOR('',#4410,1.);
#1875=VECTOR('',#4411,1.);
#1876=VECTOR('',#4456,1.);
#1877=VECTOR('',#4457,1.);
#1878=VECTOR('',#4458,1.);
#1879=VECTOR('',#4459,1.);
#1880=VECTOR('',#4462,1.);
#1881=VECTOR('',#4463,1.);
#1882=VECTOR('',#4464,1.);
#1883=VECTOR('',#4467,1.);
#1884=VECTOR('',#4468,1.);
#1885=VECTOR('',#4469,1.);
#1886=VECTOR('',#4472,1.);
#1887=VECTOR('',#4473,1.);
#1888=VECTOR('',#4482,1.);
#1889=VECTOR('',#4483,1.);
#1890=VECTOR('',#4484,1.);
#1891=VECTOR('',#4485,1.);
#1892=VECTOR('',#4488,1.);
#1893=VECTOR('',#4489,1.);
#1894=VECTOR('',#4490,1.);
#1895=VECTOR('',#4493,1.);
#1896=VECTOR('',#4494,1.);
#1897=VECTOR('',#4495,1.);
#1898=VECTOR('',#4498,1.);
#1899=VECTOR('',#4499,1.);
#1900=VECTOR('',#4526,1.);
#1901=VECTOR('',#4527,1.);
#1902=VECTOR('',#4528,1.);
#1903=VECTOR('',#4529,1.);
#1904=VECTOR('',#4532,1.);
#1905=VECTOR('',#4533,1.);
#1906=VECTOR('',#4534,1.);
#1907=VECTOR('',#4537,1.);
#1908=VECTOR('',#4538,1.);
#1909=VECTOR('',#4539,1.);
#1910=VECTOR('',#4542,1.);
#1911=VECTOR('',#4543,1.);
#1912=VECTOR('',#4552,1.);
#1913=VECTOR('',#4553,1.);
#1914=VECTOR('',#4554,1.);
#1915=VECTOR('',#4555,1.);
#1916=VECTOR('',#4558,1.);
#1917=VECTOR('',#4559,1.);
#1918=VECTOR('',#4560,1.);
#1919=VECTOR('',#4563,1.);
#1920=VECTOR('',#4564,1.);
#1921=VECTOR('',#4565,1.);
#1922=VECTOR('',#4568,1.);
#1923=VECTOR('',#4569,1.);
#1924=VECTOR('',#4614,1.);
#1925=VECTOR('',#4615,1.);
#1926=VECTOR('',#4616,1.);
#1927=VECTOR('',#4617,1.);
#1928=VECTOR('',#4620,1.);
#1929=VECTOR('',#4621,1.);
#1930=VECTOR('',#4622,1.);
#1931=VECTOR('',#4625,1.);
#1932=VECTOR('',#4626,1.);
#1933=VECTOR('',#4627,1.);
#1934=VECTOR('',#4630,1.);
#1935=VECTOR('',#4631,1.);
#1936=VECTOR('',#4676,1.);
#1937=VECTOR('',#4677,1.);
#1938=VECTOR('',#4678,1.);
#1939=VECTOR('',#4679,1.);
#1940=VECTOR('',#4682,1.);
#1941=VECTOR('',#4683,1.);
#1942=VECTOR('',#4684,1.);
#1943=VECTOR('',#4687,1.);
#1944=VECTOR('',#4688,1.);
#1945=VECTOR('',#4689,1.);
#1946=VECTOR('',#4692,1.);
#1947=VECTOR('',#4693,1.);
#1948=VECTOR('',#4738,1.);
#1949=VECTOR('',#4739,1.);
#1950=VECTOR('',#4740,1.);
#1951=VECTOR('',#4741,1.);
#1952=VECTOR('',#4744,1.);
#1953=VECTOR('',#4745,1.);
#1954=VECTOR('',#4746,1.);
#1955=VECTOR('',#4749,1.);
#1956=VECTOR('',#4750,1.);
#1957=VECTOR('',#4751,1.);
#1958=VECTOR('',#4754,1.);
#1959=VECTOR('',#4755,1.);
#1960=EDGE_LOOP('',(#332,#333,#334,#335));
#1961=EDGE_LOOP('',(#336,#337,#338,#339));
#1962=EDGE_LOOP('',(#340,#341,#342,#343));
#1963=EDGE_LOOP('',(#344,#345,#346,#347));
#1964=EDGE_LOOP('',(#348,#349,#350,#351));
#1965=EDGE_LOOP('',(#352,#353,#354,#355));
#1966=EDGE_LOOP('',(#356));
#1967=EDGE_LOOP('',(#357));
#1968=EDGE_LOOP('',(#358));
#1969=EDGE_LOOP('',(#359));
#1970=EDGE_LOOP('',(#360));
#1971=EDGE_LOOP('',(#361));
#1972=EDGE_LOOP('',(#362));
#1973=EDGE_LOOP('',(#363));
#1974=EDGE_LOOP('',(#364,#365,#366,#367));
#1975=EDGE_LOOP('',(#368,#369,#370,#371));
#1976=EDGE_LOOP('',(#372,#373,#374,#375));
#1977=EDGE_LOOP('',(#376,#377,#378,#379));
#1978=EDGE_LOOP('',(#380,#381,#382,#383));
#1979=EDGE_LOOP('',(#384,#385,#386,#387));
#1980=EDGE_LOOP('',(#388,#389,#390,#391));
#1981=EDGE_LOOP('',(#392,#393,#394,#395));
#1982=EDGE_LOOP('',(#396,#397,#398,#399));
#1983=EDGE_LOOP('',(#400,#401,#402,#403));
#1984=EDGE_LOOP('',(#404,#405,#406,#407));
#1985=EDGE_LOOP('',(#408,#409,#410,#411));
#1986=EDGE_LOOP('',(#412,#413,#414,#415));
#1987=EDGE_LOOP('',(#416,#417,#418,#419));
#1988=EDGE_LOOP('',(#420,#421,#422,#423));
#1989=EDGE_LOOP('',(#424,#425,#426,#427));
#1990=EDGE_LOOP('',(#428,#429,#430,#431));
#1991=EDGE_LOOP('',(#432,#433,#434,#435));
#1992=EDGE_LOOP('',(#436));
#1993=EDGE_LOOP('',(#437));
#1994=EDGE_LOOP('',(#438));
#1995=EDGE_LOOP('',(#439));
#1996=EDGE_LOOP('',(#440));
#1997=EDGE_LOOP('',(#441));
#1998=EDGE_LOOP('',(#442));
#1999=EDGE_LOOP('',(#443));
#2000=EDGE_LOOP('',(#444,#445,#446,#447));
#2001=EDGE_LOOP('',(#448,#449,#450,#451));
#2002=EDGE_LOOP('',(#452,#453,#454,#455));
#2003=EDGE_LOOP('',(#456,#457,#458,#459));
#2004=EDGE_LOOP('',(#460,#461,#462,#463));
#2005=EDGE_LOOP('',(#464,#465,#466,#467));
#2006=EDGE_LOOP('',(#468));
#2007=EDGE_LOOP('',(#469));
#2008=EDGE_LOOP('',(#470));
#2009=EDGE_LOOP('',(#471));
#2010=EDGE_LOOP('',(#472));
#2011=EDGE_LOOP('',(#473));
#2012=EDGE_LOOP('',(#474));
#2013=EDGE_LOOP('',(#475));
#2014=EDGE_LOOP('',(#476));
#2015=EDGE_LOOP('',(#477));
#2016=EDGE_LOOP('',(#478,#479,#480,#481));
#2017=EDGE_LOOP('',(#482,#483,#484,#485));
#2018=EDGE_LOOP('',(#486,#487,#488,#489));
#2019=EDGE_LOOP('',(#490,#491,#492,#493));
#2020=EDGE_LOOP('',(#494));
#2021=EDGE_LOOP('',(#495));
#2022=EDGE_LOOP('',(#496));
#2023=EDGE_LOOP('',(#497));
#2024=EDGE_LOOP('',(#498));
#2025=EDGE_LOOP('',(#499));
#2026=EDGE_LOOP('',(#500));
#2027=EDGE_LOOP('',(#501));
#2028=EDGE_LOOP('',(#502));
#2029=EDGE_LOOP('',(#503));
#2030=EDGE_LOOP('',(#504));
#2031=EDGE_LOOP('',(#505));
#2032=EDGE_LOOP('',(#506,#507,#508,#509));
#2033=EDGE_LOOP('',(#510));
#2034=EDGE_LOOP('',(#511));
#2035=EDGE_LOOP('',(#512));
#2036=EDGE_LOOP('',(#513));
#2037=EDGE_LOOP('',(#514));
#2038=EDGE_LOOP('',(#515));
#2039=EDGE_LOOP('',(#516));
#2040=EDGE_LOOP('',(#517));
#2041=EDGE_LOOP('',(#518));
#2042=EDGE_LOOP('',(#519));
#2043=EDGE_LOOP('',(#520));
#2044=EDGE_LOOP('',(#521));
#2045=EDGE_LOOP('',(#522,#523,#524,#525));
#2046=EDGE_LOOP('',(#526));
#2047=EDGE_LOOP('',(#527));
#2048=EDGE_LOOP('',(#528));
#2049=EDGE_LOOP('',(#529));
#2050=EDGE_LOOP('',(#530));
#2051=EDGE_LOOP('',(#531));
#2052=EDGE_LOOP('',(#532));
#2053=EDGE_LOOP('',(#533));
#2054=EDGE_LOOP('',(#534));
#2055=EDGE_LOOP('',(#535));
#2056=EDGE_LOOP('',(#536));
#2057=EDGE_LOOP('',(#537));
#2058=EDGE_LOOP('',(#538));
#2059=EDGE_LOOP('',(#539));
#2060=EDGE_LOOP('',(#540));
#2061=EDGE_LOOP('',(#541));
#2062=EDGE_LOOP('',(#542));
#2063=EDGE_LOOP('',(#543));
#2064=EDGE_LOOP('',(#544));
#2065=EDGE_LOOP('',(#545));
#2066=EDGE_LOOP('',(#546));
#2067=EDGE_LOOP('',(#547));
#2068=EDGE_LOOP('',(#548,#549,#550,#551));
#2069=EDGE_LOOP('',(#552,#553,#554,#555));
#2070=EDGE_LOOP('',(#556,#557,#558,#559));
#2071=EDGE_LOOP('',(#560,#561,#562,#563));
#2072=EDGE_LOOP('',(#564,#565,#566,#567));
#2073=EDGE_LOOP('',(#568,#569,#570,#571));
#2074=EDGE_LOOP('',(#572,#573,#574,#575));
#2075=EDGE_LOOP('',(#576,#577,#578,#579));
#2076=EDGE_LOOP('',(#580,#581,#582,#583));
#2077=EDGE_LOOP('',(#584,#585,#586,#587));
#2078=EDGE_LOOP('',(#588,#589,#590,#591));
#2079=EDGE_LOOP('',(#592,#593,#594,#595));
#2080=EDGE_LOOP('',(#596));
#2081=EDGE_LOOP('',(#597));
#2082=EDGE_LOOP('',(#598));
#2083=EDGE_LOOP('',(#599));
#2084=EDGE_LOOP('',(#600));
#2085=EDGE_LOOP('',(#601));
#2086=EDGE_LOOP('',(#602));
#2087=EDGE_LOOP('',(#603));
#2088=EDGE_LOOP('',(#604));
#2089=EDGE_LOOP('',(#605));
#2090=EDGE_LOOP('',(#606));
#2091=EDGE_LOOP('',(#607));
#2092=EDGE_LOOP('',(#608));
#2093=EDGE_LOOP('',(#609));
#2094=EDGE_LOOP('',(#610));
#2095=EDGE_LOOP('',(#611));
#2096=EDGE_LOOP('',(#612,#613,#614,#615));
#2097=EDGE_LOOP('',(#616,#617,#618,#619));
#2098=EDGE_LOOP('',(#620,#621,#622,#623));
#2099=EDGE_LOOP('',(#624,#625,#626,#627));
#2100=EDGE_LOOP('',(#628,#629,#630,#631));
#2101=EDGE_LOOP('',(#632,#633,#634,#635));
#2102=EDGE_LOOP('',(#636,#637,#638,#639));
#2103=EDGE_LOOP('',(#640,#641,#642,#643));
#2104=EDGE_LOOP('',(#644,#645,#646,#647));
#2105=EDGE_LOOP('',(#648,#649,#650,#651));
#2106=EDGE_LOOP('',(#652,#653,#654,#655));
#2107=EDGE_LOOP('',(#656,#657,#658,#659));
#2108=EDGE_LOOP('',(#660));
#2109=EDGE_LOOP('',(#661));
#2110=EDGE_LOOP('',(#662));
#2111=EDGE_LOOP('',(#663));
#2112=EDGE_LOOP('',(#664));
#2113=EDGE_LOOP('',(#665));
#2114=EDGE_LOOP('',(#666));
#2115=EDGE_LOOP('',(#667));
#2116=EDGE_LOOP('',(#668,#669,#670,#671));
#2117=EDGE_LOOP('',(#672,#673,#674,#675));
#2118=EDGE_LOOP('',(#676,#677,#678,#679));
#2119=EDGE_LOOP('',(#680,#681,#682,#683));
#2120=EDGE_LOOP('',(#684,#685,#686,#687));
#2121=EDGE_LOOP('',(#688,#689,#690,#691));
#2122=EDGE_LOOP('',(#692,#693,#694,#695));
#2123=EDGE_LOOP('',(#696,#697,#698,#699));
#2124=EDGE_LOOP('',(#700,#701,#702,#703));
#2125=EDGE_LOOP('',(#704,#705,#706,#707));
#2126=EDGE_LOOP('',(#708,#709,#710,#711));
#2127=EDGE_LOOP('',(#712,#713,#714,#715));
#2128=EDGE_LOOP('',(#716));
#2129=EDGE_LOOP('',(#717));
#2130=EDGE_LOOP('',(#718));
#2131=EDGE_LOOP('',(#719));
#2132=EDGE_LOOP('',(#720));
#2133=EDGE_LOOP('',(#721));
#2134=EDGE_LOOP('',(#722));
#2135=EDGE_LOOP('',(#723));
#2136=EDGE_LOOP('',(#724));
#2137=EDGE_LOOP('',(#725));
#2138=EDGE_LOOP('',(#726));
#2139=EDGE_LOOP('',(#727));
#2140=EDGE_LOOP('',(#728));
#2141=EDGE_LOOP('',(#729));
#2142=EDGE_LOOP('',(#730));
#2143=EDGE_LOOP('',(#731));
#2144=EDGE_LOOP('',(#732,#733,#734,#735));
#2145=EDGE_LOOP('',(#736,#737,#738,#739));
#2146=EDGE_LOOP('',(#740,#741,#742,#743));
#2147=EDGE_LOOP('',(#744,#745,#746,#747));
#2148=EDGE_LOOP('',(#748,#749,#750,#751));
#2149=EDGE_LOOP('',(#752,#753,#754,#755));
#2150=EDGE_LOOP('',(#756));
#2151=EDGE_LOOP('',(#757));
#2152=EDGE_LOOP('',(#758));
#2153=EDGE_LOOP('',(#759));
#2154=EDGE_LOOP('',(#760));
#2155=EDGE_LOOP('',(#761));
#2156=EDGE_LOOP('',(#762));
#2157=EDGE_LOOP('',(#763));
#2158=EDGE_LOOP('',(#764));
#2159=EDGE_LOOP('',(#765));
#2160=EDGE_LOOP('',(#766));
#2161=EDGE_LOOP('',(#767));
#2162=EDGE_LOOP('',(#768));
#2163=EDGE_LOOP('',(#769));
#2164=EDGE_LOOP('',(#770));
#2165=EDGE_LOOP('',(#771));
#2166=EDGE_LOOP('',(#772,#773,#774,#775));
#2167=EDGE_LOOP('',(#776,#777,#778,#779));
#2168=EDGE_LOOP('',(#780,#781,#782,#783));
#2169=EDGE_LOOP('',(#784,#785,#786,#787));
#2170=EDGE_LOOP('',(#788,#789,#790,#791));
#2171=EDGE_LOOP('',(#792,#793,#794,#795));
#2172=EDGE_LOOP('',(#796));
#2173=EDGE_LOOP('',(#797));
#2174=EDGE_LOOP('',(#798));
#2175=EDGE_LOOP('',(#799));
#2176=EDGE_LOOP('',(#800));
#2177=EDGE_LOOP('',(#801));
#2178=EDGE_LOOP('',(#802));
#2179=EDGE_LOOP('',(#803));
#2180=EDGE_LOOP('',(#804));
#2181=EDGE_LOOP('',(#805));
#2182=EDGE_LOOP('',(#806));
#2183=EDGE_LOOP('',(#807));
#2184=EDGE_LOOP('',(#808));
#2185=EDGE_LOOP('',(#809));
#2186=EDGE_LOOP('',(#810));
#2187=EDGE_LOOP('',(#811));
#2188=EDGE_LOOP('',(#812,#813,#814,#815));
#2189=EDGE_LOOP('',(#816,#817,#818,#819));
#2190=EDGE_LOOP('',(#820,#821,#822,#823));
#2191=EDGE_LOOP('',(#824,#825,#826,#827));
#2192=EDGE_LOOP('',(#828,#829,#830,#831));
#2193=EDGE_LOOP('',(#832,#833,#834,#835));
#2194=EDGE_LOOP('',(#836));
#2195=EDGE_LOOP('',(#837));
#2196=EDGE_LOOP('',(#838));
#2197=EDGE_LOOP('',(#839));
#2198=EDGE_LOOP('',(#840));
#2199=EDGE_LOOP('',(#841));
#2200=EDGE_LOOP('',(#842));
#2201=EDGE_LOOP('',(#843));
#2202=EDGE_LOOP('',(#844));
#2203=EDGE_LOOP('',(#845));
#2204=EDGE_LOOP('',(#846));
#2205=EDGE_LOOP('',(#847));
#2206=EDGE_LOOP('',(#848));
#2207=EDGE_LOOP('',(#849));
#2208=EDGE_LOOP('',(#850));
#2209=EDGE_LOOP('',(#851));
#2210=EDGE_LOOP('',(#852));
#2211=EDGE_LOOP('',(#853));
#2212=EDGE_LOOP('',(#854));
#2213=EDGE_LOOP('',(#855));
#2214=EDGE_LOOP('',(#856));
#2215=EDGE_LOOP('',(#857));
#2216=EDGE_LOOP('',(#858));
#2217=EDGE_LOOP('',(#859));
#2218=EDGE_LOOP('',(#860));
#2219=EDGE_LOOP('',(#861));
#2220=EDGE_LOOP('',(#862));
#2221=EDGE_LOOP('',(#863));
#2222=EDGE_LOOP('',(#864));
#2223=EDGE_LOOP('',(#865));
#2224=EDGE_LOOP('',(#866));
#2225=EDGE_LOOP('',(#867));
#2226=EDGE_LOOP('',(#868));
#2227=EDGE_LOOP('',(#869));
#2228=EDGE_LOOP('',(#870));
#2229=EDGE_LOOP('',(#871));
#2230=EDGE_LOOP('',(#872));
#2231=EDGE_LOOP('',(#873));
#2232=EDGE_LOOP('',(#874));
#2233=EDGE_LOOP('',(#875));
#2234=EDGE_LOOP('',(#876));
#2235=EDGE_LOOP('',(#877));
#2236=EDGE_LOOP('',(#878));
#2237=EDGE_LOOP('',(#879));
#2238=EDGE_LOOP('',(#880));
#2239=EDGE_LOOP('',(#881));
#2240=EDGE_LOOP('',(#882));
#2241=EDGE_LOOP('',(#883));
#2242=EDGE_LOOP('',(#884));
#2243=EDGE_LOOP('',(#885));
#2244=EDGE_LOOP('',(#886));
#2245=EDGE_LOOP('',(#887));
#2246=EDGE_LOOP('',(#888));
#2247=EDGE_LOOP('',(#889));
#2248=EDGE_LOOP('',(#890));
#2249=EDGE_LOOP('',(#891));
#2250=EDGE_LOOP('',(#892));
#2251=EDGE_LOOP('',(#893));
#2252=EDGE_LOOP('',(#894));
#2253=EDGE_LOOP('',(#895));
#2254=EDGE_LOOP('',(#896));
#2255=EDGE_LOOP('',(#897));
#2256=EDGE_LOOP('',(#898));
#2257=EDGE_LOOP('',(#899));
#2258=EDGE_LOOP('',(#900));
#2259=EDGE_LOOP('',(#901));
#2260=EDGE_LOOP('',(#902));
#2261=EDGE_LOOP('',(#903));
#2262=EDGE_LOOP('',(#904));
#2263=EDGE_LOOP('',(#905));
#2264=EDGE_LOOP('',(#906));
#2265=EDGE_LOOP('',(#907));
#2266=EDGE_LOOP('',(#908));
#2267=EDGE_LOOP('',(#909));
#2268=EDGE_LOOP('',(#910));
#2269=EDGE_LOOP('',(#911));
#2270=EDGE_LOOP('',(#912));
#2271=EDGE_LOOP('',(#913));
#2272=EDGE_LOOP('',(#914));
#2273=EDGE_LOOP('',(#915));
#2274=EDGE_LOOP('',(#916));
#2275=EDGE_LOOP('',(#917));
#2276=EDGE_LOOP('',(#918));
#2277=EDGE_LOOP('',(#919));
#2278=EDGE_LOOP('',(#920));
#2279=EDGE_LOOP('',(#921));
#2280=EDGE_LOOP('',(#922));
#2281=EDGE_LOOP('',(#923));
#2282=EDGE_LOOP('',(#924));
#2283=EDGE_LOOP('',(#925));
#2284=EDGE_LOOP('',(#926));
#2285=EDGE_LOOP('',(#927));
#2286=EDGE_LOOP('',(#928));
#2287=EDGE_LOOP('',(#929));
#2288=EDGE_LOOP('',(#930));
#2289=EDGE_LOOP('',(#931));
#2290=EDGE_LOOP('',(#932));
#2291=EDGE_LOOP('',(#933));
#2292=EDGE_LOOP('',(#934));
#2293=EDGE_LOOP('',(#935));
#2294=EDGE_LOOP('',(#936));
#2295=EDGE_LOOP('',(#937));
#2296=EDGE_LOOP('',(#938));
#2297=EDGE_LOOP('',(#939));
#2298=EDGE_LOOP('',(#940));
#2299=EDGE_LOOP('',(#941));
#2300=EDGE_LOOP('',(#942));
#2301=EDGE_LOOP('',(#943));
#2302=EDGE_LOOP('',(#944));
#2303=EDGE_LOOP('',(#945));
#2304=EDGE_LOOP('',(#946));
#2305=EDGE_LOOP('',(#947));
#2306=EDGE_LOOP('',(#948));
#2307=EDGE_LOOP('',(#949));
#2308=EDGE_LOOP('',(#950));
#2309=EDGE_LOOP('',(#951));
#2310=EDGE_LOOP('',(#952));
#2311=EDGE_LOOP('',(#953));
#2312=EDGE_LOOP('',(#954));
#2313=EDGE_LOOP('',(#955));
#2314=EDGE_LOOP('',(#956));
#2315=EDGE_LOOP('',(#957));
#2316=EDGE_LOOP('',(#958));
#2317=EDGE_LOOP('',(#959));
#2318=EDGE_LOOP('',(#960));
#2319=EDGE_LOOP('',(#961));
#2320=EDGE_LOOP('',(#962));
#2321=EDGE_LOOP('',(#963));
#2322=EDGE_LOOP('',(#964));
#2323=EDGE_LOOP('',(#965));
#2324=EDGE_LOOP('',(#966));
#2325=EDGE_LOOP('',(#967));
#2326=EDGE_LOOP('',(#968));
#2327=EDGE_LOOP('',(#969));
#2328=EDGE_LOOP('',(#970));
#2329=EDGE_LOOP('',(#971));
#2330=EDGE_LOOP('',(#972));
#2331=EDGE_LOOP('',(#973));
#2332=EDGE_LOOP('',(#974));
#2333=EDGE_LOOP('',(#975));
#2334=EDGE_LOOP('',(#976));
#2335=EDGE_LOOP('',(#977));
#2336=EDGE_LOOP('',(#978));
#2337=EDGE_LOOP('',(#979));
#2338=EDGE_LOOP('',(#980));
#2339=EDGE_LOOP('',(#981));
#2340=EDGE_LOOP('',(#982));
#2341=EDGE_LOOP('',(#983));
#2342=EDGE_LOOP('',(#984));
#2343=EDGE_LOOP('',(#985));
#2344=EDGE_LOOP('',(#986));
#2345=EDGE_LOOP('',(#987));
#2346=EDGE_LOOP('',(#988));
#2347=EDGE_LOOP('',(#989));
#2348=EDGE_LOOP('',(#990));
#2349=EDGE_LOOP('',(#991));
#2350=EDGE_LOOP('',(#992));
#2351=EDGE_LOOP('',(#993));
#2352=EDGE_LOOP('',(#994));
#2353=EDGE_LOOP('',(#995));
#2354=FACE_BOUND('',#1960,.T.);
#2355=FACE_BOUND('',#1961,.T.);
#2356=FACE_BOUND('',#1962,.T.);
#2357=FACE_BOUND('',#1963,.T.);
#2358=FACE_BOUND('',#1964,.T.);
#2359=FACE_BOUND('',#1965,.T.);
#2360=FACE_BOUND('',#1966,.T.);
#2361=FACE_BOUND('',#1967,.T.);
#2362=FACE_BOUND('',#1968,.T.);
#2363=FACE_BOUND('',#1969,.T.);
#2364=FACE_BOUND('',#1970,.T.);
#2365=FACE_BOUND('',#1971,.T.);
#2366=FACE_BOUND('',#1972,.T.);
#2367=FACE_BOUND('',#1973,.T.);
#2368=FACE_BOUND('',#1974,.T.);
#2369=FACE_BOUND('',#1975,.T.);
#2370=FACE_BOUND('',#1976,.T.);
#2371=FACE_BOUND('',#1977,.T.);
#2372=FACE_BOUND('',#1978,.T.);
#2373=FACE_BOUND('',#1979,.T.);
#2374=FACE_BOUND('',#1980,.T.);
#2375=FACE_BOUND('',#1981,.T.);
#2376=FACE_BOUND('',#1982,.T.);
#2377=FACE_BOUND('',#1983,.T.);
#2378=FACE_BOUND('',#1984,.T.);
#2379=FACE_BOUND('',#1985,.T.);
#2380=FACE_BOUND('',#1986,.T.);
#2381=FACE_BOUND('',#1987,.T.);
#2382=FACE_BOUND('',#1988,.T.);
#2383=FACE_BOUND('',#1989,.T.);
#2384=FACE_BOUND('',#1990,.T.);
#2385=FACE_BOUND('',#1991,.T.);
#2386=FACE_BOUND('',#1992,.T.);
#2387=FACE_BOUND('',#1993,.T.);
#2388=FACE_BOUND('',#1994,.T.);
#2389=FACE_BOUND('',#1995,.T.);
#2390=FACE_BOUND('',#1996,.T.);
#2391=FACE_BOUND('',#1997,.T.);
#2392=FACE_BOUND('',#1998,.T.);
#2393=FACE_BOUND('',#1999,.T.);
#2394=FACE_BOUND('',#2000,.T.);
#2395=FACE_BOUND('',#2001,.T.);
#2396=FACE_BOUND('',#2002,.T.);
#2397=FACE_BOUND('',#2003,.T.);
#2398=FACE_BOUND('',#2004,.T.);
#2399=FACE_BOUND('',#2005,.T.);
#2400=FACE_BOUND('',#2006,.T.);
#2401=FACE_BOUND('',#2007,.T.);
#2402=FACE_BOUND('',#2008,.T.);
#2403=FACE_BOUND('',#2009,.T.);
#2404=FACE_BOUND('',#2010,.T.);
#2405=FACE_BOUND('',#2011,.T.);
#2406=FACE_BOUND('',#2012,.T.);
#2407=FACE_BOUND('',#2013,.T.);
#2408=FACE_BOUND('',#2014,.T.);
#2409=FACE_BOUND('',#2015,.T.);
#2410=FACE_BOUND('',#2016,.T.);
#2411=FACE_BOUND('',#2017,.T.);
#2412=FACE_BOUND('',#2018,.T.);
#2413=FACE_BOUND('',#2019,.T.);
#2414=FACE_BOUND('',#2020,.T.);
#2415=FACE_BOUND('',#2021,.T.);
#2416=FACE_BOUND('',#2022,.T.);
#2417=FACE_BOUND('',#2023,.T.);
#2418=FACE_BOUND('',#2024,.T.);
#2419=FACE_BOUND('',#2025,.T.);
#2420=FACE_BOUND('',#2026,.T.);
#2421=FACE_BOUND('',#2027,.T.);
#2422=FACE_BOUND('',#2028,.T.);
#2423=FACE_BOUND('',#2029,.T.);
#2424=FACE_BOUND('',#2030,.T.);
#2425=FACE_BOUND('',#2031,.T.);
#2426=FACE_BOUND('',#2032,.T.);
#2427=FACE_BOUND('',#2033,.T.);
#2428=FACE_BOUND('',#2034,.T.);
#2429=FACE_BOUND('',#2035,.T.);
#2430=FACE_BOUND('',#2036,.T.);
#2431=FACE_BOUND('',#2037,.T.);
#2432=FACE_BOUND('',#2038,.T.);
#2433=FACE_BOUND('',#2039,.T.);
#2434=FACE_BOUND('',#2040,.T.);
#2435=FACE_BOUND('',#2041,.T.);
#2436=FACE_BOUND('',#2042,.T.);
#2437=FACE_BOUND('',#2043,.T.);
#2438=FACE_BOUND('',#2044,.T.);
#2439=FACE_BOUND('',#2045,.T.);
#2440=FACE_BOUND('',#2046,.T.);
#2441=FACE_BOUND('',#2047,.T.);
#2442=FACE_BOUND('',#2048,.T.);
#2443=FACE_BOUND('',#2049,.T.);
#2444=FACE_BOUND('',#2050,.T.);
#2445=FACE_BOUND('',#2051,.T.);
#2446=FACE_BOUND('',#2052,.T.);
#2447=FACE_BOUND('',#2053,.T.);
#2448=FACE_BOUND('',#2054,.T.);
#2449=FACE_BOUND('',#2055,.T.);
#2450=FACE_BOUND('',#2056,.T.);
#2451=FACE_BOUND('',#2057,.T.);
#2452=FACE_BOUND('',#2058,.T.);
#2453=FACE_BOUND('',#2059,.T.);
#2454=FACE_BOUND('',#2060,.T.);
#2455=FACE_BOUND('',#2061,.T.);
#2456=FACE_BOUND('',#2062,.T.);
#2457=FACE_BOUND('',#2063,.T.);
#2458=FACE_BOUND('',#2064,.T.);
#2459=FACE_BOUND('',#2065,.T.);
#2460=FACE_BOUND('',#2066,.T.);
#2461=FACE_BOUND('',#2067,.T.);
#2462=FACE_BOUND('',#2068,.T.);
#2463=FACE_BOUND('',#2069,.T.);
#2464=FACE_BOUND('',#2070,.T.);
#2465=FACE_BOUND('',#2071,.T.);
#2466=FACE_BOUND('',#2072,.T.);
#2467=FACE_BOUND('',#2073,.T.);
#2468=FACE_BOUND('',#2074,.T.);
#2469=FACE_BOUND('',#2075,.T.);
#2470=FACE_BOUND('',#2076,.T.);
#2471=FACE_BOUND('',#2077,.T.);
#2472=FACE_BOUND('',#2078,.T.);
#2473=FACE_BOUND('',#2079,.T.);
#2474=FACE_BOUND('',#2080,.T.);
#2475=FACE_BOUND('',#2081,.T.);
#2476=FACE_BOUND('',#2082,.T.);
#2477=FACE_BOUND('',#2083,.T.);
#2478=FACE_BOUND('',#2084,.T.);
#2479=FACE_BOUND('',#2085,.T.);
#2480=FACE_BOUND('',#2086,.T.);
#2481=FACE_BOUND('',#2087,.T.);
#2482=FACE_BOUND('',#2088,.T.);
#2483=FACE_BOUND('',#2089,.T.);
#2484=FACE_BOUND('',#2090,.T.);
#2485=FACE_BOUND('',#2091,.T.);
#2486=FACE_BOUND('',#2092,.T.);
#2487=FACE_BOUND('',#2093,.T.);
#2488=FACE_BOUND('',#2094,.T.);
#2489=FACE_BOUND('',#2095,.T.);
#2490=FACE_BOUND('',#2096,.T.);
#2491=FACE_BOUND('',#2097,.T.);
#2492=FACE_BOUND('',#2098,.T.);
#2493=FACE_BOUND('',#2099,.T.);
#2494=FACE_BOUND('',#2100,.T.);
#2495=FACE_BOUND('',#2101,.T.);
#2496=FACE_BOUND('',#2102,.T.);
#2497=FACE_BOUND('',#2103,.T.);
#2498=FACE_BOUND('',#2104,.T.);
#2499=FACE_BOUND('',#2105,.T.);
#2500=FACE_BOUND('',#2106,.T.);
#2501=FACE_BOUND('',#2107,.T.);
#2502=FACE_BOUND('',#2108,.T.);
#2503=FACE_BOUND('',#2109,.T.);
#2504=FACE_BOUND('',#2110,.T.);
#2505=FACE_BOUND('',#2111,.T.);
#2506=FACE_BOUND('',#2112,.T.);
#2507=FACE_BOUND('',#2113,.T.);
#2508=FACE_BOUND('',#2114,.T.);
#2509=FACE_BOUND('',#2115,.T.);
#2510=FACE_BOUND('',#2116,.T.);
#2511=FACE_BOUND('',#2117,.T.);
#2512=FACE_BOUND('',#2118,.T.);
#2513=FACE_BOUND('',#2119,.T.);
#2514=FACE_BOUND('',#2120,.T.);
#2515=FACE_BOUND('',#2121,.T.);
#2516=FACE_BOUND('',#2122,.T.);
#2517=FACE_BOUND('',#2123,.T.);
#2518=FACE_BOUND('',#2124,.T.);
#2519=FACE_BOUND('',#2125,.T.);
#2520=FACE_BOUND('',#2126,.T.);
#2521=FACE_BOUND('',#2127,.T.);
#2522=FACE_BOUND('',#2128,.T.);
#2523=FACE_BOUND('',#2129,.T.);
#2524=FACE_BOUND('',#2130,.T.);
#2525=FACE_BOUND('',#2131,.T.);
#2526=FACE_BOUND('',#2132,.T.);
#2527=FACE_BOUND('',#2133,.T.);
#2528=FACE_BOUND('',#2134,.T.);
#2529=FACE_BOUND('',#2135,.T.);
#2530=FACE_BOUND('',#2136,.T.);
#2531=FACE_BOUND('',#2137,.T.);
#2532=FACE_BOUND('',#2138,.T.);
#2533=FACE_BOUND('',#2139,.T.);
#2534=FACE_BOUND('',#2140,.T.);
#2535=FACE_BOUND('',#2141,.T.);
#2536=FACE_BOUND('',#2142,.T.);
#2537=FACE_BOUND('',#2143,.T.);
#2538=FACE_BOUND('',#2144,.T.);
#2539=FACE_BOUND('',#2145,.T.);
#2540=FACE_BOUND('',#2146,.T.);
#2541=FACE_BOUND('',#2147,.T.);
#2542=FACE_BOUND('',#2148,.T.);
#2543=FACE_BOUND('',#2149,.T.);
#2544=FACE_BOUND('',#2150,.T.);
#2545=FACE_BOUND('',#2151,.T.);
#2546=FACE_BOUND('',#2152,.T.);
#2547=FACE_BOUND('',#2153,.T.);
#2548=FACE_BOUND('',#2154,.T.);
#2549=FACE_BOUND('',#2155,.T.);
#2550=FACE_BOUND('',#2156,.T.);
#2551=FACE_BOUND('',#2157,.T.);
#2552=FACE_BOUND('',#2158,.T.);
#2553=FACE_BOUND('',#2159,.T.);
#2554=FACE_BOUND('',#2160,.T.);
#2555=FACE_BOUND('',#2161,.T.);
#2556=FACE_BOUND('',#2162,.T.);
#2557=FACE_BOUND('',#2163,.T.);
#2558=FACE_BOUND('',#2164,.T.);
#2559=FACE_BOUND('',#2165,.T.);
#2560=FACE_BOUND('',#2166,.T.);
#2561=FACE_BOUND('',#2167,.T.);
#2562=FACE_BOUND('',#2168,.T.);
#2563=FACE_BOUND('',#2169,.T.);
#2564=FACE_BOUND('',#2170,.T.);
#2565=FACE_BOUND('',#2171,.T.);
#2566=FACE_BOUND('',#2172,.T.);
#2567=FACE_BOUND('',#2173,.T.);
#2568=FACE_BOUND('',#2174,.T.);
#2569=FACE_BOUND('',#2175,.T.);
#2570=FACE_BOUND('',#2176,.T.);
#2571=FACE_BOUND('',#2177,.T.);
#2572=FACE_BOUND('',#2178,.T.);
#2573=FACE_BOUND('',#2179,.T.);
#2574=FACE_BOUND('',#2180,.T.);
#2575=FACE_BOUND('',#2181,.T.);
#2576=FACE_BOUND('',#2182,.T.);
#2577=FACE_BOUND('',#2183,.T.);
#2578=FACE_BOUND('',#2184,.T.);
#2579=FACE_BOUND('',#2185,.T.);
#2580=FACE_BOUND('',#2186,.T.);
#2581=FACE_BOUND('',#2187,.T.);
#2582=FACE_BOUND('',#2188,.T.);
#2583=FACE_BOUND('',#2189,.T.);
#2584=FACE_BOUND('',#2190,.T.);
#2585=FACE_BOUND('',#2191,.T.);
#2586=FACE_BOUND('',#2192,.T.);
#2587=FACE_BOUND('',#2193,.T.);
#2588=FACE_BOUND('',#2194,.T.);
#2589=FACE_BOUND('',#2195,.T.);
#2590=FACE_BOUND('',#2196,.T.);
#2591=FACE_BOUND('',#2197,.T.);
#2592=FACE_BOUND('',#2198,.T.);
#2593=FACE_BOUND('',#2199,.T.);
#2594=FACE_BOUND('',#2200,.T.);
#2595=FACE_BOUND('',#2201,.T.);
#2596=FACE_BOUND('',#2202,.T.);
#2597=FACE_BOUND('',#2203,.T.);
#2598=FACE_BOUND('',#2204,.T.);
#2599=FACE_BOUND('',#2205,.T.);
#2600=FACE_BOUND('',#2206,.T.);
#2601=FACE_BOUND('',#2207,.T.);
#2602=FACE_BOUND('',#2208,.T.);
#2603=FACE_BOUND('',#2209,.T.);
#2604=FACE_BOUND('',#2210,.T.);
#2605=FACE_BOUND('',#2211,.T.);
#2606=FACE_BOUND('',#2212,.T.);
#2607=FACE_BOUND('',#2213,.T.);
#2608=FACE_BOUND('',#2214,.T.);
#2609=FACE_BOUND('',#2215,.T.);
#2610=FACE_BOUND('',#2216,.T.);
#2611=FACE_BOUND('',#2217,.T.);
#2612=FACE_BOUND('',#2218,.T.);
#2613=FACE_BOUND('',#2219,.T.);
#2614=FACE_BOUND('',#2220,.T.);
#2615=FACE_BOUND('',#2221,.T.);
#2616=FACE_BOUND('',#2222,.T.);
#2617=FACE_BOUND('',#2223,.T.);
#2618=FACE_BOUND('',#2224,.T.);
#2619=FACE_BOUND('',#2225,.T.);
#2620=FACE_BOUND('',#2226,.T.);
#2621=FACE_BOUND('',#2227,.T.);
#2622=FACE_BOUND('',#2228,.T.);
#2623=FACE_BOUND('',#2229,.T.);
#2624=FACE_BOUND('',#2230,.T.);
#2625=FACE_BOUND('',#2231,.T.);
#2626=FACE_BOUND('',#2232,.T.);
#2627=FACE_BOUND('',#2233,.T.);
#2628=FACE_BOUND('',#2234,.T.);
#2629=FACE_BOUND('',#2235,.T.);
#2630=FACE_BOUND('',#2236,.T.);
#2631=FACE_BOUND('',#2237,.T.);
#2632=FACE_BOUND('',#2238,.T.);
#2633=FACE_BOUND('',#2239,.T.);
#2634=FACE_BOUND('',#2240,.T.);
#2635=FACE_BOUND('',#2241,.T.);
#2636=FACE_BOUND('',#2242,.T.);
#2637=FACE_BOUND('',#2243,.T.);
#2638=FACE_BOUND('',#2244,.T.);
#2639=FACE_BOUND('',#2245,.T.);
#2640=FACE_BOUND('',#2246,.T.);
#2641=FACE_BOUND('',#2247,.T.);
#2642=FACE_BOUND('',#2248,.T.);
#2643=FACE_BOUND('',#2249,.T.);
#2644=FACE_BOUND('',#2250,.T.);
#2645=FACE_BOUND('',#2251,.T.);
#2646=FACE_BOUND('',#2252,.T.);
#2647=FACE_BOUND('',#2253,.T.);
#2648=FACE_BOUND('',#2254,.T.);
#2649=FACE_BOUND('',#2255,.T.);
#2650=FACE_BOUND('',#2256,.T.);
#2651=FACE_BOUND('',#2257,.T.);
#2652=FACE_BOUND('',#2258,.T.);
#2653=FACE_BOUND('',#2259,.T.);
#2654=FACE_BOUND('',#2260,.T.);
#2655=FACE_BOUND('',#2261,.T.);
#2656=FACE_BOUND('',#2262,.T.);
#2657=FACE_BOUND('',#2263,.T.);
#2658=FACE_BOUND('',#2264,.T.);
#2659=FACE_BOUND('',#2265,.T.);
#2660=FACE_BOUND('',#2266,.T.);
#2661=FACE_BOUND('',#2267,.T.);
#2662=FACE_BOUND('',#2268,.T.);
#2663=FACE_BOUND('',#2269,.T.);
#2664=FACE_BOUND('',#2270,.T.);
#2665=FACE_BOUND('',#2271,.T.);
#2666=FACE_BOUND('',#2272,.T.);
#2667=FACE_BOUND('',#2273,.T.);
#2668=FACE_BOUND('',#2274,.T.);
#2669=FACE_BOUND('',#2275,.T.);
#2670=FACE_BOUND('',#2276,.T.);
#2671=FACE_BOUND('',#2277,.T.);
#2672=FACE_BOUND('',#2278,.T.);
#2673=FACE_BOUND('',#2279,.T.);
#2674=FACE_BOUND('',#2280,.T.);
#2675=FACE_BOUND('',#2281,.T.);
#2676=FACE_BOUND('',#2282,.T.);
#2677=FACE_BOUND('',#2283,.T.);
#2678=FACE_BOUND('',#2284,.T.);
#2679=FACE_BOUND('',#2285,.T.);
#2680=FACE_BOUND('',#2286,.T.);
#2681=FACE_BOUND('',#2287,.T.);
#2682=FACE_BOUND('',#2288,.T.);
#2683=FACE_BOUND('',#2289,.T.);
#2684=FACE_BOUND('',#2290,.T.);
#2685=FACE_BOUND('',#2291,.T.);
#2686=FACE_BOUND('',#2292,.T.);
#2687=FACE_BOUND('',#2293,.T.);
#2688=FACE_BOUND('',#2294,.T.);
#2689=FACE_BOUND('',#2295,.T.);
#2690=FACE_BOUND('',#2296,.T.);
#2691=FACE_BOUND('',#2297,.T.);
#2692=FACE_BOUND('',#2298,.T.);
#2693=FACE_BOUND('',#2299,.T.);
#2694=FACE_BOUND('',#2300,.T.);
#2695=FACE_BOUND('',#2301,.T.);
#2696=FACE_BOUND('',#2302,.T.);
#2697=FACE_BOUND('',#2303,.T.);
#2698=FACE_BOUND('',#2304,.T.);
#2699=FACE_BOUND('',#2305,.T.);
#2700=FACE_BOUND('',#2306,.T.);
#2701=FACE_BOUND('',#2307,.T.);
#2702=FACE_BOUND('',#2308,.T.);
#2703=FACE_BOUND('',#2309,.T.);
#2704=FACE_BOUND('',#2310,.T.);
#2705=FACE_BOUND('',#2311,.T.);
#2706=FACE_BOUND('',#2312,.T.);
#2707=FACE_BOUND('',#2313,.T.);
#2708=FACE_BOUND('',#2314,.T.);
#2709=FACE_BOUND('',#2315,.T.);
#2710=FACE_BOUND('',#2316,.T.);
#2711=FACE_BOUND('',#2317,.T.);
#2712=FACE_BOUND('',#2318,.T.);
#2713=FACE_BOUND('',#2319,.T.);
#2714=FACE_BOUND('',#2320,.T.);
#2715=FACE_BOUND('',#2321,.T.);
#2716=FACE_BOUND('',#2322,.T.);
#2717=FACE_BOUND('',#2323,.T.);
#2718=FACE_BOUND('',#2324,.T.);
#2719=FACE_BOUND('',#2325,.T.);
#2720=FACE_BOUND('',#2326,.T.);
#2721=FACE_BOUND('',#2327,.T.);
#2722=FACE_BOUND('',#2328,.T.);
#2723=FACE_BOUND('',#2329,.T.);
#2724=FACE_BOUND('',#2330,.T.);
#2725=FACE_BOUND('',#2331,.T.);
#2726=FACE_BOUND('',#2332,.T.);
#2727=FACE_BOUND('',#2333,.T.);
#2728=FACE_BOUND('',#2334,.T.);
#2729=FACE_BOUND('',#2335,.T.);
#2730=FACE_BOUND('',#2336,.T.);
#2731=FACE_BOUND('',#2337,.T.);
#2732=FACE_BOUND('',#2338,.T.);
#2733=FACE_BOUND('',#2339,.T.);
#2734=FACE_BOUND('',#2340,.T.);
#2735=FACE_BOUND('',#2341,.T.);
#2736=FACE_BOUND('',#2342,.T.);
#2737=FACE_BOUND('',#2343,.T.);
#2738=FACE_BOUND('',#2344,.T.);
#2739=FACE_BOUND('',#2345,.T.);
#2740=FACE_BOUND('',#2346,.T.);
#2741=FACE_BOUND('',#2347,.T.);
#2742=FACE_BOUND('',#2348,.T.);
#2743=FACE_BOUND('',#2349,.T.);
#2744=FACE_BOUND('',#2350,.T.);
#2745=FACE_BOUND('',#2351,.T.);
#2746=FACE_BOUND('',#2352,.T.);
#2747=FACE_BOUND('',#2353,.T.);
#2748=PLANE('',#3654);
#2749=PLANE('',#3655);
#2750=PLANE('',#3656);
#2751=PLANE('',#3657);
#2752=PLANE('',#3658);
#2753=PLANE('',#3659);
#2754=PLANE('',#3661);
#2755=PLANE('',#3664);
#2756=PLANE('',#3670);
#2757=PLANE('',#3671);
#2758=PLANE('',#3672);
#2759=PLANE('',#3673);
#2760=PLANE('',#3674);
#2761=PLANE('',#3675);
#2762=PLANE('',#3677);
#2763=PLANE('',#3678);
#2764=PLANE('',#3679);
#2765=PLANE('',#3680);
#2766=PLANE('',#3681);
#2767=PLANE('',#3682);
#2768=PLANE('',#3684);
#2769=PLANE('',#3685);
#2770=PLANE('',#3686);
#2771=PLANE('',#3687);
#2772=PLANE('',#3688);
#2773=PLANE('',#3689);
#2774=PLANE('',#3691);
#2775=PLANE('',#3694);
#2776=PLANE('',#3700);
#2777=PLANE('',#3701);
#2778=PLANE('',#3702);
#2779=PLANE('',#3703);
#2780=PLANE('',#3704);
#2781=PLANE('',#3705);
#2782=PLANE('',#3707);
#2783=PLANE('',#3710);
#2784=PLANE('',#3719);
#2785=PLANE('',#3720);
#2786=PLANE('',#3721);
#2787=PLANE('',#3722);
#2788=PLANE('',#3723);
#2789=PLANE('',#3735);
#2790=PLANE('',#3759);
#2791=PLANE('',#3760);
#2792=PLANE('',#3761);
#2793=PLANE('',#3762);
#2794=PLANE('',#3763);
#2795=PLANE('',#3764);
#2796=PLANE('',#3766);
#2797=PLANE('',#3767);
#2798=PLANE('',#3768);
#2799=PLANE('',#3769);
#2800=PLANE('',#3770);
#2801=PLANE('',#3771);
#2802=PLANE('',#3773);
#2803=PLANE('',#3776);
#2804=PLANE('',#3782);
#2805=PLANE('',#3785);
#2806=PLANE('',#3791);
#2807=PLANE('',#3792);
#2808=PLANE('',#3793);
#2809=PLANE('',#3794);
#2810=PLANE('',#3795);
#2811=PLANE('',#3796);
#2812=PLANE('',#3798);
#2813=PLANE('',#3799);
#2814=PLANE('',#3800);
#2815=PLANE('',#3801);
#2816=PLANE('',#3802);
#2817=PLANE('',#3803);
#2818=PLANE('',#3805);
#2819=PLANE('',#3808);
#2820=PLANE('',#3814);
#2821=PLANE('',#3815);
#2822=PLANE('',#3816);
#2823=PLANE('',#3817);
#2824=PLANE('',#3818);
#2825=PLANE('',#3819);
#2826=PLANE('',#3821);
#2827=PLANE('',#3822);
#2828=PLANE('',#3823);
#2829=PLANE('',#3824);
#2830=PLANE('',#3825);
#2831=PLANE('',#3826);
#2832=PLANE('',#3828);
#2833=PLANE('',#3831);
#2834=PLANE('',#3837);
#2835=PLANE('',#3840);
#2836=PLANE('',#3846);
#2837=PLANE('',#3847);
#2838=PLANE('',#3848);
#2839=PLANE('',#3849);
#2840=PLANE('',#3850);
#2841=PLANE('',#3851);
#2842=PLANE('',#3853);
#2843=PLANE('',#3856);
#2844=PLANE('',#3862);
#2845=PLANE('',#3865);
#2846=PLANE('',#3871);
#2847=PLANE('',#3872);
#2848=PLANE('',#3873);
#2849=PLANE('',#3874);
#2850=PLANE('',#3875);
#2851=PLANE('',#3876);
#2852=PLANE('',#3878);
#2853=PLANE('',#3881);
#2854=PLANE('',#3887);
#2855=PLANE('',#3890);
#2856=PLANE('',#3896);
#2857=PLANE('',#3897);
#2858=PLANE('',#3898);
#2859=PLANE('',#3899);
#2860=PLANE('',#3900);
#2861=PLANE('',#3901);
#2862=PLANE('',#3903);
#2863=PLANE('',#3906);
#2864=PLANE('',#3912);
#2865=PLANE('',#3919);
#2866=PLANE('',#3921);
#2867=PLANE('',#3924);
#2868=PLANE('',#3930);
#2869=PLANE('',#3933);
#2870=PLANE('',#3939);
#2871=PLANE('',#3942);
#2872=PLANE('',#3948);
#2873=PLANE('',#3951);
#2874=PLANE('',#3957);
#2875=PLANE('',#3960);
#2876=PLANE('',#3966);
#2877=PLANE('',#3969);
#2878=PLANE('',#3975);
#2879=PLANE('',#3978);
#2880=PLANE('',#3984);
#2881=PLANE('',#3987);
#2882=PLANE('',#3993);
#2883=PLANE('',#3996);
#2884=PLANE('',#4002);
#2885=PLANE('',#4005);
#2886=PLANE('',#4011);
#2887=PLANE('',#4014);
#2888=PLANE('',#4020);
#2889=PLANE('',#4023);
#2890=PLANE('',#4029);
#2891=PLANE('',#4032);
#2892=PLANE('',#4038);
#2893=PLANE('',#4041);
#2894=PLANE('',#4047);
#2895=PLANE('',#4050);
#2896=PLANE('',#4056);
#2897=PLANE('',#4059);
#2898=PLANE('',#4065);
#2899=PLANE('',#4068);
#2900=PLANE('',#4074);
#2901=PLANE('',#4077);
#2902=ADVANCED_FACE('',(#2354),#2748,.T.);
#2903=ADVANCED_FACE('',(#2355),#2749,.F.);
#2904=ADVANCED_FACE('',(#2356),#2750,.F.);
#2905=ADVANCED_FACE('',(#2357),#2751,.T.);
#2906=ADVANCED_FACE('',(#2358),#2752,.T.);
#2907=ADVANCED_FACE('',(#2359),#2753,.F.);
#2908=ADVANCED_FACE('',(#2360,#2361),#2754,.F.);
#2909=ADVANCED_FACE('',(#2362,#2363),#2755,.T.);
#2910=ADVANCED_FACE('',(#2364,#2365),#10,.T.);
#2911=ADVANCED_FACE('',(#2366,#2367),#11,.F.);
#2912=ADVANCED_FACE('',(#2368),#2756,.T.);
#2913=ADVANCED_FACE('',(#2369),#2757,.F.);
#2914=ADVANCED_FACE('',(#2370),#2758,.F.);
#2915=ADVANCED_FACE('',(#2371),#2759,.T.);
#2916=ADVANCED_FACE('',(#2372),#2760,.T.);
#2917=ADVANCED_FACE('',(#2373),#2761,.F.);
#2918=ADVANCED_FACE('',(#2374),#2762,.T.);
#2919=ADVANCED_FACE('',(#2375),#2763,.F.);
#2920=ADVANCED_FACE('',(#2376),#2764,.F.);
#2921=ADVANCED_FACE('',(#2377),#2765,.T.);
#2922=ADVANCED_FACE('',(#2378),#2766,.T.);
#2923=ADVANCED_FACE('',(#2379),#2767,.F.);
#2924=ADVANCED_FACE('',(#2380),#2768,.F.);
#2925=ADVANCED_FACE('',(#2381),#2769,.F.);
#2926=ADVANCED_FACE('',(#2382),#2770,.T.);
#2927=ADVANCED_FACE('',(#2383),#2771,.T.);
#2928=ADVANCED_FACE('',(#2384),#2772,.T.);
#2929=ADVANCED_FACE('',(#2385),#2773,.F.);
#2930=ADVANCED_FACE('',(#2386,#2387),#2774,.F.);
#2931=ADVANCED_FACE('',(#2388,#2389),#2775,.T.);
#2932=ADVANCED_FACE('',(#2390,#2391),#12,.T.);
#2933=ADVANCED_FACE('',(#2392,#2393),#13,.F.);
#2934=ADVANCED_FACE('',(#2394),#2776,.T.);
#2935=ADVANCED_FACE('',(#2395),#2777,.F.);
#2936=ADVANCED_FACE('',(#2396),#2778,.F.);
#2937=ADVANCED_FACE('',(#2397),#2779,.T.);
#2938=ADVANCED_FACE('',(#2398),#2780,.T.);
#2939=ADVANCED_FACE('',(#2399),#2781,.F.);
#2940=ADVANCED_FACE('',(#2400,#2401),#2782,.F.);
#2941=ADVANCED_FACE('',(#2402,#2403),#2783,.T.);
#2942=ADVANCED_FACE('',(#2404,#2405),#14,.T.);
#2943=ADVANCED_FACE('',(#2406,#2407),#15,.F.);
#2944=ADVANCED_FACE('',(#2408,#2409),#16,.F.);
#2945=ADVANCED_FACE('',(#2410),#2784,.F.);
#2946=ADVANCED_FACE('',(#2411),#2785,.T.);
#2947=ADVANCED_FACE('',(#2412),#2786,.T.);
#2948=ADVANCED_FACE('',(#2413),#2787,.F.);
#2949=ADVANCED_FACE('',(#2414,#2415,#2416,#2417,#2418,#2419,#2420,#2421,
#2422,#2423,#2424,#2425,#2426),#2788,.F.);
#2950=ADVANCED_FACE('',(#2427,#2428,#2429,#2430,#2431,#2432,#2433,#2434,
#2435,#2436,#2437,#2438,#2439),#2789,.T.);
#2951=ADVANCED_FACE('',(#2440,#2441),#17,.F.);
#2952=ADVANCED_FACE('',(#2442,#2443),#18,.F.);
#2953=ADVANCED_FACE('',(#2444,#2445),#19,.F.);
#2954=ADVANCED_FACE('',(#2446,#2447),#20,.F.);
#2955=ADVANCED_FACE('',(#2448,#2449),#21,.F.);
#2956=ADVANCED_FACE('',(#2450,#2451),#22,.F.);
#2957=ADVANCED_FACE('',(#2452,#2453),#23,.F.);
#2958=ADVANCED_FACE('',(#2454,#2455),#24,.F.);
#2959=ADVANCED_FACE('',(#2456,#2457),#25,.F.);
#2960=ADVANCED_FACE('',(#2458,#2459),#26,.F.);
#2961=ADVANCED_FACE('',(#2460,#2461),#27,.F.);
#2962=ADVANCED_FACE('',(#2462),#2790,.T.);
#2963=ADVANCED_FACE('',(#2463),#2791,.F.);
#2964=ADVANCED_FACE('',(#2464),#2792,.F.);
#2965=ADVANCED_FACE('',(#2465),#2793,.T.);
#2966=ADVANCED_FACE('',(#2466),#2794,.T.);
#2967=ADVANCED_FACE('',(#2467),#2795,.F.);
#2968=ADVANCED_FACE('',(#2468),#2796,.T.);
#2969=ADVANCED_FACE('',(#2469),#2797,.F.);
#2970=ADVANCED_FACE('',(#2470),#2798,.F.);
#2971=ADVANCED_FACE('',(#2471),#2799,.T.);
#2972=ADVANCED_FACE('',(#2472),#2800,.T.);
#2973=ADVANCED_FACE('',(#2473),#2801,.F.);
#2974=ADVANCED_FACE('',(#2474,#2475),#2802,.F.);
#2975=ADVANCED_FACE('',(#2476,#2477),#2803,.T.);
#2976=ADVANCED_FACE('',(#2478,#2479),#28,.T.);
#2977=ADVANCED_FACE('',(#2480,#2481),#29,.F.);
#2978=ADVANCED_FACE('',(#2482,#2483),#2804,.F.);
#2979=ADVANCED_FACE('',(#2484,#2485),#2805,.T.);
#2980=ADVANCED_FACE('',(#2486,#2487),#30,.T.);
#2981=ADVANCED_FACE('',(#2488,#2489),#31,.F.);
#2982=ADVANCED_FACE('',(#2490),#2806,.T.);
#2983=ADVANCED_FACE('',(#2491),#2807,.F.);
#2984=ADVANCED_FACE('',(#2492),#2808,.F.);
#2985=ADVANCED_FACE('',(#2493),#2809,.T.);
#2986=ADVANCED_FACE('',(#2494),#2810,.T.);
#2987=ADVANCED_FACE('',(#2495),#2811,.F.);
#2988=ADVANCED_FACE('',(#2496),#2812,.T.);
#2989=ADVANCED_FACE('',(#2497),#2813,.F.);
#2990=ADVANCED_FACE('',(#2498),#2814,.F.);
#2991=ADVANCED_FACE('',(#2499),#2815,.T.);
#2992=ADVANCED_FACE('',(#2500),#2816,.T.);
#2993=ADVANCED_FACE('',(#2501),#2817,.F.);
#2994=ADVANCED_FACE('',(#2502,#2503),#2818,.F.);
#2995=ADVANCED_FACE('',(#2504,#2505),#2819,.T.);
#2996=ADVANCED_FACE('',(#2506,#2507),#32,.T.);
#2997=ADVANCED_FACE('',(#2508,#2509),#33,.F.);
#2998=ADVANCED_FACE('',(#2510),#2820,.T.);
#2999=ADVANCED_FACE('',(#2511),#2821,.F.);
#3000=ADVANCED_FACE('',(#2512),#2822,.F.);
#3001=ADVANCED_FACE('',(#2513),#2823,.T.);
#3002=ADVANCED_FACE('',(#2514),#2824,.T.);
#3003=ADVANCED_FACE('',(#2515),#2825,.F.);
#3004=ADVANCED_FACE('',(#2516),#2826,.T.);
#3005=ADVANCED_FACE('',(#2517),#2827,.F.);
#3006=ADVANCED_FACE('',(#2518),#2828,.F.);
#3007=ADVANCED_FACE('',(#2519),#2829,.T.);
#3008=ADVANCED_FACE('',(#2520),#2830,.T.);
#3009=ADVANCED_FACE('',(#2521),#2831,.F.);
#3010=ADVANCED_FACE('',(#2522,#2523),#2832,.F.);
#3011=ADVANCED_FACE('',(#2524,#2525),#2833,.T.);
#3012=ADVANCED_FACE('',(#2526,#2527),#34,.T.);
#3013=ADVANCED_FACE('',(#2528,#2529),#35,.F.);
#3014=ADVANCED_FACE('',(#2530,#2531),#2834,.F.);
#3015=ADVANCED_FACE('',(#2532,#2533),#2835,.T.);
#3016=ADVANCED_FACE('',(#2534,#2535),#36,.T.);
#3017=ADVANCED_FACE('',(#2536,#2537),#37,.F.);
#3018=ADVANCED_FACE('',(#2538),#2836,.T.);
#3019=ADVANCED_FACE('',(#2539),#2837,.F.);
#3020=ADVANCED_FACE('',(#2540),#2838,.F.);
#3021=ADVANCED_FACE('',(#2541),#2839,.T.);
#3022=ADVANCED_FACE('',(#2542),#2840,.T.);
#3023=ADVANCED_FACE('',(#2543),#2841,.F.);
#3024=ADVANCED_FACE('',(#2544,#2545),#2842,.F.);
#3025=ADVANCED_FACE('',(#2546,#2547),#2843,.T.);
#3026=ADVANCED_FACE('',(#2548,#2549),#38,.T.);
#3027=ADVANCED_FACE('',(#2550,#2551),#39,.F.);
#3028=ADVANCED_FACE('',(#2552,#2553),#2844,.F.);
#3029=ADVANCED_FACE('',(#2554,#2555),#2845,.T.);
#3030=ADVANCED_FACE('',(#2556,#2557),#40,.T.);
#3031=ADVANCED_FACE('',(#2558,#2559),#41,.F.);
#3032=ADVANCED_FACE('',(#2560),#2846,.T.);
#3033=ADVANCED_FACE('',(#2561),#2847,.F.);
#3034=ADVANCED_FACE('',(#2562),#2848,.F.);
#3035=ADVANCED_FACE('',(#2563),#2849,.T.);
#3036=ADVANCED_FACE('',(#2564),#2850,.T.);
#3037=ADVANCED_FACE('',(#2565),#2851,.F.);
#3038=ADVANCED_FACE('',(#2566,#2567),#2852,.F.);
#3039=ADVANCED_FACE('',(#2568,#2569),#2853,.T.);
#3040=ADVANCED_FACE('',(#2570,#2571),#42,.T.);
#3041=ADVANCED_FACE('',(#2572,#2573),#43,.F.);
#3042=ADVANCED_FACE('',(#2574,#2575),#2854,.F.);
#3043=ADVANCED_FACE('',(#2576,#2577),#2855,.T.);
#3044=ADVANCED_FACE('',(#2578,#2579),#44,.T.);
#3045=ADVANCED_FACE('',(#2580,#2581),#45,.F.);
#3046=ADVANCED_FACE('',(#2582),#2856,.T.);
#3047=ADVANCED_FACE('',(#2583),#2857,.F.);
#3048=ADVANCED_FACE('',(#2584),#2858,.F.);
#3049=ADVANCED_FACE('',(#2585),#2859,.T.);
#3050=ADVANCED_FACE('',(#2586),#2860,.T.);
#3051=ADVANCED_FACE('',(#2587),#2861,.F.);
#3052=ADVANCED_FACE('',(#2588,#2589),#2862,.F.);
#3053=ADVANCED_FACE('',(#2590,#2591),#2863,.T.);
#3054=ADVANCED_FACE('',(#2592,#2593),#46,.T.);
#3055=ADVANCED_FACE('',(#2594,#2595),#47,.F.);
#3056=ADVANCED_FACE('',(#2596,#2597),#2864,.F.);
#3057=ADVANCED_FACE('',(#2598,#2599),#48,.F.);
#3058=ADVANCED_FACE('',(#2600,#2601),#49,.T.);
#3059=ADVANCED_FACE('',(#2602,#2603),#2865,.T.);
#3060=ADVANCED_FACE('',(#2604,#2605),#2866,.F.);
#3061=ADVANCED_FACE('',(#2606,#2607),#2867,.T.);
#3062=ADVANCED_FACE('',(#2608,#2609),#50,.T.);
#3063=ADVANCED_FACE('',(#2610,#2611),#51,.F.);
#3064=ADVANCED_FACE('',(#2612,#2613),#2868,.F.);
#3065=ADVANCED_FACE('',(#2614,#2615),#2869,.T.);
#3066=ADVANCED_FACE('',(#2616,#2617),#52,.T.);
#3067=ADVANCED_FACE('',(#2618,#2619),#53,.F.);
#3068=ADVANCED_FACE('',(#2620,#2621),#2870,.F.);
#3069=ADVANCED_FACE('',(#2622,#2623),#2871,.T.);
#3070=ADVANCED_FACE('',(#2624,#2625),#54,.T.);
#3071=ADVANCED_FACE('',(#2626,#2627),#55,.F.);
#3072=ADVANCED_FACE('',(#2628,#2629),#2872,.F.);
#3073=ADVANCED_FACE('',(#2630,#2631),#2873,.T.);
#3074=ADVANCED_FACE('',(#2632,#2633),#56,.T.);
#3075=ADVANCED_FACE('',(#2634,#2635),#57,.F.);
#3076=ADVANCED_FACE('',(#2636,#2637),#2874,.F.);
#3077=ADVANCED_FACE('',(#2638,#2639),#2875,.T.);
#3078=ADVANCED_FACE('',(#2640,#2641),#58,.T.);
#3079=ADVANCED_FACE('',(#2642,#2643),#59,.F.);
#3080=ADVANCED_FACE('',(#2644,#2645),#2876,.F.);
#3081=ADVANCED_FACE('',(#2646,#2647),#2877,.T.);
#3082=ADVANCED_FACE('',(#2648,#2649),#60,.T.);
#3083=ADVANCED_FACE('',(#2650,#2651),#61,.F.);
#3084=ADVANCED_FACE('',(#2652,#2653),#2878,.F.);
#3085=ADVANCED_FACE('',(#2654,#2655),#2879,.T.);
#3086=ADVANCED_FACE('',(#2656,#2657),#62,.T.);
#3087=ADVANCED_FACE('',(#2658,#2659),#63,.F.);
#3088=ADVANCED_FACE('',(#2660,#2661),#2880,.F.);
#3089=ADVANCED_FACE('',(#2662,#2663),#2881,.T.);
#3090=ADVANCED_FACE('',(#2664,#2665),#64,.T.);
#3091=ADVANCED_FACE('',(#2666,#2667),#65,.F.);
#3092=ADVANCED_FACE('',(#2668,#2669),#2882,.F.);
#3093=ADVANCED_FACE('',(#2670,#2671),#2883,.T.);
#3094=ADVANCED_FACE('',(#2672,#2673),#66,.T.);
#3095=ADVANCED_FACE('',(#2674,#2675),#67,.F.);
#3096=ADVANCED_FACE('',(#2676,#2677),#2884,.F.);
#3097=ADVANCED_FACE('',(#2678,#2679),#2885,.T.);
#3098=ADVANCED_FACE('',(#2680,#2681),#68,.T.);
#3099=ADVANCED_FACE('',(#2682,#2683),#69,.F.);
#3100=ADVANCED_FACE('',(#2684,#2685),#2886,.F.);
#3101=ADVANCED_FACE('',(#2686,#2687),#2887,.T.);
#3102=ADVANCED_FACE('',(#2688,#2689),#70,.T.);
#3103=ADVANCED_FACE('',(#2690,#2691),#71,.F.);
#3104=ADVANCED_FACE('',(#2692,#2693),#2888,.F.);
#3105=ADVANCED_FACE('',(#2694,#2695),#2889,.T.);
#3106=ADVANCED_FACE('',(#2696,#2697),#72,.T.);
#3107=ADVANCED_FACE('',(#2698,#2699),#73,.F.);
#3108=ADVANCED_FACE('',(#2700,#2701),#2890,.F.);
#3109=ADVANCED_FACE('',(#2702,#2703),#2891,.T.);
#3110=ADVANCED_FACE('',(#2704,#2705),#74,.T.);
#3111=ADVANCED_FACE('',(#2706,#2707),#75,.F.);
#3112=ADVANCED_FACE('',(#2708,#2709),#2892,.F.);
#3113=ADVANCED_FACE('',(#2710,#2711),#2893,.T.);
#3114=ADVANCED_FACE('',(#2712,#2713),#76,.T.);
#3115=ADVANCED_FACE('',(#2714,#2715),#77,.F.);
#3116=ADVANCED_FACE('',(#2716,#2717),#2894,.F.);
#3117=ADVANCED_FACE('',(#2718,#2719),#2895,.T.);
#3118=ADVANCED_FACE('',(#2720,#2721),#78,.T.);
#3119=ADVANCED_FACE('',(#2722,#2723),#79,.F.);
#3120=ADVANCED_FACE('',(#2724,#2725),#2896,.F.);
#3121=ADVANCED_FACE('',(#2726,#2727),#2897,.T.);
#3122=ADVANCED_FACE('',(#2728,#2729),#80,.T.);
#3123=ADVANCED_FACE('',(#2730,#2731),#81,.F.);
#3124=ADVANCED_FACE('',(#2732,#2733),#2898,.F.);
#3125=ADVANCED_FACE('',(#2734,#2735),#2899,.T.);
#3126=ADVANCED_FACE('',(#2736,#2737),#82,.T.);
#3127=ADVANCED_FACE('',(#2738,#2739),#83,.F.);
#3128=ADVANCED_FACE('',(#2740,#2741),#2900,.F.);
#3129=ADVANCED_FACE('',(#2742,#2743),#2901,.T.);
#3130=ADVANCED_FACE('',(#2744,#2745),#84,.T.);
#3131=ADVANCED_FACE('',(#2746,#2747),#85,.F.);
#3132=CLOSED_SHELL('',(#2902,#2903,#2904,#2905,#2906,#2907));
#3133=CLOSED_SHELL('',(#2908,#2909,#2910,#2911));
#3134=CLOSED_SHELL('',(#2912,#2913,#2914,#2915,#2916,#2917));
#3135=CLOSED_SHELL('',(#2918,#2919,#2920,#2921,#2922,#2923));
#3136=CLOSED_SHELL('',(#2924,#2925,#2926,#2927,#2928,#2929));
#3137=CLOSED_SHELL('',(#2930,#2931,#2932,#2933));
#3138=CLOSED_SHELL('',(#2934,#2935,#2936,#2937,#2938,#2939));
#3139=CLOSED_SHELL('',(#2940,#2941,#2942,#2943));
#3140=CLOSED_SHELL('',(#2944,#2945,#2946,#2947,#2948,#2949,#2950,#2951,
#2952,#2953,#2954,#2955,#2956,#2957,#2958,#2959,#2960,#2961));
#3141=CLOSED_SHELL('',(#2962,#2963,#2964,#2965,#2966,#2967));
#3142=CLOSED_SHELL('',(#2968,#2969,#2970,#2971,#2972,#2973));
#3143=CLOSED_SHELL('',(#2974,#2975,#2976,#2977));
#3144=CLOSED_SHELL('',(#2978,#2979,#2980,#2981));
#3145=CLOSED_SHELL('',(#2982,#2983,#2984,#2985,#2986,#2987));
#3146=CLOSED_SHELL('',(#2988,#2989,#2990,#2991,#2992,#2993));
#3147=CLOSED_SHELL('',(#2994,#2995,#2996,#2997));
#3148=CLOSED_SHELL('',(#2998,#2999,#3000,#3001,#3002,#3003));
#3149=CLOSED_SHELL('',(#3004,#3005,#3006,#3007,#3008,#3009));
#3150=CLOSED_SHELL('',(#3010,#3011,#3012,#3013));
#3151=CLOSED_SHELL('',(#3014,#3015,#3016,#3017));
#3152=CLOSED_SHELL('',(#3018,#3019,#3020,#3021,#3022,#3023));
#3153=CLOSED_SHELL('',(#3024,#3025,#3026,#3027));
#3154=CLOSED_SHELL('',(#3028,#3029,#3030,#3031));
#3155=CLOSED_SHELL('',(#3032,#3033,#3034,#3035,#3036,#3037));
#3156=CLOSED_SHELL('',(#3038,#3039,#3040,#3041));
#3157=CLOSED_SHELL('',(#3042,#3043,#3044,#3045));
#3158=CLOSED_SHELL('',(#3046,#3047,#3048,#3049,#3050,#3051));
#3159=CLOSED_SHELL('',(#3052,#3053,#3054,#3055));
#3160=CLOSED_SHELL('',(#3056,#3057,#3058,#3059));
#3161=CLOSED_SHELL('',(#3060,#3061,#3062,#3063));
#3162=CLOSED_SHELL('',(#3064,#3065,#3066,#3067));
#3163=CLOSED_SHELL('',(#3068,#3069,#3070,#3071));
#3164=CLOSED_SHELL('',(#3072,#3073,#3074,#3075));
#3165=CLOSED_SHELL('',(#3076,#3077,#3078,#3079));
#3166=CLOSED_SHELL('',(#3080,#3081,#3082,#3083));
#3167=CLOSED_SHELL('',(#3084,#3085,#3086,#3087));
#3168=CLOSED_SHELL('',(#3088,#3089,#3090,#3091));
#3169=CLOSED_SHELL('',(#3092,#3093,#3094,#3095));
#3170=CLOSED_SHELL('',(#3096,#3097,#3098,#3099));
#3171=CLOSED_SHELL('',(#3100,#3101,#3102,#3103));
#3172=CLOSED_SHELL('',(#3104,#3105,#3106,#3107));
#3173=CLOSED_SHELL('',(#3108,#3109,#3110,#3111));
#3174=CLOSED_SHELL('',(#3112,#3113,#3114,#3115));
#3175=CLOSED_SHELL('',(#3116,#3117,#3118,#3119));
#3176=CLOSED_SHELL('',(#3120,#3121,#3122,#3123));
#3177=CLOSED_SHELL('',(#3124,#3125,#3126,#3127));
#3178=CLOSED_SHELL('',(#3128,#3129,#3130,#3131));
#3179=STYLED_ITEM('',(#3226),#3512);
#3180=STYLED_ITEM('',(#3227),#3513);
#3181=STYLED_ITEM('',(#3228),#3514);
#3182=STYLED_ITEM('',(#3229),#3515);
#3183=STYLED_ITEM('',(#3230),#3516);
#3184=STYLED_ITEM('',(#3231),#3517);
#3185=STYLED_ITEM('',(#3232),#3518);
#3186=STYLED_ITEM('',(#3233),#3519);
#3187=STYLED_ITEM('',(#3234),#3520);
#3188=STYLED_ITEM('',(#3235),#3521);
#3189=STYLED_ITEM('',(#3236),#3522);
#3190=STYLED_ITEM('',(#3237),#3523);
#3191=STYLED_ITEM('',(#3238),#3524);
#3192=STYLED_ITEM('',(#3239),#3525);
#3193=STYLED_ITEM('',(#3240),#3526);
#3194=STYLED_ITEM('',(#3241),#3527);
#3195=STYLED_ITEM('',(#3242),#3528);
#3196=STYLED_ITEM('',(#3243),#3529);
#3197=STYLED_ITEM('',(#3244),#3530);
#3198=STYLED_ITEM('',(#3245),#3531);
#3199=STYLED_ITEM('',(#3246),#3532);
#3200=STYLED_ITEM('',(#3247),#3533);
#3201=STYLED_ITEM('',(#3248),#3534);
#3202=STYLED_ITEM('',(#3249),#3535);
#3203=STYLED_ITEM('',(#3250),#3536);
#3204=STYLED_ITEM('',(#3251),#3537);
#3205=STYLED_ITEM('',(#3252),#3538);
#3206=STYLED_ITEM('',(#3253),#3539);
#3207=STYLED_ITEM('',(#3254),#3540);
#3208=STYLED_ITEM('',(#3255),#3541);
#3209=STYLED_ITEM('',(#3256),#3542);
#3210=STYLED_ITEM('',(#3257),#3543);
#3211=STYLED_ITEM('',(#3258),#3544);
#3212=STYLED_ITEM('',(#3259),#3545);
#3213=STYLED_ITEM('',(#3260),#3546);
#3214=STYLED_ITEM('',(#3261),#3547);
#3215=STYLED_ITEM('',(#3262),#3548);
#3216=STYLED_ITEM('',(#3263),#3549);
#3217=STYLED_ITEM('',(#3264),#3550);
#3218=STYLED_ITEM('',(#3265),#3551);
#3219=STYLED_ITEM('',(#3266),#3552);
#3220=STYLED_ITEM('',(#3267),#3553);
#3221=STYLED_ITEM('',(#3268),#3554);
#3222=STYLED_ITEM('',(#3269),#3555);
#3223=STYLED_ITEM('',(#3270),#3556);
#3224=STYLED_ITEM('',(#3271),#3557);
#3225=STYLED_ITEM('',(#3272),#3558);
#3226=PRESENTATION_STYLE_ASSIGNMENT((#3273));
#3227=PRESENTATION_STYLE_ASSIGNMENT((#3274));
#3228=PRESENTATION_STYLE_ASSIGNMENT((#3275));
#3229=PRESENTATION_STYLE_ASSIGNMENT((#3276));
#3230=PRESENTATION_STYLE_ASSIGNMENT((#3277));
#3231=PRESENTATION_STYLE_ASSIGNMENT((#3278));
#3232=PRESENTATION_STYLE_ASSIGNMENT((#3279));
#3233=PRESENTATION_STYLE_ASSIGNMENT((#3280));
#3234=PRESENTATION_STYLE_ASSIGNMENT((#3281));
#3235=PRESENTATION_STYLE_ASSIGNMENT((#3282));
#3236=PRESENTATION_STYLE_ASSIGNMENT((#3283));
#3237=PRESENTATION_STYLE_ASSIGNMENT((#3284));
#3238=PRESENTATION_STYLE_ASSIGNMENT((#3285));
#3239=PRESENTATION_STYLE_ASSIGNMENT((#3286));
#3240=PRESENTATION_STYLE_ASSIGNMENT((#3287));
#3241=PRESENTATION_STYLE_ASSIGNMENT((#3288));
#3242=PRESENTATION_STYLE_ASSIGNMENT((#3289));
#3243=PRESENTATION_STYLE_ASSIGNMENT((#3290));
#3244=PRESENTATION_STYLE_ASSIGNMENT((#3291));
#3245=PRESENTATION_STYLE_ASSIGNMENT((#3292));
#3246=PRESENTATION_STYLE_ASSIGNMENT((#3293));
#3247=PRESENTATION_STYLE_ASSIGNMENT((#3294));
#3248=PRESENTATION_STYLE_ASSIGNMENT((#3295));
#3249=PRESENTATION_STYLE_ASSIGNMENT((#3296));
#3250=PRESENTATION_STYLE_ASSIGNMENT((#3297));
#3251=PRESENTATION_STYLE_ASSIGNMENT((#3298));
#3252=PRESENTATION_STYLE_ASSIGNMENT((#3299));
#3253=PRESENTATION_STYLE_ASSIGNMENT((#3300));
#3254=PRESENTATION_STYLE_ASSIGNMENT((#3301));
#3255=PRESENTATION_STYLE_ASSIGNMENT((#3302));
#3256=PRESENTATION_STYLE_ASSIGNMENT((#3303));
#3257=PRESENTATION_STYLE_ASSIGNMENT((#3304));
#3258=PRESENTATION_STYLE_ASSIGNMENT((#3305));
#3259=PRESENTATION_STYLE_ASSIGNMENT((#3306));
#3260=PRESENTATION_STYLE_ASSIGNMENT((#3307));
#3261=PRESENTATION_STYLE_ASSIGNMENT((#3308));
#3262=PRESENTATION_STYLE_ASSIGNMENT((#3309));
#3263=PRESENTATION_STYLE_ASSIGNMENT((#3310));
#3264=PRESENTATION_STYLE_ASSIGNMENT((#3311));
#3265=PRESENTATION_STYLE_ASSIGNMENT((#3312));
#3266=PRESENTATION_STYLE_ASSIGNMENT((#3313));
#3267=PRESENTATION_STYLE_ASSIGNMENT((#3314));
#3268=PRESENTATION_STYLE_ASSIGNMENT((#3315));
#3269=PRESENTATION_STYLE_ASSIGNMENT((#3316));
#3270=PRESENTATION_STYLE_ASSIGNMENT((#3317));
#3271=PRESENTATION_STYLE_ASSIGNMENT((#3318));
#3272=PRESENTATION_STYLE_ASSIGNMENT((#3319));
#3273=SURFACE_STYLE_USAGE(.BOTH.,#3320);
#3274=SURFACE_STYLE_USAGE(.BOTH.,#3321);
#3275=SURFACE_STYLE_USAGE(.BOTH.,#3322);
#3276=SURFACE_STYLE_USAGE(.BOTH.,#3323);
#3277=SURFACE_STYLE_USAGE(.BOTH.,#3324);
#3278=SURFACE_STYLE_USAGE(.BOTH.,#3325);
#3279=SURFACE_STYLE_USAGE(.BOTH.,#3326);
#3280=SURFACE_STYLE_USAGE(.BOTH.,#3327);
#3281=SURFACE_STYLE_USAGE(.BOTH.,#3328);
#3282=SURFACE_STYLE_USAGE(.BOTH.,#3329);
#3283=SURFACE_STYLE_USAGE(.BOTH.,#3330);
#3284=SURFACE_STYLE_USAGE(.BOTH.,#3331);
#3285=SURFACE_STYLE_USAGE(.BOTH.,#3332);
#3286=SURFACE_STYLE_USAGE(.BOTH.,#3333);
#3287=SURFACE_STYLE_USAGE(.BOTH.,#3334);
#3288=SURFACE_STYLE_USAGE(.BOTH.,#3335);
#3289=SURFACE_STYLE_USAGE(.BOTH.,#3336);
#3290=SURFACE_STYLE_USAGE(.BOTH.,#3337);
#3291=SURFACE_STYLE_USAGE(.BOTH.,#3338);
#3292=SURFACE_STYLE_USAGE(.BOTH.,#3339);
#3293=SURFACE_STYLE_USAGE(.BOTH.,#3340);
#3294=SURFACE_STYLE_USAGE(.BOTH.,#3341);
#3295=SURFACE_STYLE_USAGE(.BOTH.,#3342);
#3296=SURFACE_STYLE_USAGE(.BOTH.,#3343);
#3297=SURFACE_STYLE_USAGE(.BOTH.,#3344);
#3298=SURFACE_STYLE_USAGE(.BOTH.,#3345);
#3299=SURFACE_STYLE_USAGE(.BOTH.,#3346);
#3300=SURFACE_STYLE_USAGE(.BOTH.,#3347);
#3301=SURFACE_STYLE_USAGE(.BOTH.,#3348);
#3302=SURFACE_STYLE_USAGE(.BOTH.,#3349);
#3303=SURFACE_STYLE_USAGE(.BOTH.,#3350);
#3304=SURFACE_STYLE_USAGE(.BOTH.,#3351);
#3305=SURFACE_STYLE_USAGE(.BOTH.,#3352);
#3306=SURFACE_STYLE_USAGE(.BOTH.,#3353);
#3307=SURFACE_STYLE_USAGE(.BOTH.,#3354);
#3308=SURFACE_STYLE_USAGE(.BOTH.,#3355);
#3309=SURFACE_STYLE_USAGE(.BOTH.,#3356);
#3310=SURFACE_STYLE_USAGE(.BOTH.,#3357);
#3311=SURFACE_STYLE_USAGE(.BOTH.,#3358);
#3312=SURFACE_STYLE_USAGE(.BOTH.,#3359);
#3313=SURFACE_STYLE_USAGE(.BOTH.,#3360);
#3314=SURFACE_STYLE_USAGE(.BOTH.,#3361);
#3315=SURFACE_STYLE_USAGE(.BOTH.,#3362);
#3316=SURFACE_STYLE_USAGE(.BOTH.,#3363);
#3317=SURFACE_STYLE_USAGE(.BOTH.,#3364);
#3318=SURFACE_STYLE_USAGE(.BOTH.,#3365);
#3319=SURFACE_STYLE_USAGE(.BOTH.,#3366);
#3320=SURFACE_SIDE_STYLE('',(#3367));
#3321=SURFACE_SIDE_STYLE('',(#3368));
#3322=SURFACE_SIDE_STYLE('',(#3369));
#3323=SURFACE_SIDE_STYLE('',(#3370));
#3324=SURFACE_SIDE_STYLE('',(#3371));
#3325=SURFACE_SIDE_STYLE('',(#3372));
#3326=SURFACE_SIDE_STYLE('',(#3373));
#3327=SURFACE_SIDE_STYLE('',(#3374));
#3328=SURFACE_SIDE_STYLE('',(#3375));
#3329=SURFACE_SIDE_STYLE('',(#3376));
#3330=SURFACE_SIDE_STYLE('',(#3377));
#3331=SURFACE_SIDE_STYLE('',(#3378));
#3332=SURFACE_SIDE_STYLE('',(#3379));
#3333=SURFACE_SIDE_STYLE('',(#3380));
#3334=SURFACE_SIDE_STYLE('',(#3381));
#3335=SURFACE_SIDE_STYLE('',(#3382));
#3336=SURFACE_SIDE_STYLE('',(#3383));
#3337=SURFACE_SIDE_STYLE('',(#3384));
#3338=SURFACE_SIDE_STYLE('',(#3385));
#3339=SURFACE_SIDE_STYLE('',(#3386));
#3340=SURFACE_SIDE_STYLE('',(#3387));
#3341=SURFACE_SIDE_STYLE('',(#3388));
#3342=SURFACE_SIDE_STYLE('',(#3389));
#3343=SURFACE_SIDE_STYLE('',(#3390));
#3344=SURFACE_SIDE_STYLE('',(#3391));
#3345=SURFACE_SIDE_STYLE('',(#3392));
#3346=SURFACE_SIDE_STYLE('',(#3393));
#3347=SURFACE_SIDE_STYLE('',(#3394));
#3348=SURFACE_SIDE_STYLE('',(#3395));
#3349=SURFACE_SIDE_STYLE('',(#3396));
#3350=SURFACE_SIDE_STYLE('',(#3397));
#3351=SURFACE_SIDE_STYLE('',(#3398));
#3352=SURFACE_SIDE_STYLE('',(#3399));
#3353=SURFACE_SIDE_STYLE('',(#3400));
#3354=SURFACE_SIDE_STYLE('',(#3401));
#3355=SURFACE_SIDE_STYLE('',(#3402));
#3356=SURFACE_SIDE_STYLE('',(#3403));
#3357=SURFACE_SIDE_STYLE('',(#3404));
#3358=SURFACE_SIDE_STYLE('',(#3405));
#3359=SURFACE_SIDE_STYLE('',(#3406));
#3360=SURFACE_SIDE_STYLE('',(#3407));
#3361=SURFACE_SIDE_STYLE('',(#3408));
#3362=SURFACE_SIDE_STYLE('',(#3409));
#3363=SURFACE_SIDE_STYLE('',(#3410));
#3364=SURFACE_SIDE_STYLE('',(#3411));
#3365=SURFACE_SIDE_STYLE('',(#3412));
#3366=SURFACE_SIDE_STYLE('',(#3413));
#3367=SURFACE_STYLE_FILL_AREA(#3414);
#3368=SURFACE_STYLE_FILL_AREA(#3415);
#3369=SURFACE_STYLE_FILL_AREA(#3416);
#3370=SURFACE_STYLE_FILL_AREA(#3417);
#3371=SURFACE_STYLE_FILL_AREA(#3418);
#3372=SURFACE_STYLE_FILL_AREA(#3419);
#3373=SURFACE_STYLE_FILL_AREA(#3420);
#3374=SURFACE_STYLE_FILL_AREA(#3421);
#3375=SURFACE_STYLE_FILL_AREA(#3422);
#3376=SURFACE_STYLE_FILL_AREA(#3423);
#3377=SURFACE_STYLE_FILL_AREA(#3424);
#3378=SURFACE_STYLE_FILL_AREA(#3425);
#3379=SURFACE_STYLE_FILL_AREA(#3426);
#3380=SURFACE_STYLE_FILL_AREA(#3427);
#3381=SURFACE_STYLE_FILL_AREA(#3428);
#3382=SURFACE_STYLE_FILL_AREA(#3429);
#3383=SURFACE_STYLE_FILL_AREA(#3430);
#3384=SURFACE_STYLE_FILL_AREA(#3431);
#3385=SURFACE_STYLE_FILL_AREA(#3432);
#3386=SURFACE_STYLE_FILL_AREA(#3433);
#3387=SURFACE_STYLE_FILL_AREA(#3434);
#3388=SURFACE_STYLE_FILL_AREA(#3435);
#3389=SURFACE_STYLE_FILL_AREA(#3436);
#3390=SURFACE_STYLE_FILL_AREA(#3437);
#3391=SURFACE_STYLE_FILL_AREA(#3438);
#3392=SURFACE_STYLE_FILL_AREA(#3439);
#3393=SURFACE_STYLE_FILL_AREA(#3440);
#3394=SURFACE_STYLE_FILL_AREA(#3441);
#3395=SURFACE_STYLE_FILL_AREA(#3442);
#3396=SURFACE_STYLE_FILL_AREA(#3443);
#3397=SURFACE_STYLE_FILL_AREA(#3444);
#3398=SURFACE_STYLE_FILL_AREA(#3445);
#3399=SURFACE_STYLE_FILL_AREA(#3446);
#3400=SURFACE_STYLE_FILL_AREA(#3447);
#3401=SURFACE_STYLE_FILL_AREA(#3448);
#3402=SURFACE_STYLE_FILL_AREA(#3449);
#3403=SURFACE_STYLE_FILL_AREA(#3450);
#3404=SURFACE_STYLE_FILL_AREA(#3451);
#3405=SURFACE_STYLE_FILL_AREA(#3452);
#3406=SURFACE_STYLE_FILL_AREA(#3453);
#3407=SURFACE_STYLE_FILL_AREA(#3454);
#3408=SURFACE_STYLE_FILL_AREA(#3455);
#3409=SURFACE_STYLE_FILL_AREA(#3456);
#3410=SURFACE_STYLE_FILL_AREA(#3457);
#3411=SURFACE_STYLE_FILL_AREA(#3458);
#3412=SURFACE_STYLE_FILL_AREA(#3459);
#3413=SURFACE_STYLE_FILL_AREA(#3460);
#3414=FILL_AREA_STYLE('',(#3461));
#3415=FILL_AREA_STYLE('',(#3462));
#3416=FILL_AREA_STYLE('',(#3463));
#3417=FILL_AREA_STYLE('',(#3464));
#3418=FILL_AREA_STYLE('',(#3465));
#3419=FILL_AREA_STYLE('',(#3466));
#3420=FILL_AREA_STYLE('',(#3467));
#3421=FILL_AREA_STYLE('',(#3468));
#3422=FILL_AREA_STYLE('',(#3469));
#3423=FILL_AREA_STYLE('',(#3470));
#3424=FILL_AREA_STYLE('',(#3471));
#3425=FILL_AREA_STYLE('',(#3472));
#3426=FILL_AREA_STYLE('',(#3473));
#3427=FILL_AREA_STYLE('',(#3474));
#3428=FILL_AREA_STYLE('',(#3475));
#3429=FILL_AREA_STYLE('',(#3476));
#3430=FILL_AREA_STYLE('',(#3477));
#3431=FILL_AREA_STYLE('',(#3478));
#3432=FILL_AREA_STYLE('',(#3479));
#3433=FILL_AREA_STYLE('',(#3480));
#3434=FILL_AREA_STYLE('',(#3481));
#3435=FILL_AREA_STYLE('',(#3482));
#3436=FILL_AREA_STYLE('',(#3483));
#3437=FILL_AREA_STYLE('',(#3484));
#3438=FILL_AREA_STYLE('',(#3485));
#3439=FILL_AREA_STYLE('',(#3486));
#3440=FILL_AREA_STYLE('',(#3487));
#3441=FILL_AREA_STYLE('',(#3488));
#3442=FILL_AREA_STYLE('',(#3489));
#3443=FILL_AREA_STYLE('',(#3490));
#3444=FILL_AREA_STYLE('',(#3491));
#3445=FILL_AREA_STYLE('',(#3492));
#3446=FILL_AREA_STYLE('',(#3493));
#3447=FILL_AREA_STYLE('',(#3494));
#3448=FILL_AREA_STYLE('',(#3495));
#3449=FILL_AREA_STYLE('',(#3496));
#3450=FILL_AREA_STYLE('',(#3497));
#3451=FILL_AREA_STYLE('',(#3498));
#3452=FILL_AREA_STYLE('',(#3499));
#3453=FILL_AREA_STYLE('',(#3500));
#3454=FILL_AREA_STYLE('',(#3501));
#3455=FILL_AREA_STYLE('',(#3502));
#3456=FILL_AREA_STYLE('',(#3503));
#3457=FILL_AREA_STYLE('',(#3504));
#3458=FILL_AREA_STYLE('',(#3505));
#3459=FILL_AREA_STYLE('',(#3506));
#3460=FILL_AREA_STYLE('',(#3507));
#3461=FILL_AREA_STYLE_COLOUR('',#3508);
#3462=FILL_AREA_STYLE_COLOUR('',#3509);
#3463=FILL_AREA_STYLE_COLOUR('',#3508);
#3464=FILL_AREA_STYLE_COLOUR('',#3508);
#3465=FILL_AREA_STYLE_COLOUR('',#3510);
#3466=FILL_AREA_STYLE_COLOUR('',#3509);
#3467=FILL_AREA_STYLE_COLOUR('',#3508);
#3468=FILL_AREA_STYLE_COLOUR('',#3509);
#3469=FILL_AREA_STYLE_COLOUR('',#3511);
#3470=FILL_AREA_STYLE_COLOUR('',#3511);
#3471=FILL_AREA_STYLE_COLOUR('',#3508);
#3472=FILL_AREA_STYLE_COLOUR('',#3509);
#3473=FILL_AREA_STYLE_COLOUR('',#3509);
#3474=FILL_AREA_STYLE_COLOUR('',#3508);
#3475=FILL_AREA_STYLE_COLOUR('',#3508);
#3476=FILL_AREA_STYLE_COLOUR('',#3509);
#3477=FILL_AREA_STYLE_COLOUR('',#3508);
#3478=FILL_AREA_STYLE_COLOUR('',#3508);
#3479=FILL_AREA_STYLE_COLOUR('',#3509);
#3480=FILL_AREA_STYLE_COLOUR('',#3509);
#3481=FILL_AREA_STYLE_COLOUR('',#3508);
#3482=FILL_AREA_STYLE_COLOUR('',#3509);
#3483=FILL_AREA_STYLE_COLOUR('',#3509);
#3484=FILL_AREA_STYLE_COLOUR('',#3508);
#3485=FILL_AREA_STYLE_COLOUR('',#3509);
#3486=FILL_AREA_STYLE_COLOUR('',#3509);
#3487=FILL_AREA_STYLE_COLOUR('',#3508);
#3488=FILL_AREA_STYLE_COLOUR('',#3509);
#3489=FILL_AREA_STYLE_COLOUR('',#3509);
#3490=FILL_AREA_STYLE_COLOUR('',#3509);
#3491=FILL_AREA_STYLE_COLOUR('',#3509);
#3492=FILL_AREA_STYLE_COLOUR('',#3509);
#3493=FILL_AREA_STYLE_COLOUR('',#3509);
#3494=FILL_AREA_STYLE_COLOUR('',#3509);
#3495=FILL_AREA_STYLE_COLOUR('',#3509);
#3496=FILL_AREA_STYLE_COLOUR('',#3509);
#3497=FILL_AREA_STYLE_COLOUR('',#3509);
#3498=FILL_AREA_STYLE_COLOUR('',#3509);
#3499=FILL_AREA_STYLE_COLOUR('',#3509);
#3500=FILL_AREA_STYLE_COLOUR('',#3509);
#3501=FILL_AREA_STYLE_COLOUR('',#3509);
#3502=FILL_AREA_STYLE_COLOUR('',#3509);
#3503=FILL_AREA_STYLE_COLOUR('',#3509);
#3504=FILL_AREA_STYLE_COLOUR('',#3509);
#3505=FILL_AREA_STYLE_COLOUR('',#3509);
#3506=FILL_AREA_STYLE_COLOUR('',#3509);
#3507=FILL_AREA_STYLE_COLOUR('',#3509);
#3508=COLOUR_RGB('',0.823529411764706,0.623529411764706,0.0352941176470589);
#3509=COLOUR_RGB('',0.647058823529412,0.647058823529412,0.647058823529412);
#3510=COLOUR_RGB('',0.768627450980392,0.886274509803922,0.952941176470588);
#3511=COLOUR_RGB('',0.184313725490196,0.184313725490196,0.184313725490196);
#3512=MANIFOLD_SOLID_BREP('Part 42',#3132);
#3513=MANIFOLD_SOLID_BREP('Part 6',#3133);
#3514=MANIFOLD_SOLID_BREP('Part 37',#3134);
#3515=MANIFOLD_SOLID_BREP('Part 38',#3135);
#3516=MANIFOLD_SOLID_BREP('Part 35',#3136);
#3517=MANIFOLD_SOLID_BREP('Part 33',#3137);
#3518=MANIFOLD_SOLID_BREP('Part 36',#3138);
#3519=MANIFOLD_SOLID_BREP('Part 5',#3139);
#3520=MANIFOLD_SOLID_BREP('Part 1',#3140);
#3521=MANIFOLD_SOLID_BREP('Part 34',#3141);
#3522=MANIFOLD_SOLID_BREP('Part 44',#3142);
#3523=MANIFOLD_SOLID_BREP('Part 8',#3143);
#3524=MANIFOLD_SOLID_BREP('Part 21',#3144);
#3525=MANIFOLD_SOLID_BREP('Part 40',#3145);
#3526=MANIFOLD_SOLID_BREP('Part 43',#3146);
#3527=MANIFOLD_SOLID_BREP('Part 7',#3147);
#3528=MANIFOLD_SOLID_BREP('Part 39',#3148);
#3529=MANIFOLD_SOLID_BREP('Part 46',#3149);
#3530=MANIFOLD_SOLID_BREP('Part 30',#3150);
#3531=MANIFOLD_SOLID_BREP('Part 10',#3151);
#3532=MANIFOLD_SOLID_BREP('Part 45',#3152);
#3533=MANIFOLD_SOLID_BREP('Part 29',#3153);
#3534=MANIFOLD_SOLID_BREP('Part 9',#3154);
#3535=MANIFOLD_SOLID_BREP('Part 41',#3155);
#3536=MANIFOLD_SOLID_BREP('Part 11',#3156);
#3537=MANIFOLD_SOLID_BREP('Part 32',#3157);
#3538=MANIFOLD_SOLID_BREP('Part 47',#3158);
#3539=MANIFOLD_SOLID_BREP('Part 31',#3159);
#3540=MANIFOLD_SOLID_BREP('Part 3',#3160);
#3541=MANIFOLD_SOLID_BREP('Part 2',#3161);
#3542=MANIFOLD_SOLID_BREP('Part 13',#3162);
#3543=MANIFOLD_SOLID_BREP('Part 12',#3163);
#3544=MANIFOLD_SOLID_BREP('Part 26',#3164);
#3545=MANIFOLD_SOLID_BREP('Part 15',#3165);
#3546=MANIFOLD_SOLID_BREP('Part 18',#3166);
#3547=MANIFOLD_SOLID_BREP('Part 28',#3167);
#3548=MANIFOLD_SOLID_BREP('Part 14',#3168);
#3549=MANIFOLD_SOLID_BREP('Part 20',#3169);
#3550=MANIFOLD_SOLID_BREP('Part 27',#3170);
#3551=MANIFOLD_SOLID_BREP('Part 17',#3171);
#3552=MANIFOLD_SOLID_BREP('Part 23',#3172);
#3553=MANIFOLD_SOLID_BREP('Part 16',#3173);
#3554=MANIFOLD_SOLID_BREP('Part 19',#3174);
#3555=MANIFOLD_SOLID_BREP('Part 22',#3175);
#3556=MANIFOLD_SOLID_BREP('Part 25',#3176);
#3557=MANIFOLD_SOLID_BREP('Part 4',#3177);
#3558=MANIFOLD_SOLID_BREP('Part 24',#3178);
#3559=SHAPE_DEFINITION_REPRESENTATION(#6283,#3606);
#3560=SHAPE_DEFINITION_REPRESENTATION(#6284,#3607);
#3561=SHAPE_DEFINITION_REPRESENTATION(#6285,#3608);
#3562=SHAPE_DEFINITION_REPRESENTATION(#6286,#3609);
#3563=SHAPE_DEFINITION_REPRESENTATION(#6287,#3610);
#3564=SHAPE_DEFINITION_REPRESENTATION(#6288,#3611);
#3565=SHAPE_DEFINITION_REPRESENTATION(#6289,#3612);
#3566=SHAPE_DEFINITION_REPRESENTATION(#6290,#3613);
#3567=SHAPE_DEFINITION_REPRESENTATION(#6291,#3614);
#3568=SHAPE_DEFINITION_REPRESENTATION(#6292,#3615);
#3569=SHAPE_DEFINITION_REPRESENTATION(#6293,#3616);
#3570=SHAPE_DEFINITION_REPRESENTATION(#6294,#3617);
#3571=SHAPE_DEFINITION_REPRESENTATION(#6295,#3618);
#3572=SHAPE_DEFINITION_REPRESENTATION(#6296,#3619);
#3573=SHAPE_DEFINITION_REPRESENTATION(#6297,#3620);
#3574=SHAPE_DEFINITION_REPRESENTATION(#6298,#3621);
#3575=SHAPE_DEFINITION_REPRESENTATION(#6299,#3622);
#3576=SHAPE_DEFINITION_REPRESENTATION(#6300,#3623);
#3577=SHAPE_DEFINITION_REPRESENTATION(#6301,#3624);
#3578=SHAPE_DEFINITION_REPRESENTATION(#6302,#3625);
#3579=SHAPE_DEFINITION_REPRESENTATION(#6303,#3626);
#3580=SHAPE_DEFINITION_REPRESENTATION(#6304,#3627);
#3581=SHAPE_DEFINITION_REPRESENTATION(#6305,#3628);
#3582=SHAPE_DEFINITION_REPRESENTATION(#6306,#3629);
#3583=SHAPE_DEFINITION_REPRESENTATION(#6307,#3630);
#3584=SHAPE_DEFINITION_REPRESENTATION(#6308,#3631);
#3585=SHAPE_DEFINITION_REPRESENTATION(#6309,#3632);
#3586=SHAPE_DEFINITION_REPRESENTATION(#6310,#3633);
#3587=SHAPE_DEFINITION_REPRESENTATION(#6311,#3634);
#3588=SHAPE_DEFINITION_REPRESENTATION(#6312,#3635);
#3589=SHAPE_DEFINITION_REPRESENTATION(#6313,#3636);
#3590=SHAPE_DEFINITION_REPRESENTATION(#6314,#3637);
#3591=SHAPE_DEFINITION_REPRESENTATION(#6315,#3638);
#3592=SHAPE_DEFINITION_REPRESENTATION(#6316,#3639);
#3593=SHAPE_DEFINITION_REPRESENTATION(#6317,#3640);
#3594=SHAPE_DEFINITION_REPRESENTATION(#6318,#3641);
#3595=SHAPE_DEFINITION_REPRESENTATION(#6319,#3642);
#3596=SHAPE_DEFINITION_REPRESENTATION(#6320,#3643);
#3597=SHAPE_DEFINITION_REPRESENTATION(#6321,#3644);
#3598=SHAPE_DEFINITION_REPRESENTATION(#6322,#3645);
#3599=SHAPE_DEFINITION_REPRESENTATION(#6323,#3646);
#3600=SHAPE_DEFINITION_REPRESENTATION(#6324,#3647);
#3601=SHAPE_DEFINITION_REPRESENTATION(#6325,#3648);
#3602=SHAPE_DEFINITION_REPRESENTATION(#6326,#3649);
#3603=SHAPE_DEFINITION_REPRESENTATION(#6327,#3650);
#3604=SHAPE_DEFINITION_REPRESENTATION(#6328,#3651);
#3605=SHAPE_DEFINITION_REPRESENTATION(#6329,#3652);
#3606=SHAPE_REPRESENTATION('Part 42',(#3653),#6048);
#3607=SHAPE_REPRESENTATION('Part 6',(#3660),#6049);
#3608=SHAPE_REPRESENTATION('Part 37',(#3669),#6050);
#3609=SHAPE_REPRESENTATION('Part 38',(#3676),#6051);
#3610=SHAPE_REPRESENTATION('Part 35',(#3683),#6052);
#3611=SHAPE_REPRESENTATION('Part 33',(#3690),#6053);
#3612=SHAPE_REPRESENTATION('Part 36',(#3699),#6054);
#3613=SHAPE_REPRESENTATION('Part 5',(#3706),#6055);
#3614=SHAPE_REPRESENTATION('Part 1',(#3715),#6056);
#3615=SHAPE_REPRESENTATION('Part 34',(#3758),#6057);
#3616=SHAPE_REPRESENTATION('Part 44',(#3765),#6058);
#3617=SHAPE_REPRESENTATION('Part 8',(#3772),#6059);
#3618=SHAPE_REPRESENTATION('Part 21',(#3781),#6060);
#3619=SHAPE_REPRESENTATION('Part 40',(#3790),#6061);
#3620=SHAPE_REPRESENTATION('Part 43',(#3797),#6062);
#3621=SHAPE_REPRESENTATION('Part 7',(#3804),#6063);
#3622=SHAPE_REPRESENTATION('Part 39',(#3813),#6064);
#3623=SHAPE_REPRESENTATION('Part 46',(#3820),#6065);
#3624=SHAPE_REPRESENTATION('Part 30',(#3827),#6066);
#3625=SHAPE_REPRESENTATION('Part 10',(#3836),#6067);
#3626=SHAPE_REPRESENTATION('Part 45',(#3845),#6068);
#3627=SHAPE_REPRESENTATION('Part 29',(#3852),#6069);
#3628=SHAPE_REPRESENTATION('Part 9',(#3861),#6070);
#3629=SHAPE_REPRESENTATION('Part 41',(#3870),#6071);
#3630=SHAPE_REPRESENTATION('Part 11',(#3877),#6072);
#3631=SHAPE_REPRESENTATION('Part 32',(#3886),#6073);
#3632=SHAPE_REPRESENTATION('Part 47',(#3895),#6074);
#3633=SHAPE_REPRESENTATION('Part 31',(#3902),#6075);
#3634=SHAPE_REPRESENTATION('Part 3',(#3911),#6076);
#3635=SHAPE_REPRESENTATION('Part 2',(#3920),#6077);
#3636=SHAPE_REPRESENTATION('Part 13',(#3929),#6078);
#3637=SHAPE_REPRESENTATION('Part 12',(#3938),#6079);
#3638=SHAPE_REPRESENTATION('Part 26',(#3947),#6080);
#3639=SHAPE_REPRESENTATION('Part 15',(#3956),#6081);
#3640=SHAPE_REPRESENTATION('Part 18',(#3965),#6082);
#3641=SHAPE_REPRESENTATION('Part 28',(#3974),#6083);
#3642=SHAPE_REPRESENTATION('Part 14',(#3983),#6084);
#3643=SHAPE_REPRESENTATION('Part 20',(#3992),#6085);
#3644=SHAPE_REPRESENTATION('Part 27',(#4001),#6086);
#3645=SHAPE_REPRESENTATION('Part 17',(#4010),#6087);
#3646=SHAPE_REPRESENTATION('Part 23',(#4019),#6088);
#3647=SHAPE_REPRESENTATION('Part 16',(#4028),#6089);
#3648=SHAPE_REPRESENTATION('Part 19',(#4037),#6090);
#3649=SHAPE_REPRESENTATION('Part 22',(#4046),#6091);
#3650=SHAPE_REPRESENTATION('Part 25',(#4055),#6092);
#3651=SHAPE_REPRESENTATION('Part 4',(#4064),#6093);
#3652=SHAPE_REPRESENTATION('Part 24',(#4073),#6094);
#3653=AXIS2_PLACEMENT_3D('',#5120,#4082,#4083);
#3654=AXIS2_PLACEMENT_3D('',#5121,#4084,#4085);
#3655=AXIS2_PLACEMENT_3D('',#5130,#4090,#4091);
#3656=AXIS2_PLACEMENT_3D('',#5136,#4095,#4096);
#3657=AXIS2_PLACEMENT_3D('',#5142,#4100,#4101);
#3658=AXIS2_PLACEMENT_3D('',#5145,#4104,#4105);
#3659=AXIS2_PLACEMENT_3D('',#5146,#4106,#4107);
#3660=AXIS2_PLACEMENT_3D('',#5147,#4108,#4109);
#3661=AXIS2_PLACEMENT_3D('',#5148,#4110,#4111);
#3662=AXIS2_PLACEMENT_3D('',#5149,#4112,#4113);
#3663=AXIS2_PLACEMENT_3D('',#5151,#4114,#4115);
#3664=AXIS2_PLACEMENT_3D('',#5153,#4116,#4117);
#3665=AXIS2_PLACEMENT_3D('',#5154,#4118,#4119);
#3666=AXIS2_PLACEMENT_3D('',#5156,#4120,#4121);
#3667=AXIS2_PLACEMENT_3D('',#5158,#4122,#4123);
#3668=AXIS2_PLACEMENT_3D('',#5159,#4124,#4125);
#3669=AXIS2_PLACEMENT_3D('',#5160,#4126,#4127);
#3670=AXIS2_PLACEMENT_3D('',#5161,#4128,#4129);
#3671=AXIS2_PLACEMENT_3D('',#5170,#4134,#4135);
#3672=AXIS2_PLACEMENT_3D('',#5176,#4139,#4140);
#3673=AXIS2_PLACEMENT_3D('',#5182,#4144,#4145);
#3674=AXIS2_PLACEMENT_3D('',#5185,#4148,#4149);
#3675=AXIS2_PLACEMENT_3D('',#5186,#4150,#4151);
#3676=AXIS2_PLACEMENT_3D('',#5187,#4152,#4153);
#3677=AXIS2_PLACEMENT_3D('',#5188,#4154,#4155);
#3678=AXIS2_PLACEMENT_3D('',#5197,#4160,#4161);
#3679=AXIS2_PLACEMENT_3D('',#5203,#4165,#4166);
#3680=AXIS2_PLACEMENT_3D('',#5209,#4170,#4171);
#3681=AXIS2_PLACEMENT_3D('',#5212,#4174,#4175);
#3682=AXIS2_PLACEMENT_3D('',#5213,#4176,#4177);
#3683=AXIS2_PLACEMENT_3D('',#5214,#4178,#4179);
#3684=AXIS2_PLACEMENT_3D('',#5215,#4180,#4181);
#3685=AXIS2_PLACEMENT_3D('',#5224,#4186,#4187);
#3686=AXIS2_PLACEMENT_3D('',#5230,#4191,#4192);
#3687=AXIS2_PLACEMENT_3D('',#5236,#4196,#4197);
#3688=AXIS2_PLACEMENT_3D('',#5239,#4200,#4201);
#3689=AXIS2_PLACEMENT_3D('',#5240,#4202,#4203);
#3690=AXIS2_PLACEMENT_3D('',#5241,#4204,#4205);
#3691=AXIS2_PLACEMENT_3D('',#5242,#4206,#4207);
#3692=AXIS2_PLACEMENT_3D('',#5243,#4208,#4209);
#3693=AXIS2_PLACEMENT_3D('',#5245,#4210,#4211);
#3694=AXIS2_PLACEMENT_3D('',#5247,#4212,#4213);
#3695=AXIS2_PLACEMENT_3D('',#5248,#4214,#4215);
#3696=AXIS2_PLACEMENT_3D('',#5250,#4216,#4217);
#3697=AXIS2_PLACEMENT_3D('',#5252,#4218,#4219);
#3698=AXIS2_PLACEMENT_3D('',#5253,#4220,#4221);
#3699=AXIS2_PLACEMENT_3D('',#5254,#4222,#4223);
#3700=AXIS2_PLACEMENT_3D('',#5255,#4224,#4225);
#3701=AXIS2_PLACEMENT_3D('',#5264,#4230,#4231);
#3702=AXIS2_PLACEMENT_3D('',#5270,#4235,#4236);
#3703=AXIS2_PLACEMENT_3D('',#5276,#4240,#4241);
#3704=AXIS2_PLACEMENT_3D('',#5279,#4244,#4245);
#3705=AXIS2_PLACEMENT_3D('',#5280,#4246,#4247);
#3706=AXIS2_PLACEMENT_3D('',#5281,#4248,#4249);
#3707=AXIS2_PLACEMENT_3D('',#5282,#4250,#4251);
#3708=AXIS2_PLACEMENT_3D('',#5283,#4252,#4253);
#3709=AXIS2_PLACEMENT_3D('',#5285,#4254,#4255);
#3710=AXIS2_PLACEMENT_3D('',#5287,#4256,#4257);
#3711=AXIS2_PLACEMENT_3D('',#5288,#4258,#4259);
#3712=AXIS2_PLACEMENT_3D('',#5290,#4260,#4261);
#3713=AXIS2_PLACEMENT_3D('',#5292,#4262,#4263);
#3714=AXIS2_PLACEMENT_3D('',#5293,#4264,#4265);
#3715=AXIS2_PLACEMENT_3D('',#5294,#4266,#4267);
#3716=AXIS2_PLACEMENT_3D('',#5295,#4268,#4269);
#3717=AXIS2_PLACEMENT_3D('',#5296,#4270,#4271);
#3718=AXIS2_PLACEMENT_3D('',#5298,#4272,#4273);
#3719=AXIS2_PLACEMENT_3D('',#5300,#4274,#4275);
#3720=AXIS2_PLACEMENT_3D('',#5309,#4280,#4281);
#3721=AXIS2_PLACEMENT_3D('',#5315,#4285,#4286);
#3722=AXIS2_PLACEMENT_3D('',#5321,#4290,#4291);
#3723=AXIS2_PLACEMENT_3D('',#5324,#4294,#4295);
#3724=AXIS2_PLACEMENT_3D('',#5325,#4296,#4297);
#3725=AXIS2_PLACEMENT_3D('',#5327,#4298,#4299);
#3726=AXIS2_PLACEMENT_3D('',#5329,#4300,#4301);
#3727=AXIS2_PLACEMENT_3D('',#5331,#4302,#4303);
#3728=AXIS2_PLACEMENT_3D('',#5333,#4304,#4305);
#3729=AXIS2_PLACEMENT_3D('',#5335,#4306,#4307);
#3730=AXIS2_PLACEMENT_3D('',#5337,#4308,#4309);
#3731=AXIS2_PLACEMENT_3D('',#5339,#4310,#4311);
#3732=AXIS2_PLACEMENT_3D('',#5341,#4312,#4313);
#3733=AXIS2_PLACEMENT_3D('',#5343,#4314,#4315);
#3734=AXIS2_PLACEMENT_3D('',#5345,#4316,#4317);
#3735=AXIS2_PLACEMENT_3D('',#5347,#4318,#4319);
#3736=AXIS2_PLACEMENT_3D('',#5348,#4320,#4321);
#3737=AXIS2_PLACEMENT_3D('',#5350,#4322,#4323);
#3738=AXIS2_PLACEMENT_3D('',#5352,#4324,#4325);
#3739=AXIS2_PLACEMENT_3D('',#5354,#4326,#4327);
#3740=AXIS2_PLACEMENT_3D('',#5356,#4328,#4329);
#3741=AXIS2_PLACEMENT_3D('',#5358,#4330,#4331);
#3742=AXIS2_PLACEMENT_3D('',#5360,#4332,#4333);
#3743=AXIS2_PLACEMENT_3D('',#5362,#4334,#4335);
#3744=AXIS2_PLACEMENT_3D('',#5364,#4336,#4337);
#3745=AXIS2_PLACEMENT_3D('',#5366,#4338,#4339);
#3746=AXIS2_PLACEMENT_3D('',#5368,#4340,#4341);
#3747=AXIS2_PLACEMENT_3D('',#5370,#4342,#4343);
#3748=AXIS2_PLACEMENT_3D('',#5371,#4344,#4345);
#3749=AXIS2_PLACEMENT_3D('',#5372,#4346,#4347);
#3750=AXIS2_PLACEMENT_3D('',#5373,#4348,#4349);
#3751=AXIS2_PLACEMENT_3D('',#5374,#4350,#4351);
#3752=AXIS2_PLACEMENT_3D('',#5375,#4352,#4353);
#3753=AXIS2_PLACEMENT_3D('',#5376,#4354,#4355);
#3754=AXIS2_PLACEMENT_3D('',#5377,#4356,#4357);
#3755=AXIS2_PLACEMENT_3D('',#5378,#4358,#4359);
#3756=AXIS2_PLACEMENT_3D('',#5379,#4360,#4361);
#3757=AXIS2_PLACEMENT_3D('',#5380,#4362,#4363);
#3758=AXIS2_PLACEMENT_3D('',#5381,#4364,#4365);
#3759=AXIS2_PLACEMENT_3D('',#5382,#4366,#4367);
#3760=AXIS2_PLACEMENT_3D('',#5391,#4372,#4373);
#3761=AXIS2_PLACEMENT_3D('',#5397,#4377,#4378);
#3762=AXIS2_PLACEMENT_3D('',#5403,#4382,#4383);
#3763=AXIS2_PLACEMENT_3D('',#5406,#4386,#4387);
#3764=AXIS2_PLACEMENT_3D('',#5407,#4388,#4389);
#3765=AXIS2_PLACEMENT_3D('',#5408,#4390,#4391);
#3766=AXIS2_PLACEMENT_3D('',#5409,#4392,#4393);
#3767=AXIS2_PLACEMENT_3D('',#5418,#4398,#4399);
#3768=AXIS2_PLACEMENT_3D('',#5424,#4403,#4404);
#3769=AXIS2_PLACEMENT_3D('',#5430,#4408,#4409);
#3770=AXIS2_PLACEMENT_3D('',#5433,#4412,#4413);
#3771=AXIS2_PLACEMENT_3D('',#5434,#4414,#4415);
#3772=AXIS2_PLACEMENT_3D('',#5435,#4416,#4417);
#3773=AXIS2_PLACEMENT_3D('',#5436,#4418,#4419);
#3774=AXIS2_PLACEMENT_3D('',#5437,#4420,#4421);
#3775=AXIS2_PLACEMENT_3D('',#5439,#4422,#4423);
#3776=AXIS2_PLACEMENT_3D('',#5441,#4424,#4425);
#3777=AXIS2_PLACEMENT_3D('',#5442,#4426,#4427);
#3778=AXIS2_PLACEMENT_3D('',#5444,#4428,#4429);
#3779=AXIS2_PLACEMENT_3D('',#5446,#4430,#4431);
#3780=AXIS2_PLACEMENT_3D('',#5447,#4432,#4433);
#3781=AXIS2_PLACEMENT_3D('',#5448,#4434,#4435);
#3782=AXIS2_PLACEMENT_3D('',#5449,#4436,#4437);
#3783=AXIS2_PLACEMENT_3D('',#5450,#4438,#4439);
#3784=AXIS2_PLACEMENT_3D('',#5452,#4440,#4441);
#3785=AXIS2_PLACEMENT_3D('',#5454,#4442,#4443);
#3786=AXIS2_PLACEMENT_3D('',#5455,#4444,#4445);
#3787=AXIS2_PLACEMENT_3D('',#5457,#4446,#4447);
#3788=AXIS2_PLACEMENT_3D('',#5459,#4448,#4449);
#3789=AXIS2_PLACEMENT_3D('',#5460,#4450,#4451);
#3790=AXIS2_PLACEMENT_3D('',#5461,#4452,#4453);
#3791=AXIS2_PLACEMENT_3D('',#5462,#4454,#4455);
#3792=AXIS2_PLACEMENT_3D('',#5471,#4460,#4461);
#3793=AXIS2_PLACEMENT_3D('',#5477,#4465,#4466);
#3794=AXIS2_PLACEMENT_3D('',#5483,#4470,#4471);
#3795=AXIS2_PLACEMENT_3D('',#5486,#4474,#4475);
#3796=AXIS2_PLACEMENT_3D('',#5487,#4476,#4477);
#3797=AXIS2_PLACEMENT_3D('',#5488,#4478,#4479);
#3798=AXIS2_PLACEMENT_3D('',#5489,#4480,#4481);
#3799=AXIS2_PLACEMENT_3D('',#5498,#4486,#4487);
#3800=AXIS2_PLACEMENT_3D('',#5504,#4491,#4492);
#3801=AXIS2_PLACEMENT_3D('',#5510,#4496,#4497);
#3802=AXIS2_PLACEMENT_3D('',#5513,#4500,#4501);
#3803=AXIS2_PLACEMENT_3D('',#5514,#4502,#4503);
#3804=AXIS2_PLACEMENT_3D('',#5515,#4504,#4505);
#3805=AXIS2_PLACEMENT_3D('',#5516,#4506,#4507);
#3806=AXIS2_PLACEMENT_3D('',#5517,#4508,#4509);
#3807=AXIS2_PLACEMENT_3D('',#5519,#4510,#4511);
#3808=AXIS2_PLACEMENT_3D('',#5521,#4512,#4513);
#3809=AXIS2_PLACEMENT_3D('',#5522,#4514,#4515);
#3810=AXIS2_PLACEMENT_3D('',#5524,#4516,#4517);
#3811=AXIS2_PLACEMENT_3D('',#5526,#4518,#4519);
#3812=AXIS2_PLACEMENT_3D('',#5527,#4520,#4521);
#3813=AXIS2_PLACEMENT_3D('',#5528,#4522,#4523);
#3814=AXIS2_PLACEMENT_3D('',#5529,#4524,#4525);
#3815=AXIS2_PLACEMENT_3D('',#5538,#4530,#4531);
#3816=AXIS2_PLACEMENT_3D('',#5544,#4535,#4536);
#3817=AXIS2_PLACEMENT_3D('',#5550,#4540,#4541);
#3818=AXIS2_PLACEMENT_3D('',#5553,#4544,#4545);
#3819=AXIS2_PLACEMENT_3D('',#5554,#4546,#4547);
#3820=AXIS2_PLACEMENT_3D('',#5555,#4548,#4549);
#3821=AXIS2_PLACEMENT_3D('',#5556,#4550,#4551);
#3822=AXIS2_PLACEMENT_3D('',#5565,#4556,#4557);
#3823=AXIS2_PLACEMENT_3D('',#5571,#4561,#4562);
#3824=AXIS2_PLACEMENT_3D('',#5577,#4566,#4567);
#3825=AXIS2_PLACEMENT_3D('',#5580,#4570,#4571);
#3826=AXIS2_PLACEMENT_3D('',#5581,#4572,#4573);
#3827=AXIS2_PLACEMENT_3D('',#5582,#4574,#4575);
#3828=AXIS2_PLACEMENT_3D('',#5583,#4576,#4577);
#3829=AXIS2_PLACEMENT_3D('',#5584,#4578,#4579);
#3830=AXIS2_PLACEMENT_3D('',#5586,#4580,#4581);
#3831=AXIS2_PLACEMENT_3D('',#5588,#4582,#4583);
#3832=AXIS2_PLACEMENT_3D('',#5589,#4584,#4585);
#3833=AXIS2_PLACEMENT_3D('',#5591,#4586,#4587);
#3834=AXIS2_PLACEMENT_3D('',#5593,#4588,#4589);
#3835=AXIS2_PLACEMENT_3D('',#5594,#4590,#4591);
#3836=AXIS2_PLACEMENT_3D('',#5595,#4592,#4593);
#3837=AXIS2_PLACEMENT_3D('',#5596,#4594,#4595);
#3838=AXIS2_PLACEMENT_3D('',#5597,#4596,#4597);
#3839=AXIS2_PLACEMENT_3D('',#5599,#4598,#4599);
#3840=AXIS2_PLACEMENT_3D('',#5601,#4600,#4601);
#3841=AXIS2_PLACEMENT_3D('',#5602,#4602,#4603);
#3842=AXIS2_PLACEMENT_3D('',#5604,#4604,#4605);
#3843=AXIS2_PLACEMENT_3D('',#5606,#4606,#4607);
#3844=AXIS2_PLACEMENT_3D('',#5607,#4608,#4609);
#3845=AXIS2_PLACEMENT_3D('',#5608,#4610,#4611);
#3846=AXIS2_PLACEMENT_3D('',#5609,#4612,#4613);
#3847=AXIS2_PLACEMENT_3D('',#5618,#4618,#4619);
#3848=AXIS2_PLACEMENT_3D('',#5624,#4623,#4624);
#3849=AXIS2_PLACEMENT_3D('',#5630,#4628,#4629);
#3850=AXIS2_PLACEMENT_3D('',#5633,#4632,#4633);
#3851=AXIS2_PLACEMENT_3D('',#5634,#4634,#4635);
#3852=AXIS2_PLACEMENT_3D('',#5635,#4636,#4637);
#3853=AXIS2_PLACEMENT_3D('',#5636,#4638,#4639);
#3854=AXIS2_PLACEMENT_3D('',#5637,#4640,#4641);
#3855=AXIS2_PLACEMENT_3D('',#5639,#4642,#4643);
#3856=AXIS2_PLACEMENT_3D('',#5641,#4644,#4645);
#3857=AXIS2_PLACEMENT_3D('',#5642,#4646,#4647);
#3858=AXIS2_PLACEMENT_3D('',#5644,#4648,#4649);
#3859=AXIS2_PLACEMENT_3D('',#5646,#4650,#4651);
#3860=AXIS2_PLACEMENT_3D('',#5647,#4652,#4653);
#3861=AXIS2_PLACEMENT_3D('',#5648,#4654,#4655);
#3862=AXIS2_PLACEMENT_3D('',#5649,#4656,#4657);
#3863=AXIS2_PLACEMENT_3D('',#5650,#4658,#4659);
#3864=AXIS2_PLACEMENT_3D('',#5652,#4660,#4661);
#3865=AXIS2_PLACEMENT_3D('',#5654,#4662,#4663);
#3866=AXIS2_PLACEMENT_3D('',#5655,#4664,#4665);
#3867=AXIS2_PLACEMENT_3D('',#5657,#4666,#4667);
#3868=AXIS2_PLACEMENT_3D('',#5659,#4668,#4669);
#3869=AXIS2_PLACEMENT_3D('',#5660,#4670,#4671);
#3870=AXIS2_PLACEMENT_3D('',#5661,#4672,#4673);
#3871=AXIS2_PLACEMENT_3D('',#5662,#4674,#4675);
#3872=AXIS2_PLACEMENT_3D('',#5671,#4680,#4681);
#3873=AXIS2_PLACEMENT_3D('',#5677,#4685,#4686);
#3874=AXIS2_PLACEMENT_3D('',#5683,#4690,#4691);
#3875=AXIS2_PLACEMENT_3D('',#5686,#4694,#4695);
#3876=AXIS2_PLACEMENT_3D('',#5687,#4696,#4697);
#3877=AXIS2_PLACEMENT_3D('',#5688,#4698,#4699);
#3878=AXIS2_PLACEMENT_3D('',#5689,#4700,#4701);
#3879=AXIS2_PLACEMENT_3D('',#5690,#4702,#4703);
#3880=AXIS2_PLACEMENT_3D('',#5692,#4704,#4705);
#3881=AXIS2_PLACEMENT_3D('',#5694,#4706,#4707);
#3882=AXIS2_PLACEMENT_3D('',#5695,#4708,#4709);
#3883=AXIS2_PLACEMENT_3D('',#5697,#4710,#4711);
#3884=AXIS2_PLACEMENT_3D('',#5699,#4712,#4713);
#3885=AXIS2_PLACEMENT_3D('',#5700,#4714,#4715);
#3886=AXIS2_PLACEMENT_3D('',#5701,#4716,#4717);
#3887=AXIS2_PLACEMENT_3D('',#5702,#4718,#4719);
#3888=AXIS2_PLACEMENT_3D('',#5703,#4720,#4721);
#3889=AXIS2_PLACEMENT_3D('',#5705,#4722,#4723);
#3890=AXIS2_PLACEMENT_3D('',#5707,#4724,#4725);
#3891=AXIS2_PLACEMENT_3D('',#5708,#4726,#4727);
#3892=AXIS2_PLACEMENT_3D('',#5710,#4728,#4729);
#3893=AXIS2_PLACEMENT_3D('',#5712,#4730,#4731);
#3894=AXIS2_PLACEMENT_3D('',#5713,#4732,#4733);
#3895=AXIS2_PLACEMENT_3D('',#5714,#4734,#4735);
#3896=AXIS2_PLACEMENT_3D('',#5715,#4736,#4737);
#3897=AXIS2_PLACEMENT_3D('',#5724,#4742,#4743);
#3898=AXIS2_PLACEMENT_3D('',#5730,#4747,#4748);
#3899=AXIS2_PLACEMENT_3D('',#5736,#4752,#4753);
#3900=AXIS2_PLACEMENT_3D('',#5739,#4756,#4757);
#3901=AXIS2_PLACEMENT_3D('',#5740,#4758,#4759);
#3902=AXIS2_PLACEMENT_3D('',#5741,#4760,#4761);
#3903=AXIS2_PLACEMENT_3D('',#5742,#4762,#4763);
#3904=AXIS2_PLACEMENT_3D('',#5743,#4764,#4765);
#3905=AXIS2_PLACEMENT_3D('',#5745,#4766,#4767);
#3906=AXIS2_PLACEMENT_3D('',#5747,#4768,#4769);
#3907=AXIS2_PLACEMENT_3D('',#5748,#4770,#4771);
#3908=AXIS2_PLACEMENT_3D('',#5750,#4772,#4773);
#3909=AXIS2_PLACEMENT_3D('',#5752,#4774,#4775);
#3910=AXIS2_PLACEMENT_3D('',#5753,#4776,#4777);
#3911=AXIS2_PLACEMENT_3D('',#5754,#4778,#4779);
#3912=AXIS2_PLACEMENT_3D('',#5755,#4780,#4781);
#3913=AXIS2_PLACEMENT_3D('',#5756,#4782,#4783);
#3914=AXIS2_PLACEMENT_3D('',#5758,#4784,#4785);
#3915=AXIS2_PLACEMENT_3D('',#5760,#4786,#4787);
#3916=AXIS2_PLACEMENT_3D('',#5761,#4788,#4789);
#3917=AXIS2_PLACEMENT_3D('',#5763,#4790,#4791);
#3918=AXIS2_PLACEMENT_3D('',#5764,#4792,#4793);
#3919=AXIS2_PLACEMENT_3D('',#5766,#4794,#4795);
#3920=AXIS2_PLACEMENT_3D('',#5767,#4796,#4797);
#3921=AXIS2_PLACEMENT_3D('',#5768,#4798,#4799);
#3922=AXIS2_PLACEMENT_3D('',#5769,#4800,#4801);
#3923=AXIS2_PLACEMENT_3D('',#5771,#4802,#4803);
#3924=AXIS2_PLACEMENT_3D('',#5773,#4804,#4805);
#3925=AXIS2_PLACEMENT_3D('',#5774,#4806,#4807);
#3926=AXIS2_PLACEMENT_3D('',#5776,#4808,#4809);
#3927=AXIS2_PLACEMENT_3D('',#5778,#4810,#4811);
#3928=AXIS2_PLACEMENT_3D('',#5779,#4812,#4813);
#3929=AXIS2_PLACEMENT_3D('',#5780,#4814,#4815);
#3930=AXIS2_PLACEMENT_3D('',#5781,#4816,#4817);
#3931=AXIS2_PLACEMENT_3D('',#5782,#4818,#4819);
#3932=AXIS2_PLACEMENT_3D('',#5784,#4820,#4821);
#3933=AXIS2_PLACEMENT_3D('',#5786,#4822,#4823);
#3934=AXIS2_PLACEMENT_3D('',#5787,#4824,#4825);
#3935=AXIS2_PLACEMENT_3D('',#5789,#4826,#4827);
#3936=AXIS2_PLACEMENT_3D('',#5791,#4828,#4829);
#3937=AXIS2_PLACEMENT_3D('',#5792,#4830,#4831);
#3938=AXIS2_PLACEMENT_3D('',#5793,#4832,#4833);
#3939=AXIS2_PLACEMENT_3D('',#5794,#4834,#4835);
#3940=AXIS2_PLACEMENT_3D('',#5795,#4836,#4837);
#3941=AXIS2_PLACEMENT_3D('',#5797,#4838,#4839);
#3942=AXIS2_PLACEMENT_3D('',#5799,#4840,#4841);
#3943=AXIS2_PLACEMENT_3D('',#5800,#4842,#4843);
#3944=AXIS2_PLACEMENT_3D('',#5802,#4844,#4845);
#3945=AXIS2_PLACEMENT_3D('',#5804,#4846,#4847);
#3946=AXIS2_PLACEMENT_3D('',#5805,#4848,#4849);
#3947=AXIS2_PLACEMENT_3D('',#5806,#4850,#4851);
#3948=AXIS2_PLACEMENT_3D('',#5807,#4852,#4853);
#3949=AXIS2_PLACEMENT_3D('',#5808,#4854,#4855);
#3950=AXIS2_PLACEMENT_3D('',#5810,#4856,#4857);
#3951=AXIS2_PLACEMENT_3D('',#5812,#4858,#4859);
#3952=AXIS2_PLACEMENT_3D('',#5813,#4860,#4861);
#3953=AXIS2_PLACEMENT_3D('',#5815,#4862,#4863);
#3954=AXIS2_PLACEMENT_3D('',#5817,#4864,#4865);
#3955=AXIS2_PLACEMENT_3D('',#5818,#4866,#4867);
#3956=AXIS2_PLACEMENT_3D('',#5819,#4868,#4869);
#3957=AXIS2_PLACEMENT_3D('',#5820,#4870,#4871);
#3958=AXIS2_PLACEMENT_3D('',#5821,#4872,#4873);
#3959=AXIS2_PLACEMENT_3D('',#5823,#4874,#4875);
#3960=AXIS2_PLACEMENT_3D('',#5825,#4876,#4877);
#3961=AXIS2_PLACEMENT_3D('',#5826,#4878,#4879);
#3962=AXIS2_PLACEMENT_3D('',#5828,#4880,#4881);
#3963=AXIS2_PLACEMENT_3D('',#5830,#4882,#4883);
#3964=AXIS2_PLACEMENT_3D('',#5831,#4884,#4885);
#3965=AXIS2_PLACEMENT_3D('',#5832,#4886,#4887);
#3966=AXIS2_PLACEMENT_3D('',#5833,#4888,#4889);
#3967=AXIS2_PLACEMENT_3D('',#5834,#4890,#4891);
#3968=AXIS2_PLACEMENT_3D('',#5836,#4892,#4893);
#3969=AXIS2_PLACEMENT_3D('',#5838,#4894,#4895);
#3970=AXIS2_PLACEMENT_3D('',#5839,#4896,#4897);
#3971=AXIS2_PLACEMENT_3D('',#5841,#4898,#4899);
#3972=AXIS2_PLACEMENT_3D('',#5843,#4900,#4901);
#3973=AXIS2_PLACEMENT_3D('',#5844,#4902,#4903);
#3974=AXIS2_PLACEMENT_3D('',#5845,#4904,#4905);
#3975=AXIS2_PLACEMENT_3D('',#5846,#4906,#4907);
#3976=AXIS2_PLACEMENT_3D('',#5847,#4908,#4909);
#3977=AXIS2_PLACEMENT_3D('',#5849,#4910,#4911);
#3978=AXIS2_PLACEMENT_3D('',#5851,#4912,#4913);
#3979=AXIS2_PLACEMENT_3D('',#5852,#4914,#4915);
#3980=AXIS2_PLACEMENT_3D('',#5854,#4916,#4917);
#3981=AXIS2_PLACEMENT_3D('',#5856,#4918,#4919);
#3982=AXIS2_PLACEMENT_3D('',#5857,#4920,#4921);
#3983=AXIS2_PLACEMENT_3D('',#5858,#4922,#4923);
#3984=AXIS2_PLACEMENT_3D('',#5859,#4924,#4925);
#3985=AXIS2_PLACEMENT_3D('',#5860,#4926,#4927);
#3986=AXIS2_PLACEMENT_3D('',#5862,#4928,#4929);
#3987=AXIS2_PLACEMENT_3D('',#5864,#4930,#4931);
#3988=AXIS2_PLACEMENT_3D('',#5865,#4932,#4933);
#3989=AXIS2_PLACEMENT_3D('',#5867,#4934,#4935);
#3990=AXIS2_PLACEMENT_3D('',#5869,#4936,#4937);
#3991=AXIS2_PLACEMENT_3D('',#5870,#4938,#4939);
#3992=AXIS2_PLACEMENT_3D('',#5871,#4940,#4941);
#3993=AXIS2_PLACEMENT_3D('',#5872,#4942,#4943);
#3994=AXIS2_PLACEMENT_3D('',#5873,#4944,#4945);
#3995=AXIS2_PLACEMENT_3D('',#5875,#4946,#4947);
#3996=AXIS2_PLACEMENT_3D('',#5877,#4948,#4949);
#3997=AXIS2_PLACEMENT_3D('',#5878,#4950,#4951);
#3998=AXIS2_PLACEMENT_3D('',#5880,#4952,#4953);
#3999=AXIS2_PLACEMENT_3D('',#5882,#4954,#4955);
#4000=AXIS2_PLACEMENT_3D('',#5883,#4956,#4957);
#4001=AXIS2_PLACEMENT_3D('',#5884,#4958,#4959);
#4002=AXIS2_PLACEMENT_3D('',#5885,#4960,#4961);
#4003=AXIS2_PLACEMENT_3D('',#5886,#4962,#4963);
#4004=AXIS2_PLACEMENT_3D('',#5888,#4964,#4965);
#4005=AXIS2_PLACEMENT_3D('',#5890,#4966,#4967);
#4006=AXIS2_PLACEMENT_3D('',#5891,#4968,#4969);
#4007=AXIS2_PLACEMENT_3D('',#5893,#4970,#4971);
#4008=AXIS2_PLACEMENT_3D('',#5895,#4972,#4973);
#4009=AXIS2_PLACEMENT_3D('',#5896,#4974,#4975);
#4010=AXIS2_PLACEMENT_3D('',#5897,#4976,#4977);
#4011=AXIS2_PLACEMENT_3D('',#5898,#4978,#4979);
#4012=AXIS2_PLACEMENT_3D('',#5899,#4980,#4981);
#4013=AXIS2_PLACEMENT_3D('',#5901,#4982,#4983);
#4014=AXIS2_PLACEMENT_3D('',#5903,#4984,#4985);
#4015=AXIS2_PLACEMENT_3D('',#5904,#4986,#4987);
#4016=AXIS2_PLACEMENT_3D('',#5906,#4988,#4989);
#4017=AXIS2_PLACEMENT_3D('',#5908,#4990,#4991);
#4018=AXIS2_PLACEMENT_3D('',#5909,#4992,#4993);
#4019=AXIS2_PLACEMENT_3D('',#5910,#4994,#4995);
#4020=AXIS2_PLACEMENT_3D('',#5911,#4996,#4997);
#4021=AXIS2_PLACEMENT_3D('',#5912,#4998,#4999);
#4022=AXIS2_PLACEMENT_3D('',#5914,#5000,#5001);
#4023=AXIS2_PLACEMENT_3D('',#5916,#5002,#5003);
#4024=AXIS2_PLACEMENT_3D('',#5917,#5004,#5005);
#4025=AXIS2_PLACEMENT_3D('',#5919,#5006,#5007);
#4026=AXIS2_PLACEMENT_3D('',#5921,#5008,#5009);
#4027=AXIS2_PLACEMENT_3D('',#5922,#5010,#5011);
#4028=AXIS2_PLACEMENT_3D('',#5923,#5012,#5013);
#4029=AXIS2_PLACEMENT_3D('',#5924,#5014,#5015);
#4030=AXIS2_PLACEMENT_3D('',#5925,#5016,#5017);
#4031=AXIS2_PLACEMENT_3D('',#5927,#5018,#5019);
#4032=AXIS2_PLACEMENT_3D('',#5929,#5020,#5021);
#4033=AXIS2_PLACEMENT_3D('',#5930,#5022,#5023);
#4034=AXIS2_PLACEMENT_3D('',#5932,#5024,#5025);
#4035=AXIS2_PLACEMENT_3D('',#5934,#5026,#5027);
#4036=AXIS2_PLACEMENT_3D('',#5935,#5028,#5029);
#4037=AXIS2_PLACEMENT_3D('',#5936,#5030,#5031);
#4038=AXIS2_PLACEMENT_3D('',#5937,#5032,#5033);
#4039=AXIS2_PLACEMENT_3D('',#5938,#5034,#5035);
#4040=AXIS2_PLACEMENT_3D('',#5940,#5036,#5037);
#4041=AXIS2_PLACEMENT_3D('',#5942,#5038,#5039);
#4042=AXIS2_PLACEMENT_3D('',#5943,#5040,#5041);
#4043=AXIS2_PLACEMENT_3D('',#5945,#5042,#5043);
#4044=AXIS2_PLACEMENT_3D('',#5947,#5044,#5045);
#4045=AXIS2_PLACEMENT_3D('',#5948,#5046,#5047);
#4046=AXIS2_PLACEMENT_3D('',#5949,#5048,#5049);
#4047=AXIS2_PLACEMENT_3D('',#5950,#5050,#5051);
#4048=AXIS2_PLACEMENT_3D('',#5951,#5052,#5053);
#4049=AXIS2_PLACEMENT_3D('',#5953,#5054,#5055);
#4050=AXIS2_PLACEMENT_3D('',#5955,#5056,#5057);
#4051=AXIS2_PLACEMENT_3D('',#5956,#5058,#5059);
#4052=AXIS2_PLACEMENT_3D('',#5958,#5060,#5061);
#4053=AXIS2_PLACEMENT_3D('',#5960,#5062,#5063);
#4054=AXIS2_PLACEMENT_3D('',#5961,#5064,#5065);
#4055=AXIS2_PLACEMENT_3D('',#5962,#5066,#5067);
#4056=AXIS2_PLACEMENT_3D('',#5963,#5068,#5069);
#4057=AXIS2_PLACEMENT_3D('',#5964,#5070,#5071);
#4058=AXIS2_PLACEMENT_3D('',#5966,#5072,#5073);
#4059=AXIS2_PLACEMENT_3D('',#5968,#5074,#5075);
#4060=AXIS2_PLACEMENT_3D('',#5969,#5076,#5077);
#4061=AXIS2_PLACEMENT_3D('',#5971,#5078,#5079);
#4062=AXIS2_PLACEMENT_3D('',#5973,#5080,#5081);
#4063=AXIS2_PLACEMENT_3D('',#5974,#5082,#5083);
#4064=AXIS2_PLACEMENT_3D('',#5975,#5084,#5085);
#4065=AXIS2_PLACEMENT_3D('',#5976,#5086,#5087);
#4066=AXIS2_PLACEMENT_3D('',#5977,#5088,#5089);
#4067=AXIS2_PLACEMENT_3D('',#5979,#5090,#5091);
#4068=AXIS2_PLACEMENT_3D('',#5981,#5092,#5093);
#4069=AXIS2_PLACEMENT_3D('',#5982,#5094,#5095);
#4070=AXIS2_PLACEMENT_3D('',#5984,#5096,#5097);
#4071=AXIS2_PLACEMENT_3D('',#5986,#5098,#5099);
#4072=AXIS2_PLACEMENT_3D('',#5987,#5100,#5101);
#4073=AXIS2_PLACEMENT_3D('',#5988,#5102,#5103);
#4074=AXIS2_PLACEMENT_3D('',#5989,#5104,#5105);
#4075=AXIS2_PLACEMENT_3D('',#5990,#5106,#5107);
#4076=AXIS2_PLACEMENT_3D('',#5992,#5108,#5109);
#4077=AXIS2_PLACEMENT_3D('',#5994,#5110,#5111);
#4078=AXIS2_PLACEMENT_3D('',#5995,#5112,#5113);
#4079=AXIS2_PLACEMENT_3D('',#5997,#5114,#5115);
#4080=AXIS2_PLACEMENT_3D('',#5999,#5116,#5117);
#4081=AXIS2_PLACEMENT_3D('',#6000,#5118,#5119);
#4082=DIRECTION('',(0.,0.,1.));
#4083=DIRECTION('',(1.,0.,0.));
#4084=DIRECTION('',(0.,1.,0.));
#4085=DIRECTION('',(0.,0.,1.));
#4086=DIRECTION('',(-1.,0.,0.));
#4087=DIRECTION('',(0.,0.,-1.));
#4088=DIRECTION('',(-1.,0.,0.));
#4089=DIRECTION('',(0.,0.,-1.));
#4090=DIRECTION('',(-1.,0.,0.));
#4091=DIRECTION('',(0.,0.,-1.));
#4092=DIRECTION('',(0.,-1.,0.));
#4093=DIRECTION('',(0.,-1.,0.));
#4094=DIRECTION('',(0.,0.,-1.));
#4095=DIRECTION('',(0.,1.,0.));
#4096=DIRECTION('',(0.,0.,1.));
#4097=DIRECTION('',(-1.,0.,0.));
#4098=DIRECTION('',(-1.,0.,0.));
#4099=DIRECTION('',(0.,0.,-1.));
#4100=DIRECTION('',(-1.,0.,0.));
#4101=DIRECTION('',(0.,0.,-1.));
#4102=DIRECTION('',(0.,-1.,0.));
#4103=DIRECTION('',(0.,-1.,0.));
#4104=DIRECTION('',(0.,0.,1.));
#4105=DIRECTION('',(-1.,0.,0.));
#4106=DIRECTION('',(0.,0.,1.));
#4107=DIRECTION('',(-1.,0.,0.));
#4108=DIRECTION('',(0.,0.,1.));
#4109=DIRECTION('',(1.,0.,0.));
#4110=DIRECTION('',(0.,0.,1.));
#4111=DIRECTION('',(1.,0.,0.));
#4112=DIRECTION('',(0.,0.,1.));
#4113=DIRECTION('',(1.,0.,0.));
#4114=DIRECTION('',(0.,0.,1.));
#4115=DIRECTION('',(1.,0.,0.));
#4116=DIRECTION('',(0.,0.,1.));
#4117=DIRECTION('',(1.,0.,0.));
#4118=DIRECTION('',(0.,0.,1.));
#4119=DIRECTION('',(1.,0.,0.));
#4120=DIRECTION('',(0.,0.,1.));
#4121=DIRECTION('',(1.,0.,0.));
#4122=DIRECTION('',(0.,0.,1.));
#4123=DIRECTION('',(1.,0.,0.));
#4124=DIRECTION('',(0.,0.,1.));
#4125=DIRECTION('',(1.,0.,0.));
#4126=DIRECTION('',(0.,0.,1.));
#4127=DIRECTION('',(1.,0.,0.));
#4128=DIRECTION('',(0.,1.,0.));
#4129=DIRECTION('',(0.,0.,1.));
#4130=DIRECTION('',(1.,0.,0.));
#4131=DIRECTION('',(0.,0.,-1.));
#4132=DIRECTION('',(1.,0.,0.));
#4133=DIRECTION('',(0.,0.,-1.));
#4134=DIRECTION('',(1.,0.,0.));
#4135=DIRECTION('',(0.,0.,-1.));
#4136=DIRECTION('',(0.,-1.,0.));
#4137=DIRECTION('',(0.,0.,-1.));
#4138=DIRECTION('',(0.,-1.,0.));
#4139=DIRECTION('',(0.,1.,0.));
#4140=DIRECTION('',(0.,0.,1.));
#4141=DIRECTION('',(1.,0.,0.));
#4142=DIRECTION('',(0.,0.,-1.));
#4143=DIRECTION('',(1.,0.,0.));
#4144=DIRECTION('',(1.,0.,0.));
#4145=DIRECTION('',(0.,0.,-1.));
#4146=DIRECTION('',(0.,-1.,0.));
#4147=DIRECTION('',(0.,-1.,0.));
#4148=DIRECTION('',(0.,0.,1.));
#4149=DIRECTION('',(1.,0.,0.));
#4150=DIRECTION('',(0.,0.,1.));
#4151=DIRECTION('',(1.,0.,0.));
#4152=DIRECTION('',(0.,0.,1.));
#4153=DIRECTION('',(1.,0.,0.));
#4154=DIRECTION('',(0.,1.,0.));
#4155=DIRECTION('',(0.,0.,1.));
#4156=DIRECTION('',(1.,0.,0.));
#4157=DIRECTION('',(0.,0.,-1.));
#4158=DIRECTION('',(1.,0.,0.));
#4159=DIRECTION('',(0.,0.,-1.));
#4160=DIRECTION('',(1.,0.,0.));
#4161=DIRECTION('',(0.,0.,-1.));
#4162=DIRECTION('',(0.,-1.,0.));
#4163=DIRECTION('',(0.,0.,-1.));
#4164=DIRECTION('',(0.,-1.,0.));
#4165=DIRECTION('',(0.,1.,0.));
#4166=DIRECTION('',(0.,0.,1.));
#4167=DIRECTION('',(1.,0.,0.));
#4168=DIRECTION('',(0.,0.,-1.));
#4169=DIRECTION('',(1.,0.,0.));
#4170=DIRECTION('',(1.,0.,0.));
#4171=DIRECTION('',(0.,0.,-1.));
#4172=DIRECTION('',(0.,-1.,0.));
#4173=DIRECTION('',(0.,-1.,0.));
#4174=DIRECTION('',(0.,0.,1.));
#4175=DIRECTION('',(1.,0.,0.));
#4176=DIRECTION('',(0.,0.,1.));
#4177=DIRECTION('',(1.,0.,0.));
#4178=DIRECTION('',(0.,0.,1.));
#4179=DIRECTION('',(1.,0.,0.));
#4180=DIRECTION('',(1.,-2.89120579329468E-16,0.));
#4181=DIRECTION('',(2.89120579329468E-16,1.,0.));
#4182=DIRECTION('',(-2.89120579329468E-16,-1.,0.));
#4183=DIRECTION('',(0.,0.,-1.));
#4184=DIRECTION('',(-2.89120579329468E-16,-1.,0.));
#4185=DIRECTION('',(0.,0.,-1.));
#4186=DIRECTION('',(0.,1.,0.));
#4187=DIRECTION('',(0.,0.,1.));
#4188=DIRECTION('',(1.,0.,0.));
#4189=DIRECTION('',(0.,0.,-1.));
#4190=DIRECTION('',(1.,0.,0.));
#4191=DIRECTION('',(1.,-2.89120579329468E-16,0.));
#4192=DIRECTION('',(2.89120579329468E-16,1.,0.));
#4193=DIRECTION('',(-2.89120579329468E-16,-1.,0.));
#4194=DIRECTION('',(0.,0.,-1.));
#4195=DIRECTION('',(-2.89120579329468E-16,-1.,0.));
#4196=DIRECTION('',(0.,1.,0.));
#4197=DIRECTION('',(0.,0.,1.));
#4198=DIRECTION('',(1.,0.,0.));
#4199=DIRECTION('',(1.,0.,0.));
#4200=DIRECTION('',(0.,0.,1.));
#4201=DIRECTION('',(1.,0.,0.));
#4202=DIRECTION('',(0.,0.,1.));
#4203=DIRECTION('',(1.,0.,0.));
#4204=DIRECTION('',(0.,0.,1.));
#4205=DIRECTION('',(1.,0.,0.));
#4206=DIRECTION('',(0.,0.,1.));
#4207=DIRECTION('',(1.,0.,0.));
#4208=DIRECTION('',(0.,0.,1.));
#4209=DIRECTION('',(1.,0.,0.));
#4210=DIRECTION('',(0.,0.,1.));
#4211=DIRECTION('',(1.,0.,0.));
#4212=DIRECTION('',(0.,0.,1.));
#4213=DIRECTION('',(1.,0.,0.));
#4214=DIRECTION('',(0.,0.,1.));
#4215=DIRECTION('',(1.,0.,0.));
#4216=DIRECTION('',(0.,0.,1.));
#4217=DIRECTION('',(1.,0.,0.));
#4218=DIRECTION('',(0.,0.,1.));
#4219=DIRECTION('',(1.,0.,0.));
#4220=DIRECTION('',(0.,0.,1.));
#4221=DIRECTION('',(1.,0.,0.));
#4222=DIRECTION('',(0.,0.,1.));
#4223=DIRECTION('',(1.,0.,0.));
#4224=DIRECTION('',(0.,1.,0.));
#4225=DIRECTION('',(0.,0.,1.));
#4226=DIRECTION('',(1.,0.,0.));
#4227=DIRECTION('',(0.,0.,-1.));
#4228=DIRECTION('',(1.,0.,0.));
#4229=DIRECTION('',(0.,0.,-1.));
#4230=DIRECTION('',(1.,0.,0.));
#4231=DIRECTION('',(0.,0.,-1.));
#4232=DIRECTION('',(0.,-1.,0.));
#4233=DIRECTION('',(0.,0.,-1.));
#4234=DIRECTION('',(0.,-1.,0.));
#4235=DIRECTION('',(0.,1.,0.));
#4236=DIRECTION('',(0.,0.,1.));
#4237=DIRECTION('',(1.,0.,0.));
#4238=DIRECTION('',(0.,0.,-1.));
#4239=DIRECTION('',(1.,0.,0.));
#4240=DIRECTION('',(1.,0.,0.));
#4241=DIRECTION('',(0.,0.,-1.));
#4242=DIRECTION('',(0.,-1.,0.));
#4243=DIRECTION('',(0.,-1.,0.));
#4244=DIRECTION('',(0.,0.,1.));
#4245=DIRECTION('',(1.,0.,0.));
#4246=DIRECTION('',(0.,0.,1.));
#4247=DIRECTION('',(1.,0.,0.));
#4248=DIRECTION('',(0.,0.,1.));
#4249=DIRECTION('',(1.,0.,0.));
#4250=DIRECTION('',(0.,0.,1.));
#4251=DIRECTION('',(1.,0.,0.));
#4252=DIRECTION('',(0.,0.,1.));
#4253=DIRECTION('',(1.,0.,0.));
#4254=DIRECTION('',(0.,0.,1.));
#4255=DIRECTION('',(1.,0.,0.));
#4256=DIRECTION('',(0.,0.,1.));
#4257=DIRECTION('',(1.,0.,0.));
#4258=DIRECTION('',(0.,0.,1.));
#4259=DIRECTION('',(1.,0.,0.));
#4260=DIRECTION('',(0.,0.,1.));
#4261=DIRECTION('',(1.,0.,0.));
#4262=DIRECTION('',(0.,0.,1.));
#4263=DIRECTION('',(1.,0.,0.));
#4264=DIRECTION('',(0.,0.,1.));
#4265=DIRECTION('',(1.,0.,0.));
#4266=DIRECTION('',(0.,0.,1.));
#4267=DIRECTION('',(1.,0.,0.));
#4268=DIRECTION('',(0.,0.,1.));
#4269=DIRECTION('',(-1.,0.,0.));
#4270=DIRECTION('',(0.,0.,-1.));
#4271=DIRECTION('',(-1.,0.,0.));
#4272=DIRECTION('',(0.,0.,-1.));
#4273=DIRECTION('',(-1.,0.,0.));
#4274=DIRECTION('',(0.,-1.,0.));
#4275=DIRECTION('',(0.,0.,-1.));
#4276=DIRECTION('',(1.,0.,0.));
#4277=DIRECTION('',(0.,0.,1.));
#4278=DIRECTION('',(1.,0.,0.));
#4279=DIRECTION('',(0.,0.,1.));
#4280=DIRECTION('',(-1.,2.1350442781253E-16,0.));
#4281=DIRECTION('',(-2.1350442781253E-16,-1.,0.));
#4282=DIRECTION('',(-2.1350442781253E-16,-1.,0.));
#4283=DIRECTION('',(-2.1350442781253E-16,-1.,0.));
#4284=DIRECTION('',(0.,0.,1.));
#4285=DIRECTION('',(0.,-1.,0.));
#4286=DIRECTION('',(0.,0.,-1.));
#4287=DIRECTION('',(1.,0.,0.));
#4288=DIRECTION('',(1.,0.,0.));
#4289=DIRECTION('',(0.,0.,1.));
#4290=DIRECTION('',(-1.,2.1350442781253E-16,0.));
#4291=DIRECTION('',(-2.1350442781253E-16,-1.,0.));
#4292=DIRECTION('',(-2.1350442781253E-16,-1.,0.));
#4293=DIRECTION('',(-2.1350442781253E-16,-1.,0.));
#4294=DIRECTION('',(0.,0.,1.));
#4295=DIRECTION('',(1.,0.,0.));
#4296=DIRECTION('',(0.,0.,1.));
#4297=DIRECTION('',(1.,0.,0.));
#4298=DIRECTION('',(0.,0.,1.));
#4299=DIRECTION('',(1.,0.,0.));
#4300=DIRECTION('',(0.,0.,1.));
#4301=DIRECTION('',(1.,0.,0.));
#4302=DIRECTION('',(0.,0.,1.));
#4303=DIRECTION('',(1.,0.,0.));
#4304=DIRECTION('',(0.,0.,1.));
#4305=DIRECTION('',(1.,0.,0.));
#4306=DIRECTION('',(0.,0.,1.));
#4307=DIRECTION('',(1.,0.,0.));
#4308=DIRECTION('',(0.,0.,1.));
#4309=DIRECTION('',(1.,0.,0.));
#4310=DIRECTION('',(0.,0.,1.));
#4311=DIRECTION('',(1.,0.,0.));
#4312=DIRECTION('',(0.,0.,1.));
#4313=DIRECTION('',(1.,0.,0.));
#4314=DIRECTION('',(0.,0.,1.));
#4315=DIRECTION('',(1.,0.,0.));
#4316=DIRECTION('',(0.,0.,1.));
#4317=DIRECTION('',(1.,0.,0.));
#4318=DIRECTION('',(0.,0.,1.));
#4319=DIRECTION('',(1.,0.,0.));
#4320=DIRECTION('',(0.,0.,1.));
#4321=DIRECTION('',(1.,0.,0.));
#4322=DIRECTION('',(0.,0.,1.));
#4323=DIRECTION('',(1.,0.,0.));
#4324=DIRECTION('',(0.,0.,1.));
#4325=DIRECTION('',(1.,0.,0.));
#4326=DIRECTION('',(0.,0.,1.));
#4327=DIRECTION('',(1.,0.,0.));
#4328=DIRECTION('',(0.,0.,1.));
#4329=DIRECTION('',(1.,0.,0.));
#4330=DIRECTION('',(0.,0.,1.));
#4331=DIRECTION('',(1.,0.,0.));
#4332=DIRECTION('',(0.,0.,1.));
#4333=DIRECTION('',(1.,0.,0.));
#4334=DIRECTION('',(0.,0.,1.));
#4335=DIRECTION('',(1.,0.,0.));
#4336=DIRECTION('',(0.,0.,1.));
#4337=DIRECTION('',(1.,0.,0.));
#4338=DIRECTION('',(0.,0.,1.));
#4339=DIRECTION('',(1.,0.,0.));
#4340=DIRECTION('',(0.,0.,1.));
#4341=DIRECTION('',(1.,0.,0.));
#4342=DIRECTION('',(0.,0.,1.));
#4343=DIRECTION('',(1.,0.,0.));
#4344=DIRECTION('',(0.,0.,1.));
#4345=DIRECTION('',(1.,0.,0.));
#4346=DIRECTION('',(0.,0.,1.));
#4347=DIRECTION('',(1.,0.,0.));
#4348=DIRECTION('',(0.,0.,1.));
#4349=DIRECTION('',(1.,0.,0.));
#4350=DIRECTION('',(0.,0.,1.));
#4351=DIRECTION('',(1.,0.,0.));
#4352=DIRECTION('',(0.,0.,1.));
#4353=DIRECTION('',(1.,0.,0.));
#4354=DIRECTION('',(0.,0.,1.));
#4355=DIRECTION('',(1.,0.,0.));
#4356=DIRECTION('',(0.,0.,1.));
#4357=DIRECTION('',(1.,0.,0.));
#4358=DIRECTION('',(0.,0.,1.));
#4359=DIRECTION('',(1.,0.,0.));
#4360=DIRECTION('',(0.,0.,1.));
#4361=DIRECTION('',(1.,0.,0.));
#4362=DIRECTION('',(0.,0.,1.));
#4363=DIRECTION('',(1.,0.,0.));
#4364=DIRECTION('',(0.,0.,1.));
#4365=DIRECTION('',(1.,0.,0.));
#4366=DIRECTION('',(0.,1.,0.));
#4367=DIRECTION('',(0.,0.,1.));
#4368=DIRECTION('',(1.,0.,0.));
#4369=DIRECTION('',(0.,0.,-1.));
#4370=DIRECTION('',(1.,0.,0.));
#4371=DIRECTION('',(0.,0.,-1.));
#4372=DIRECTION('',(1.,0.,0.));
#4373=DIRECTION('',(0.,0.,-1.));
#4374=DIRECTION('',(0.,-1.,0.));
#4375=DIRECTION('',(0.,0.,-1.));
#4376=DIRECTION('',(0.,-1.,0.));
#4377=DIRECTION('',(0.,1.,0.));
#4378=DIRECTION('',(0.,0.,1.));
#4379=DIRECTION('',(1.,0.,0.));
#4380=DIRECTION('',(0.,0.,-1.));
#4381=DIRECTION('',(1.,0.,0.));
#4382=DIRECTION('',(1.,-1.12644381556935E-16,0.));
#4383=DIRECTION('',(1.12644381556935E-16,1.,0.));
#4384=DIRECTION('',(-1.12644381556935E-16,-1.,0.));
#4385=DIRECTION('',(-1.12644381556935E-16,-1.,0.));
#4386=DIRECTION('',(0.,0.,1.));
#4387=DIRECTION('',(1.,0.,0.));
#4388=DIRECTION('',(0.,0.,1.));
#4389=DIRECTION('',(1.,0.,0.));
#4390=DIRECTION('',(0.,0.,1.));
#4391=DIRECTION('',(1.,0.,0.));
#4392=DIRECTION('',(0.,1.,0.));
#4393=DIRECTION('',(0.,0.,1.));
#4394=DIRECTION('',(-1.,0.,0.));
#4395=DIRECTION('',(0.,0.,-1.));
#4396=DIRECTION('',(-1.,0.,0.));
#4397=DIRECTION('',(0.,0.,-1.));
#4398=DIRECTION('',(-1.,0.,0.));
#4399=DIRECTION('',(0.,0.,-1.));
#4400=DIRECTION('',(0.,-1.,0.));
#4401=DIRECTION('',(0.,-1.,0.));
#4402=DIRECTION('',(0.,0.,-1.));
#4403=DIRECTION('',(0.,1.,0.));
#4404=DIRECTION('',(0.,0.,1.));
#4405=DIRECTION('',(-1.,0.,0.));
#4406=DIRECTION('',(-1.,0.,0.));
#4407=DIRECTION('',(0.,0.,-1.));
#4408=DIRECTION('',(-1.,0.,0.));
#4409=DIRECTION('',(0.,0.,-1.));
#4410=DIRECTION('',(0.,-1.,0.));
#4411=DIRECTION('',(0.,-1.,0.));
#4412=DIRECTION('',(0.,0.,1.));
#4413=DIRECTION('',(-1.,0.,0.));
#4414=DIRECTION('',(0.,0.,1.));
#4415=DIRECTION('',(-1.,0.,0.));
#4416=DIRECTION('',(0.,0.,1.));
#4417=DIRECTION('',(1.,0.,0.));
#4418=DIRECTION('',(0.,0.,1.));
#4419=DIRECTION('',(1.,0.,0.));
#4420=DIRECTION('',(0.,0.,1.));
#4421=DIRECTION('',(1.,0.,0.));
#4422=DIRECTION('',(0.,0.,1.));
#4423=DIRECTION('',(1.,0.,0.));
#4424=DIRECTION('',(0.,0.,1.));
#4425=DIRECTION('',(1.,0.,0.));
#4426=DIRECTION('',(0.,0.,1.));
#4427=DIRECTION('',(1.,0.,0.));
#4428=DIRECTION('',(0.,0.,1.));
#4429=DIRECTION('',(1.,0.,0.));
#4430=DIRECTION('',(0.,0.,1.));
#4431=DIRECTION('',(1.,0.,0.));
#4432=DIRECTION('',(0.,0.,1.));
#4433=DIRECTION('',(1.,0.,0.));
#4434=DIRECTION('',(0.,0.,1.));
#4435=DIRECTION('',(1.,0.,0.));
#4436=DIRECTION('',(0.,0.,1.));
#4437=DIRECTION('',(1.,0.,0.));
#4438=DIRECTION('',(0.,0.,1.));
#4439=DIRECTION('',(1.,0.,0.));
#4440=DIRECTION('',(0.,0.,1.));
#4441=DIRECTION('',(1.,0.,0.));
#4442=DIRECTION('',(0.,0.,1.));
#4443=DIRECTION('',(1.,0.,0.));
#4444=DIRECTION('',(0.,0.,1.));
#4445=DIRECTION('',(1.,0.,0.));
#4446=DIRECTION('',(0.,0.,1.));
#4447=DIRECTION('',(1.,0.,0.));
#4448=DIRECTION('',(0.,0.,1.));
#4449=DIRECTION('',(1.,0.,0.));
#4450=DIRECTION('',(0.,0.,1.));
#4451=DIRECTION('',(1.,0.,0.));
#4452=DIRECTION('',(0.,0.,1.));
#4453=DIRECTION('',(1.,0.,0.));
#4454=DIRECTION('',(0.,1.,0.));
#4455=DIRECTION('',(0.,0.,1.));
#4456=DIRECTION('',(1.,0.,0.));
#4457=DIRECTION('',(0.,0.,-1.));
#4458=DIRECTION('',(1.,0.,0.));
#4459=DIRECTION('',(0.,0.,-1.));
#4460=DIRECTION('',(1.,0.,0.));
#4461=DIRECTION('',(0.,0.,-1.));
#4462=DIRECTION('',(0.,-1.,0.));
#4463=DIRECTION('',(0.,0.,-1.));
#4464=DIRECTION('',(0.,-1.,0.));
#4465=DIRECTION('',(0.,1.,0.));
#4466=DIRECTION('',(0.,0.,1.));
#4467=DIRECTION('',(1.,0.,0.));
#4468=DIRECTION('',(0.,0.,-1.));
#4469=DIRECTION('',(1.,0.,0.));
#4470=DIRECTION('',(1.,0.,0.));
#4471=DIRECTION('',(0.,0.,-1.));
#4472=DIRECTION('',(0.,-1.,0.));
#4473=DIRECTION('',(0.,-1.,0.));
#4474=DIRECTION('',(0.,0.,1.));
#4475=DIRECTION('',(1.,0.,0.));
#4476=DIRECTION('',(0.,0.,1.));
#4477=DIRECTION('',(1.,0.,0.));
#4478=DIRECTION('',(0.,0.,1.));
#4479=DIRECTION('',(1.,0.,0.));
#4480=DIRECTION('',(0.,1.,0.));
#4481=DIRECTION('',(0.,0.,1.));
#4482=DIRECTION('',(-1.,0.,0.));
#4483=DIRECTION('',(0.,0.,-1.));
#4484=DIRECTION('',(-1.,0.,0.));
#4485=DIRECTION('',(0.,0.,-1.));
#4486=DIRECTION('',(-1.,0.,0.));
#4487=DIRECTION('',(0.,0.,-1.));
#4488=DIRECTION('',(0.,-1.,0.));
#4489=DIRECTION('',(0.,-1.,0.));
#4490=DIRECTION('',(0.,0.,-1.));
#4491=DIRECTION('',(0.,1.,0.));
#4492=DIRECTION('',(0.,0.,1.));
#4493=DIRECTION('',(-1.,0.,0.));
#4494=DIRECTION('',(-1.,0.,0.));
#4495=DIRECTION('',(0.,0.,-1.));
#4496=DIRECTION('',(-1.,0.,0.));
#4497=DIRECTION('',(0.,0.,-1.));
#4498=DIRECTION('',(0.,-1.,0.));
#4499=DIRECTION('',(0.,-1.,0.));
#4500=DIRECTION('',(0.,0.,1.));
#4501=DIRECTION('',(-1.,0.,0.));
#4502=DIRECTION('',(0.,0.,1.));
#4503=DIRECTION('',(-1.,0.,0.));
#4504=DIRECTION('',(0.,0.,1.));
#4505=DIRECTION('',(1.,0.,0.));
#4506=DIRECTION('',(0.,0.,1.));
#4507=DIRECTION('',(1.,0.,0.));
#4508=DIRECTION('',(0.,0.,1.));
#4509=DIRECTION('',(1.,0.,0.));
#4510=DIRECTION('',(0.,0.,1.));
#4511=DIRECTION('',(1.,0.,0.));
#4512=DIRECTION('',(0.,0.,1.));
#4513=DIRECTION('',(1.,0.,0.));
#4514=DIRECTION('',(0.,0.,1.));
#4515=DIRECTION('',(1.,0.,0.));
#4516=DIRECTION('',(0.,0.,1.));
#4517=DIRECTION('',(1.,0.,0.));
#4518=DIRECTION('',(0.,0.,1.));
#4519=DIRECTION('',(1.,0.,0.));
#4520=DIRECTION('',(0.,0.,1.));
#4521=DIRECTION('',(1.,0.,0.));
#4522=DIRECTION('',(0.,0.,1.));
#4523=DIRECTION('',(1.,0.,0.));
#4524=DIRECTION('',(0.,1.,0.));
#4525=DIRECTION('',(0.,0.,1.));
#4526=DIRECTION('',(1.,0.,0.));
#4527=DIRECTION('',(0.,0.,-1.));
#4528=DIRECTION('',(1.,0.,0.));
#4529=DIRECTION('',(0.,0.,-1.));
#4530=DIRECTION('',(1.,0.,0.));
#4531=DIRECTION('',(0.,0.,-1.));
#4532=DIRECTION('',(0.,-1.,0.));
#4533=DIRECTION('',(0.,0.,-1.));
#4534=DIRECTION('',(0.,-1.,0.));
#4535=DIRECTION('',(0.,1.,0.));
#4536=DIRECTION('',(0.,0.,1.));
#4537=DIRECTION('',(1.,0.,0.));
#4538=DIRECTION('',(0.,0.,-1.));
#4539=DIRECTION('',(1.,0.,0.));
#4540=DIRECTION('',(1.,0.,0.));
#4541=DIRECTION('',(0.,0.,-1.));
#4542=DIRECTION('',(0.,-1.,0.));
#4543=DIRECTION('',(0.,-1.,0.));
#4544=DIRECTION('',(0.,0.,1.));
#4545=DIRECTION('',(1.,0.,0.));
#4546=DIRECTION('',(0.,0.,1.));
#4547=DIRECTION('',(1.,0.,0.));
#4548=DIRECTION('',(0.,0.,1.));
#4549=DIRECTION('',(1.,0.,0.));
#4550=DIRECTION('',(0.,1.,0.));
#4551=DIRECTION('',(0.,0.,1.));
#4552=DIRECTION('',(-1.,0.,0.));
#4553=DIRECTION('',(0.,0.,-1.));
#4554=DIRECTION('',(-1.,0.,0.));
#4555=DIRECTION('',(0.,0.,-1.));
#4556=DIRECTION('',(-1.,0.,0.));
#4557=DIRECTION('',(0.,0.,-1.));
#4558=DIRECTION('',(0.,-1.,0.));
#4559=DIRECTION('',(0.,-1.,0.));
#4560=DIRECTION('',(0.,0.,-1.));
#4561=DIRECTION('',(0.,1.,0.));
#4562=DIRECTION('',(0.,0.,1.));
#4563=DIRECTION('',(-1.,0.,0.));
#4564=DIRECTION('',(-1.,0.,0.));
#4565=DIRECTION('',(0.,0.,-1.));
#4566=DIRECTION('',(-1.,0.,0.));
#4567=DIRECTION('',(0.,0.,-1.));
#4568=DIRECTION('',(0.,-1.,0.));
#4569=DIRECTION('',(0.,-1.,0.));
#4570=DIRECTION('',(0.,0.,1.));
#4571=DIRECTION('',(-1.,0.,0.));
#4572=DIRECTION('',(0.,0.,1.));
#4573=DIRECTION('',(-1.,0.,0.));
#4574=DIRECTION('',(0.,0.,1.));
#4575=DIRECTION('',(1.,0.,0.));
#4576=DIRECTION('',(0.,0.,1.));
#4577=DIRECTION('',(1.,0.,0.));
#4578=DIRECTION('',(0.,0.,1.));
#4579=DIRECTION('',(1.,0.,0.));
#4580=DIRECTION('',(0.,0.,1.));
#4581=DIRECTION('',(1.,0.,0.));
#4582=DIRECTION('',(0.,0.,1.));
#4583=DIRECTION('',(1.,0.,0.));
#4584=DIRECTION('',(0.,0.,1.));
#4585=DIRECTION('',(1.,0.,0.));
#4586=DIRECTION('',(0.,0.,1.));
#4587=DIRECTION('',(1.,0.,0.));
#4588=DIRECTION('',(0.,0.,1.));
#4589=DIRECTION('',(1.,0.,0.));
#4590=DIRECTION('',(0.,0.,1.));
#4591=DIRECTION('',(1.,0.,0.));
#4592=DIRECTION('',(0.,0.,1.));
#4593=DIRECTION('',(1.,0.,0.));
#4594=DIRECTION('',(0.,0.,1.));
#4595=DIRECTION('',(1.,0.,0.));
#4596=DIRECTION('',(0.,0.,1.));
#4597=DIRECTION('',(1.,0.,0.));
#4598=DIRECTION('',(0.,0.,1.));
#4599=DIRECTION('',(1.,0.,0.));
#4600=DIRECTION('',(0.,0.,1.));
#4601=DIRECTION('',(1.,0.,0.));
#4602=DIRECTION('',(0.,0.,1.));
#4603=DIRECTION('',(1.,0.,0.));
#4604=DIRECTION('',(0.,0.,1.));
#4605=DIRECTION('',(1.,0.,0.));
#4606=DIRECTION('',(0.,0.,1.));
#4607=DIRECTION('',(1.,0.,0.));
#4608=DIRECTION('',(0.,0.,1.));
#4609=DIRECTION('',(1.,0.,0.));
#4610=DIRECTION('',(0.,0.,1.));
#4611=DIRECTION('',(1.,0.,0.));
#4612=DIRECTION('',(0.,1.,0.));
#4613=DIRECTION('',(0.,0.,1.));
#4614=DIRECTION('',(-1.,0.,0.));
#4615=DIRECTION('',(0.,0.,-1.));
#4616=DIRECTION('',(-1.,0.,0.));
#4617=DIRECTION('',(0.,0.,-1.));
#4618=DIRECTION('',(-1.,0.,0.));
#4619=DIRECTION('',(0.,0.,-1.));
#4620=DIRECTION('',(0.,-1.,0.));
#4621=DIRECTION('',(0.,-1.,0.));
#4622=DIRECTION('',(0.,0.,-1.));
#4623=DIRECTION('',(0.,1.,0.));
#4624=DIRECTION('',(0.,0.,1.));
#4625=DIRECTION('',(-1.,0.,0.));
#4626=DIRECTION('',(-1.,0.,0.));
#4627=DIRECTION('',(0.,0.,-1.));
#4628=DIRECTION('',(-1.,0.,0.));
#4629=DIRECTION('',(0.,0.,-1.));
#4630=DIRECTION('',(0.,-1.,0.));
#4631=DIRECTION('',(0.,-1.,0.));
#4632=DIRECTION('',(0.,0.,1.));
#4633=DIRECTION('',(-1.,0.,0.));
#4634=DIRECTION('',(0.,0.,1.));
#4635=DIRECTION('',(-1.,0.,0.));
#4636=DIRECTION('',(0.,0.,1.));
#4637=DIRECTION('',(1.,0.,0.));
#4638=DIRECTION('',(0.,0.,1.));
#4639=DIRECTION('',(1.,0.,0.));
#4640=DIRECTION('',(0.,0.,1.));
#4641=DIRECTION('',(1.,0.,0.));
#4642=DIRECTION('',(0.,0.,1.));
#4643=DIRECTION('',(1.,0.,0.));
#4644=DIRECTION('',(0.,0.,1.));
#4645=DIRECTION('',(1.,0.,0.));
#4646=DIRECTION('',(0.,0.,1.));
#4647=DIRECTION('',(1.,0.,0.));
#4648=DIRECTION('',(0.,0.,1.));
#4649=DIRECTION('',(1.,0.,0.));
#4650=DIRECTION('',(0.,0.,1.));
#4651=DIRECTION('',(1.,0.,0.));
#4652=DIRECTION('',(0.,0.,1.));
#4653=DIRECTION('',(1.,0.,0.));
#4654=DIRECTION('',(0.,0.,1.));
#4655=DIRECTION('',(1.,0.,0.));
#4656=DIRECTION('',(0.,0.,1.));
#4657=DIRECTION('',(1.,0.,0.));
#4658=DIRECTION('',(0.,0.,1.));
#4659=DIRECTION('',(1.,0.,0.));
#4660=DIRECTION('',(0.,0.,1.));
#4661=DIRECTION('',(1.,0.,0.));
#4662=DIRECTION('',(0.,0.,1.));
#4663=DIRECTION('',(1.,0.,0.));
#4664=DIRECTION('',(0.,0.,1.));
#4665=DIRECTION('',(1.,0.,0.));
#4666=DIRECTION('',(0.,0.,1.));
#4667=DIRECTION('',(1.,0.,0.));
#4668=DIRECTION('',(0.,0.,1.));
#4669=DIRECTION('',(1.,0.,0.));
#4670=DIRECTION('',(0.,0.,1.));
#4671=DIRECTION('',(1.,0.,0.));
#4672=DIRECTION('',(0.,0.,1.));
#4673=DIRECTION('',(1.,0.,0.));
#4674=DIRECTION('',(0.,1.,0.));
#4675=DIRECTION('',(0.,0.,1.));
#4676=DIRECTION('',(1.,0.,0.));
#4677=DIRECTION('',(0.,0.,-1.));
#4678=DIRECTION('',(1.,0.,0.));
#4679=DIRECTION('',(0.,0.,-1.));
#4680=DIRECTION('',(1.,0.,0.));
#4681=DIRECTION('',(0.,0.,-1.));
#4682=DIRECTION('',(0.,-1.,0.));
#4683=DIRECTION('',(0.,0.,-1.));
#4684=DIRECTION('',(0.,-1.,0.));
#4685=DIRECTION('',(0.,1.,0.));
#4686=DIRECTION('',(0.,0.,1.));
#4687=DIRECTION('',(1.,0.,0.));
#4688=DIRECTION('',(0.,0.,-1.));
#4689=DIRECTION('',(1.,0.,0.));
#4690=DIRECTION('',(1.,0.,0.));
#4691=DIRECTION('',(0.,0.,-1.));
#4692=DIRECTION('',(0.,-1.,0.));
#4693=DIRECTION('',(0.,-1.,0.));
#4694=DIRECTION('',(0.,0.,1.));
#4695=DIRECTION('',(1.,0.,0.));
#4696=DIRECTION('',(0.,0.,1.));
#4697=DIRECTION('',(1.,0.,0.));
#4698=DIRECTION('',(0.,0.,1.));
#4699=DIRECTION('',(1.,0.,0.));
#4700=DIRECTION('',(0.,0.,1.));
#4701=DIRECTION('',(1.,0.,0.));
#4702=DIRECTION('',(0.,0.,1.));
#4703=DIRECTION('',(1.,0.,0.));
#4704=DIRECTION('',(0.,0.,1.));
#4705=DIRECTION('',(1.,0.,0.));
#4706=DIRECTION('',(0.,0.,1.));
#4707=DIRECTION('',(1.,0.,0.));
#4708=DIRECTION('',(0.,0.,1.));
#4709=DIRECTION('',(1.,0.,0.));
#4710=DIRECTION('',(0.,0.,1.));
#4711=DIRECTION('',(1.,0.,0.));
#4712=DIRECTION('',(0.,0.,1.));
#4713=DIRECTION('',(1.,0.,0.));
#4714=DIRECTION('',(0.,0.,1.));
#4715=DIRECTION('',(1.,0.,0.));
#4716=DIRECTION('',(0.,0.,1.));
#4717=DIRECTION('',(1.,0.,0.));
#4718=DIRECTION('',(0.,0.,1.));
#4719=DIRECTION('',(1.,0.,0.));
#4720=DIRECTION('',(0.,0.,1.));
#4721=DIRECTION('',(1.,0.,0.));
#4722=DIRECTION('',(0.,0.,1.));
#4723=DIRECTION('',(1.,0.,0.));
#4724=DIRECTION('',(0.,0.,1.));
#4725=DIRECTION('',(1.,0.,0.));
#4726=DIRECTION('',(0.,0.,1.));
#4727=DIRECTION('',(1.,0.,0.));
#4728=DIRECTION('',(0.,0.,1.));
#4729=DIRECTION('',(1.,0.,0.));
#4730=DIRECTION('',(0.,0.,1.));
#4731=DIRECTION('',(1.,0.,0.));
#4732=DIRECTION('',(0.,0.,1.));
#4733=DIRECTION('',(1.,0.,0.));
#4734=DIRECTION('',(0.,0.,1.));
#4735=DIRECTION('',(1.,0.,0.));
#4736=DIRECTION('',(0.,1.,0.));
#4737=DIRECTION('',(0.,0.,1.));
#4738=DIRECTION('',(-1.,0.,0.));
#4739=DIRECTION('',(0.,0.,-1.));
#4740=DIRECTION('',(-1.,0.,0.));
#4741=DIRECTION('',(0.,0.,-1.));
#4742=DIRECTION('',(-1.,0.,0.));
#4743=DIRECTION('',(0.,0.,-1.));
#4744=DIRECTION('',(0.,-1.,0.));
#4745=DIRECTION('',(0.,-1.,0.));
#4746=DIRECTION('',(0.,0.,-1.));
#4747=DIRECTION('',(0.,1.,0.));
#4748=DIRECTION('',(0.,0.,1.));
#4749=DIRECTION('',(-1.,0.,0.));
#4750=DIRECTION('',(-1.,0.,0.));
#4751=DIRECTION('',(0.,0.,-1.));
#4752=DIRECTION('',(-1.,0.,0.));
#4753=DIRECTION('',(0.,0.,-1.));
#4754=DIRECTION('',(0.,-1.,0.));
#4755=DIRECTION('',(0.,-1.,0.));
#4756=DIRECTION('',(0.,0.,1.));
#4757=DIRECTION('',(-1.,0.,0.));
#4758=DIRECTION('',(0.,0.,1.));
#4759=DIRECTION('',(-1.,0.,0.));
#4760=DIRECTION('',(0.,0.,1.));
#4761=DIRECTION('',(1.,0.,0.));
#4762=DIRECTION('',(0.,0.,1.));
#4763=DIRECTION('',(1.,0.,0.));
#4764=DIRECTION('',(0.,0.,1.));
#4765=DIRECTION('',(1.,0.,0.));
#4766=DIRECTION('',(0.,0.,1.));
#4767=DIRECTION('',(1.,0.,0.));
#4768=DIRECTION('',(0.,0.,1.));
#4769=DIRECTION('',(1.,0.,0.));
#4770=DIRECTION('',(0.,0.,1.));
#4771=DIRECTION('',(1.,0.,0.));
#4772=DIRECTION('',(0.,0.,1.));
#4773=DIRECTION('',(1.,0.,0.));
#4774=DIRECTION('',(0.,0.,1.));
#4775=DIRECTION('',(1.,0.,0.));
#4776=DIRECTION('',(0.,0.,1.));
#4777=DIRECTION('',(1.,0.,0.));
#4778=DIRECTION('',(0.,0.,1.));
#4779=DIRECTION('',(1.,0.,0.));
#4780=DIRECTION('',(0.,0.,1.));
#4781=DIRECTION('',(-1.,0.,0.));
#4782=DIRECTION('',(0.,0.,-1.));
#4783=DIRECTION('',(-1.,0.,0.));
#4784=DIRECTION('',(0.,0.,-1.));
#4785=DIRECTION('',(-1.,0.,0.));
#4786=DIRECTION('',(0.,0.,1.));
#4787=DIRECTION('',(-1.,0.,0.));
#4788=DIRECTION('',(0.,0.,-1.));
#4789=DIRECTION('',(-1.,0.,0.));
#4790=DIRECTION('',(0.,0.,1.));
#4791=DIRECTION('',(-1.,0.,0.));
#4792=DIRECTION('',(0.,0.,-1.));
#4793=DIRECTION('',(-1.,0.,0.));
#4794=DIRECTION('',(0.,0.,1.));
#4795=DIRECTION('',(-1.,0.,0.));
#4796=DIRECTION('',(0.,0.,1.));
#4797=DIRECTION('',(1.,0.,0.));
#4798=DIRECTION('',(0.,0.,1.));
#4799=DIRECTION('',(1.,0.,0.));
#4800=DIRECTION('',(0.,0.,1.));
#4801=DIRECTION('',(1.,0.,0.));
#4802=DIRECTION('',(0.,0.,1.));
#4803=DIRECTION('',(1.,0.,0.));
#4804=DIRECTION('',(0.,0.,1.));
#4805=DIRECTION('',(1.,0.,0.));
#4806=DIRECTION('',(0.,0.,1.));
#4807=DIRECTION('',(1.,0.,0.));
#4808=DIRECTION('',(0.,0.,1.));
#4809=DIRECTION('',(1.,0.,0.));
#4810=DIRECTION('',(0.,0.,1.));
#4811=DIRECTION('',(1.,0.,0.));
#4812=DIRECTION('',(0.,0.,1.));
#4813=DIRECTION('',(1.,0.,0.));
#4814=DIRECTION('',(0.,0.,1.));
#4815=DIRECTION('',(1.,0.,0.));
#4816=DIRECTION('',(0.,0.,1.));
#4817=DIRECTION('',(1.,0.,0.));
#4818=DIRECTION('',(0.,0.,1.));
#4819=DIRECTION('',(1.,0.,0.));
#4820=DIRECTION('',(0.,0.,1.));
#4821=DIRECTION('',(1.,0.,0.));
#4822=DIRECTION('',(0.,0.,1.));
#4823=DIRECTION('',(1.,0.,0.));
#4824=DIRECTION('',(0.,0.,1.));
#4825=DIRECTION('',(1.,0.,0.));
#4826=DIRECTION('',(0.,0.,1.));
#4827=DIRECTION('',(1.,0.,0.));
#4828=DIRECTION('',(0.,0.,1.));
#4829=DIRECTION('',(1.,0.,0.));
#4830=DIRECTION('',(0.,0.,1.));
#4831=DIRECTION('',(1.,0.,0.));
#4832=DIRECTION('',(0.,0.,1.));
#4833=DIRECTION('',(1.,0.,0.));
#4834=DIRECTION('',(0.,0.,1.));
#4835=DIRECTION('',(1.,0.,0.));
#4836=DIRECTION('',(0.,0.,1.));
#4837=DIRECTION('',(1.,0.,0.));
#4838=DIRECTION('',(0.,0.,1.));
#4839=DIRECTION('',(1.,0.,0.));
#4840=DIRECTION('',(0.,0.,1.));
#4841=DIRECTION('',(1.,0.,0.));
#4842=DIRECTION('',(0.,0.,1.));
#4843=DIRECTION('',(1.,0.,0.));
#4844=DIRECTION('',(0.,0.,1.));
#4845=DIRECTION('',(1.,0.,0.));
#4846=DIRECTION('',(0.,0.,1.));
#4847=DIRECTION('',(1.,0.,0.));
#4848=DIRECTION('',(0.,0.,1.));
#4849=DIRECTION('',(1.,0.,0.));
#4850=DIRECTION('',(0.,0.,1.));
#4851=DIRECTION('',(1.,0.,0.));
#4852=DIRECTION('',(0.,0.,1.));
#4853=DIRECTION('',(1.,0.,0.));
#4854=DIRECTION('',(0.,0.,1.));
#4855=DIRECTION('',(1.,0.,0.));
#4856=DIRECTION('',(0.,0.,1.));
#4857=DIRECTION('',(1.,0.,0.));
#4858=DIRECTION('',(0.,0.,1.));
#4859=DIRECTION('',(1.,0.,0.));
#4860=DIRECTION('',(0.,0.,1.));
#4861=DIRECTION('',(1.,0.,0.));
#4862=DIRECTION('',(0.,0.,1.));
#4863=DIRECTION('',(1.,0.,0.));
#4864=DIRECTION('',(0.,0.,1.));
#4865=DIRECTION('',(1.,0.,0.));
#4866=DIRECTION('',(0.,0.,1.));
#4867=DIRECTION('',(1.,0.,0.));
#4868=DIRECTION('',(0.,0.,1.));
#4869=DIRECTION('',(1.,0.,0.));
#4870=DIRECTION('',(0.,0.,1.));
#4871=DIRECTION('',(1.,0.,0.));
#4872=DIRECTION('',(0.,0.,1.));
#4873=DIRECTION('',(1.,0.,0.));
#4874=DIRECTION('',(0.,0.,1.));
#4875=DIRECTION('',(1.,0.,0.));
#4876=DIRECTION('',(0.,0.,1.));
#4877=DIRECTION('',(1.,0.,0.));
#4878=DIRECTION('',(0.,0.,1.));
#4879=DIRECTION('',(1.,0.,0.));
#4880=DIRECTION('',(0.,0.,1.));
#4881=DIRECTION('',(1.,0.,0.));
#4882=DIRECTION('',(0.,0.,1.));
#4883=DIRECTION('',(1.,0.,0.));
#4884=DIRECTION('',(0.,0.,1.));
#4885=DIRECTION('',(1.,0.,0.));
#4886=DIRECTION('',(0.,0.,1.));
#4887=DIRECTION('',(1.,0.,0.));
#4888=DIRECTION('',(0.,0.,1.));
#4889=DIRECTION('',(1.,0.,0.));
#4890=DIRECTION('',(0.,0.,1.));
#4891=DIRECTION('',(1.,0.,0.));
#4892=DIRECTION('',(0.,0.,1.));
#4893=DIRECTION('',(1.,0.,0.));
#4894=DIRECTION('',(0.,0.,1.));
#4895=DIRECTION('',(1.,0.,0.));
#4896=DIRECTION('',(0.,0.,1.));
#4897=DIRECTION('',(1.,0.,0.));
#4898=DIRECTION('',(0.,0.,1.));
#4899=DIRECTION('',(1.,0.,0.));
#4900=DIRECTION('',(0.,0.,1.));
#4901=DIRECTION('',(1.,0.,0.));
#4902=DIRECTION('',(0.,0.,1.));
#4903=DIRECTION('',(1.,0.,0.));
#4904=DIRECTION('',(0.,0.,1.));
#4905=DIRECTION('',(1.,0.,0.));
#4906=DIRECTION('',(0.,0.,1.));
#4907=DIRECTION('',(1.,0.,0.));
#4908=DIRECTION('',(0.,0.,1.));
#4909=DIRECTION('',(1.,0.,0.));
#4910=DIRECTION('',(0.,0.,1.));
#4911=DIRECTION('',(1.,0.,0.));
#4912=DIRECTION('',(0.,0.,1.));
#4913=DIRECTION('',(1.,0.,0.));
#4914=DIRECTION('',(0.,0.,1.));
#4915=DIRECTION('',(1.,0.,0.));
#4916=DIRECTION('',(0.,0.,1.));
#4917=DIRECTION('',(1.,0.,0.));
#4918=DIRECTION('',(0.,0.,1.));
#4919=DIRECTION('',(1.,0.,0.));
#4920=DIRECTION('',(0.,0.,1.));
#4921=DIRECTION('',(1.,0.,0.));
#4922=DIRECTION('',(0.,0.,1.));
#4923=DIRECTION('',(1.,0.,0.));
#4924=DIRECTION('',(0.,0.,1.));
#4925=DIRECTION('',(1.,0.,0.));
#4926=DIRECTION('',(0.,0.,1.));
#4927=DIRECTION('',(1.,0.,0.));
#4928=DIRECTION('',(0.,0.,1.));
#4929=DIRECTION('',(1.,0.,0.));
#4930=DIRECTION('',(0.,0.,1.));
#4931=DIRECTION('',(1.,0.,0.));
#4932=DIRECTION('',(0.,0.,1.));
#4933=DIRECTION('',(1.,0.,0.));
#4934=DIRECTION('',(0.,0.,1.));
#4935=DIRECTION('',(1.,0.,0.));
#4936=DIRECTION('',(0.,0.,1.));
#4937=DIRECTION('',(1.,0.,0.));
#4938=DIRECTION('',(0.,0.,1.));
#4939=DIRECTION('',(1.,0.,0.));
#4940=DIRECTION('',(0.,0.,1.));
#4941=DIRECTION('',(1.,0.,0.));
#4942=DIRECTION('',(0.,0.,1.));
#4943=DIRECTION('',(1.,0.,0.));
#4944=DIRECTION('',(0.,0.,1.));
#4945=DIRECTION('',(1.,0.,0.));
#4946=DIRECTION('',(0.,0.,1.));
#4947=DIRECTION('',(1.,0.,0.));
#4948=DIRECTION('',(0.,0.,1.));
#4949=DIRECTION('',(1.,0.,0.));
#4950=DIRECTION('',(0.,0.,1.));
#4951=DIRECTION('',(1.,0.,0.));
#4952=DIRECTION('',(0.,0.,1.));
#4953=DIRECTION('',(1.,0.,0.));
#4954=DIRECTION('',(0.,0.,1.));
#4955=DIRECTION('',(1.,0.,0.));
#4956=DIRECTION('',(0.,0.,1.));
#4957=DIRECTION('',(1.,0.,0.));
#4958=DIRECTION('',(0.,0.,1.));
#4959=DIRECTION('',(1.,0.,0.));
#4960=DIRECTION('',(0.,0.,1.));
#4961=DIRECTION('',(1.,0.,0.));
#4962=DIRECTION('',(0.,0.,1.));
#4963=DIRECTION('',(1.,0.,0.));
#4964=DIRECTION('',(0.,0.,1.));
#4965=DIRECTION('',(1.,0.,0.));
#4966=DIRECTION('',(0.,0.,1.));
#4967=DIRECTION('',(1.,0.,0.));
#4968=DIRECTION('',(0.,0.,1.));
#4969=DIRECTION('',(1.,0.,0.));
#4970=DIRECTION('',(0.,0.,1.));
#4971=DIRECTION('',(1.,0.,0.));
#4972=DIRECTION('',(0.,0.,1.));
#4973=DIRECTION('',(1.,0.,0.));
#4974=DIRECTION('',(0.,0.,1.));
#4975=DIRECTION('',(1.,0.,0.));
#4976=DIRECTION('',(0.,0.,1.));
#4977=DIRECTION('',(1.,0.,0.));
#4978=DIRECTION('',(0.,0.,1.));
#4979=DIRECTION('',(1.,0.,0.));
#4980=DIRECTION('',(0.,0.,1.));
#4981=DIRECTION('',(1.,0.,0.));
#4982=DIRECTION('',(0.,0.,1.));
#4983=DIRECTION('',(1.,0.,0.));
#4984=DIRECTION('',(0.,0.,1.));
#4985=DIRECTION('',(1.,0.,0.));
#4986=DIRECTION('',(0.,0.,1.));
#4987=DIRECTION('',(1.,0.,0.));
#4988=DIRECTION('',(0.,0.,1.));
#4989=DIRECTION('',(1.,0.,0.));
#4990=DIRECTION('',(0.,0.,1.));
#4991=DIRECTION('',(1.,0.,0.));
#4992=DIRECTION('',(0.,0.,1.));
#4993=DIRECTION('',(1.,0.,0.));
#4994=DIRECTION('',(0.,0.,1.));
#4995=DIRECTION('',(1.,0.,0.));
#4996=DIRECTION('',(0.,0.,1.));
#4997=DIRECTION('',(1.,0.,0.));
#4998=DIRECTION('',(0.,0.,1.));
#4999=DIRECTION('',(1.,0.,0.));
#5000=DIRECTION('',(0.,0.,1.));
#5001=DIRECTION('',(1.,0.,0.));
#5002=DIRECTION('',(0.,0.,1.));
#5003=DIRECTION('',(1.,0.,0.));
#5004=DIRECTION('',(0.,0.,1.));
#5005=DIRECTION('',(1.,0.,0.));
#5006=DIRECTION('',(0.,0.,1.));
#5007=DIRECTION('',(1.,0.,0.));
#5008=DIRECTION('',(0.,0.,1.));
#5009=DIRECTION('',(1.,0.,0.));
#5010=DIRECTION('',(0.,0.,1.));
#5011=DIRECTION('',(1.,0.,0.));
#5012=DIRECTION('',(0.,0.,1.));
#5013=DIRECTION('',(1.,0.,0.));
#5014=DIRECTION('',(0.,0.,1.));
#5015=DIRECTION('',(1.,0.,0.));
#5016=DIRECTION('',(0.,0.,1.));
#5017=DIRECTION('',(1.,0.,0.));
#5018=DIRECTION('',(0.,0.,1.));
#5019=DIRECTION('',(1.,0.,0.));
#5020=DIRECTION('',(0.,0.,1.));
#5021=DIRECTION('',(1.,0.,0.));
#5022=DIRECTION('',(0.,0.,1.));
#5023=DIRECTION('',(1.,0.,0.));
#5024=DIRECTION('',(0.,0.,1.));
#5025=DIRECTION('',(1.,0.,0.));
#5026=DIRECTION('',(0.,0.,1.));
#5027=DIRECTION('',(1.,0.,0.));
#5028=DIRECTION('',(0.,0.,1.));
#5029=DIRECTION('',(1.,0.,0.));
#5030=DIRECTION('',(0.,0.,1.));
#5031=DIRECTION('',(1.,0.,0.));
#5032=DIRECTION('',(0.,0.,1.));
#5033=DIRECTION('',(1.,0.,0.));
#5034=DIRECTION('',(0.,0.,1.));
#5035=DIRECTION('',(1.,0.,0.));
#5036=DIRECTION('',(0.,0.,1.));
#5037=DIRECTION('',(1.,0.,0.));
#5038=DIRECTION('',(0.,0.,1.));
#5039=DIRECTION('',(1.,0.,0.));
#5040=DIRECTION('',(0.,0.,1.));
#5041=DIRECTION('',(1.,0.,0.));
#5042=DIRECTION('',(0.,0.,1.));
#5043=DIRECTION('',(1.,0.,0.));
#5044=DIRECTION('',(0.,0.,1.));
#5045=DIRECTION('',(1.,0.,0.));
#5046=DIRECTION('',(0.,0.,1.));
#5047=DIRECTION('',(1.,0.,0.));
#5048=DIRECTION('',(0.,0.,1.));
#5049=DIRECTION('',(1.,0.,0.));
#5050=DIRECTION('',(0.,0.,1.));
#5051=DIRECTION('',(1.,0.,0.));
#5052=DIRECTION('',(0.,0.,1.));
#5053=DIRECTION('',(1.,0.,0.));
#5054=DIRECTION('',(0.,0.,1.));
#5055=DIRECTION('',(1.,0.,0.));
#5056=DIRECTION('',(0.,0.,1.));
#5057=DIRECTION('',(1.,0.,0.));
#5058=DIRECTION('',(0.,0.,1.));
#5059=DIRECTION('',(1.,0.,0.));
#5060=DIRECTION('',(0.,0.,1.));
#5061=DIRECTION('',(1.,0.,0.));
#5062=DIRECTION('',(0.,0.,1.));
#5063=DIRECTION('',(1.,0.,0.));
#5064=DIRECTION('',(0.,0.,1.));
#5065=DIRECTION('',(1.,0.,0.));
#5066=DIRECTION('',(0.,0.,1.));
#5067=DIRECTION('',(1.,0.,0.));
#5068=DIRECTION('',(0.,0.,1.));
#5069=DIRECTION('',(1.,0.,0.));
#5070=DIRECTION('',(0.,0.,1.));
#5071=DIRECTION('',(1.,0.,0.));
#5072=DIRECTION('',(0.,0.,1.));
#5073=DIRECTION('',(1.,0.,0.));
#5074=DIRECTION('',(0.,0.,1.));
#5075=DIRECTION('',(1.,0.,0.));
#5076=DIRECTION('',(0.,0.,1.));
#5077=DIRECTION('',(1.,0.,0.));
#5078=DIRECTION('',(0.,0.,1.));
#5079=DIRECTION('',(1.,0.,0.));
#5080=DIRECTION('',(0.,0.,1.));
#5081=DIRECTION('',(1.,0.,0.));
#5082=DIRECTION('',(0.,0.,1.));
#5083=DIRECTION('',(1.,0.,0.));
#5084=DIRECTION('',(0.,0.,1.));
#5085=DIRECTION('',(1.,0.,0.));
#5086=DIRECTION('',(0.,0.,1.));
#5087=DIRECTION('',(1.,0.,0.));
#5088=DIRECTION('',(0.,0.,1.));
#5089=DIRECTION('',(1.,0.,0.));
#5090=DIRECTION('',(0.,0.,1.));
#5091=DIRECTION('',(1.,0.,0.));
#5092=DIRECTION('',(0.,0.,1.));
#5093=DIRECTION('',(1.,0.,0.));
#5094=DIRECTION('',(0.,0.,1.));
#5095=DIRECTION('',(1.,0.,0.));
#5096=DIRECTION('',(0.,0.,1.));
#5097=DIRECTION('',(1.,0.,0.));
#5098=DIRECTION('',(0.,0.,1.));
#5099=DIRECTION('',(1.,0.,0.));
#5100=DIRECTION('',(0.,0.,1.));
#5101=DIRECTION('',(1.,0.,0.));
#5102=DIRECTION('',(0.,0.,1.));
#5103=DIRECTION('',(1.,0.,0.));
#5104=DIRECTION('',(0.,0.,1.));
#5105=DIRECTION('',(1.,0.,0.));
#5106=DIRECTION('',(0.,0.,1.));
#5107=DIRECTION('',(1.,0.,0.));
#5108=DIRECTION('',(0.,0.,1.));
#5109=DIRECTION('',(1.,0.,0.));
#5110=DIRECTION('',(0.,0.,1.));
#5111=DIRECTION('',(1.,0.,0.));
#5112=DIRECTION('',(0.,0.,1.));
#5113=DIRECTION('',(1.,0.,0.));
#5114=DIRECTION('',(0.,0.,1.));
#5115=DIRECTION('',(1.,0.,0.));
#5116=DIRECTION('',(0.,0.,1.));
#5117=DIRECTION('',(1.,0.,0.));
#5118=DIRECTION('',(0.,0.,1.));
#5119=DIRECTION('',(1.,0.,0.));
#5120=CARTESIAN_POINT('',(0.,0.,0.));
#5121=CARTESIAN_POINT('',(0.00510082067921758,0.00529052000120282,0.0006));
#5122=CARTESIAN_POINT('',(0.00510082067921758,0.00529052000120282,0.));
#5123=CARTESIAN_POINT('',(0.00550082067921758,0.00529052000120282,0.));
#5124=CARTESIAN_POINT('',(0.00470082067921758,0.00529052000120282,0.));
#5125=CARTESIAN_POINT('',(0.00470082067921758,0.00529052000120282,0.0006));
#5126=CARTESIAN_POINT('',(0.00470082067921758,0.00529052000120282,0.0006));
#5127=CARTESIAN_POINT('',(0.00510082067921758,0.00529052000120282,0.0006));
#5128=CARTESIAN_POINT('',(0.00550082067921758,0.00529052000120282,0.0006));
#5129=CARTESIAN_POINT('',(0.00550082067921758,0.00529052000120282,0.0006));
#5130=CARTESIAN_POINT('',(0.00550082067921758,0.00441552000120282,0.0006));
#5131=CARTESIAN_POINT('',(0.00550082067921758,0.00441552000120282,0.));
#5132=CARTESIAN_POINT('',(0.00550082067921758,0.00354052000120283,0.));
#5133=CARTESIAN_POINT('',(0.00550082067921758,0.00441552000120282,0.0006));
#5134=CARTESIAN_POINT('',(0.00550082067921758,0.00354052000120283,0.0006));
#5135=CARTESIAN_POINT('',(0.00550082067921758,0.00354052000120283,0.0006));
#5136=CARTESIAN_POINT('',(0.00510082067921758,0.00354052000120283,0.0006));
#5137=CARTESIAN_POINT('',(0.00510082067921758,0.00354052000120283,0.));
#5138=CARTESIAN_POINT('',(0.00470082067921758,0.00354052000120283,0.));
#5139=CARTESIAN_POINT('',(0.00510082067921758,0.00354052000120283,0.0006));
#5140=CARTESIAN_POINT('',(0.00470082067921758,0.00354052000120283,0.0006));
#5141=CARTESIAN_POINT('',(0.00470082067921758,0.00354052000120283,0.0006));
#5142=CARTESIAN_POINT('',(0.00470082067921758,0.00441552000120282,0.0006));
#5143=CARTESIAN_POINT('',(0.00470082067921758,0.00441552000120282,0.));
#5144=CARTESIAN_POINT('',(0.00470082067921758,0.00441552000120282,0.0006));
#5145=CARTESIAN_POINT('',(0.,0.,0.0006));
#5146=CARTESIAN_POINT('',(0.,0.,0.));
#5147=CARTESIAN_POINT('',(0.,0.,0.));
#5148=CARTESIAN_POINT('',(0.00508,0.,-0.0016));
#5149=CARTESIAN_POINT('',(0.00383034485012293,-0.00673732906579971,-0.0016));
#5150=CARTESIAN_POINT('',(0.00483034485012293,-0.00673732906579971,-0.0016));
#5151=CARTESIAN_POINT('',(0.00383034485012293,-0.00673732906579971,-0.0016));
#5152=CARTESIAN_POINT('',(0.00433034485012293,-0.00673732906579971,-0.0016));
#5153=CARTESIAN_POINT('',(0.00508,0.,0.));
#5154=CARTESIAN_POINT('',(0.00383034485012293,-0.00673732906579971,0.));
#5155=CARTESIAN_POINT('',(0.00433034485012293,-0.00673732906579971,0.));
#5156=CARTESIAN_POINT('',(0.00383034485012293,-0.00673732906579971,0.));
#5157=CARTESIAN_POINT('',(0.00483034485012293,-0.00673732906579971,0.));
#5158=CARTESIAN_POINT('',(0.00383034485012293,-0.00673732906579971,-0.001602));
#5159=CARTESIAN_POINT('',(0.00383034485012293,-0.00673732906579971,-0.001602));
#5160=CARTESIAN_POINT('',(0.,0.,0.));
#5161=CARTESIAN_POINT('',(-0.00368033489212394,0.000613817510660738,0.0006));
#5162=CARTESIAN_POINT('',(-0.00368033489212394,0.000613817510660738,0.));
#5163=CARTESIAN_POINT('',(-0.00408033489212393,0.000613817510660738,0.));
#5164=CARTESIAN_POINT('',(-0.00328033489212394,0.000613817510660738,0.));
#5165=CARTESIAN_POINT('',(-0.00408033489212393,0.000613817510660738,0.0006));
#5166=CARTESIAN_POINT('',(-0.00408033489212393,0.000613817510660738,0.0006));
#5167=CARTESIAN_POINT('',(-0.00368033489212394,0.000613817510660738,0.0006));
#5168=CARTESIAN_POINT('',(-0.00328033489212394,0.000613817510660738,0.0006));
#5169=CARTESIAN_POINT('',(-0.00328033489212394,0.000613817510660738,0.0006));
#5170=CARTESIAN_POINT('',(-0.00408033489212393,-0.000261182489339263,0.0006));
#5171=CARTESIAN_POINT('',(-0.00408033489212393,-0.000261182489339263,0.));
#5172=CARTESIAN_POINT('',(-0.00408033489212393,-0.00113618248933926,0.));
#5173=CARTESIAN_POINT('',(-0.00408033489212393,-0.00113618248933926,0.0006));
#5174=CARTESIAN_POINT('',(-0.00408033489212393,-0.00113618248933926,0.0006));
#5175=CARTESIAN_POINT('',(-0.00408033489212393,-0.000261182489339263,0.0006));
#5176=CARTESIAN_POINT('',(-0.00368033489212394,-0.00113618248933926,0.0006));
#5177=CARTESIAN_POINT('',(-0.00368033489212394,-0.00113618248933926,0.));
#5178=CARTESIAN_POINT('',(-0.00328033489212394,-0.00113618248933926,0.));
#5179=CARTESIAN_POINT('',(-0.00328033489212394,-0.00113618248933926,0.0006));
#5180=CARTESIAN_POINT('',(-0.00328033489212394,-0.00113618248933926,0.0006));
#5181=CARTESIAN_POINT('',(-0.00368033489212394,-0.00113618248933926,0.0006));
#5182=CARTESIAN_POINT('',(-0.00328033489212394,-0.000261182489339263,0.0006));
#5183=CARTESIAN_POINT('',(-0.00328033489212394,-0.000261182489339263,0.));
#5184=CARTESIAN_POINT('',(-0.00328033489212394,-0.000261182489339263,0.0006));
#5185=CARTESIAN_POINT('',(0.,0.,0.0006));
#5186=CARTESIAN_POINT('',(0.,0.,0.));
#5187=CARTESIAN_POINT('',(0.,0.,0.));
#5188=CARTESIAN_POINT('',(-0.00543033489212394,0.000613817510660738,0.0006));
#5189=CARTESIAN_POINT('',(-0.00543033489212394,0.000613817510660738,0.));
#5190=CARTESIAN_POINT('',(-0.00583033489212394,0.000613817510660738,0.));
#5191=CARTESIAN_POINT('',(-0.00503033489212394,0.000613817510660738,0.));
#5192=CARTESIAN_POINT('',(-0.00583033489212394,0.000613817510660738,0.0006));
#5193=CARTESIAN_POINT('',(-0.00583033489212394,0.000613817510660738,0.0006));
#5194=CARTESIAN_POINT('',(-0.00543033489212394,0.000613817510660738,0.0006));
#5195=CARTESIAN_POINT('',(-0.00503033489212394,0.000613817510660738,0.0006));
#5196=CARTESIAN_POINT('',(-0.00503033489212394,0.000613817510660738,0.0006));
#5197=CARTESIAN_POINT('',(-0.00583033489212394,-0.000261182489339263,0.0006));
#5198=CARTESIAN_POINT('',(-0.00583033489212394,-0.000261182489339263,0.));
#5199=CARTESIAN_POINT('',(-0.00583033489212394,-0.00113618248933926,0.));
#5200=CARTESIAN_POINT('',(-0.00583033489212394,-0.00113618248933926,0.0006));
#5201=CARTESIAN_POINT('',(-0.00583033489212394,-0.00113618248933926,0.0006));
#5202=CARTESIAN_POINT('',(-0.00583033489212394,-0.000261182489339263,0.0006));
#5203=CARTESIAN_POINT('',(-0.00543033489212394,-0.00113618248933926,0.0006));
#5204=CARTESIAN_POINT('',(-0.00543033489212394,-0.00113618248933926,0.));
#5205=CARTESIAN_POINT('',(-0.00503033489212394,-0.00113618248933926,0.));
#5206=CARTESIAN_POINT('',(-0.00503033489212394,-0.00113618248933926,0.0006));
#5207=CARTESIAN_POINT('',(-0.00503033489212394,-0.00113618248933926,0.0006));
#5208=CARTESIAN_POINT('',(-0.00543033489212394,-0.00113618248933926,0.0006));
#5209=CARTESIAN_POINT('',(-0.00503033489212394,-0.000261182489339263,0.0006));
#5210=CARTESIAN_POINT('',(-0.00503033489212394,-0.000261182489339263,0.));
#5211=CARTESIAN_POINT('',(-0.00503033489212394,-0.000261182489339263,0.0006));
#5212=CARTESIAN_POINT('',(-0.00175,0.,0.0006));
#5213=CARTESIAN_POINT('',(-0.00175,0.,0.));
#5214=CARTESIAN_POINT('',(0.,0.,0.));
#5215=CARTESIAN_POINT('',(-0.001625,-0.000686126470100134,0.0008));
#5216=CARTESIAN_POINT('',(-0.001625,-0.000686126470100134,0.));
#5217=CARTESIAN_POINT('',(-0.001625,6.38735298998654E-5,0.));
#5218=CARTESIAN_POINT('',(-0.001625,-0.00143612647010013,0.));
#5219=CARTESIAN_POINT('',(-0.001625,-0.00143612647010013,0.0008));
#5220=CARTESIAN_POINT('',(-0.001625,-0.00143612647010013,0.0008));
#5221=CARTESIAN_POINT('',(-0.001625,-0.000686126470100134,0.0008));
#5222=CARTESIAN_POINT('',(-0.001625,6.38735298998654E-5,0.0008));
#5223=CARTESIAN_POINT('',(-0.001625,6.38735298998654E-5,0.0008));
#5224=CARTESIAN_POINT('',(-0.0008125,-0.00143612647010013,0.0008));
#5225=CARTESIAN_POINT('',(-0.0008125,-0.00143612647010013,0.));
#5226=CARTESIAN_POINT('',(0.001625,-0.00143612647010013,0.));
#5227=CARTESIAN_POINT('',(0.001625,-0.00143612647010013,0.0008));
#5228=CARTESIAN_POINT('',(0.001625,-0.00143612647010013,0.0008));
#5229=CARTESIAN_POINT('',(-0.0008125,-0.00143612647010013,0.0008));
#5230=CARTESIAN_POINT('',(0.001625,-0.000686126470100135,0.0008));
#5231=CARTESIAN_POINT('',(0.001625,-0.000686126470100135,0.));
#5232=CARTESIAN_POINT('',(0.001625,6.38735298998654E-5,0.));
#5233=CARTESIAN_POINT('',(0.001625,6.38735298998654E-5,0.0008));
#5234=CARTESIAN_POINT('',(0.001625,6.38735298998654E-5,0.0008));
#5235=CARTESIAN_POINT('',(0.001625,-0.000686126470100135,0.0008));
#5236=CARTESIAN_POINT('',(-0.0008125,6.38735298998654E-5,0.0008));
#5237=CARTESIAN_POINT('',(-0.0008125,6.38735298998654E-5,0.));
#5238=CARTESIAN_POINT('',(-0.0008125,6.38735298998654E-5,0.0008));
#5239=CARTESIAN_POINT('',(0.,0.,0.0008));
#5240=CARTESIAN_POINT('',(0.,0.,0.));
#5241=CARTESIAN_POINT('',(0.,0.,0.));
#5242=CARTESIAN_POINT('',(0.00254,0.,-0.0016));
#5243=CARTESIAN_POINT('',(0.00129034485012293,-0.00673732906579971,-0.0016));
#5244=CARTESIAN_POINT('',(0.00229034485012293,-0.00673732906579971,-0.0016));
#5245=CARTESIAN_POINT('',(0.00129034485012293,-0.00673732906579971,-0.0016));
#5246=CARTESIAN_POINT('',(0.00179034485012293,-0.00673732906579971,-0.0016));
#5247=CARTESIAN_POINT('',(0.00254,0.,0.));
#5248=CARTESIAN_POINT('',(0.00129034485012293,-0.00673732906579971,0.));
#5249=CARTESIAN_POINT('',(0.00179034485012293,-0.00673732906579971,0.));
#5250=CARTESIAN_POINT('',(0.00129034485012293,-0.00673732906579971,0.));
#5251=CARTESIAN_POINT('',(0.00229034485012293,-0.00673732906579971,0.));
#5252=CARTESIAN_POINT('',(0.00129034485012293,-0.00673732906579971,-0.001602));
#5253=CARTESIAN_POINT('',(0.00129034485012293,-0.00673732906579971,-0.001602));
#5254=CARTESIAN_POINT('',(0.,0.,0.));
#5255=CARTESIAN_POINT('',(-0.00510082067921758,0.00529052000120282,0.0006));
#5256=CARTESIAN_POINT('',(-0.00510082067921758,0.00529052000120282,0.));
#5257=CARTESIAN_POINT('',(-0.00550082067921758,0.00529052000120282,0.));
#5258=CARTESIAN_POINT('',(-0.00470082067921758,0.00529052000120282,0.));
#5259=CARTESIAN_POINT('',(-0.00550082067921758,0.00529052000120282,0.0006));
#5260=CARTESIAN_POINT('',(-0.00550082067921758,0.00529052000120282,0.0006));
#5261=CARTESIAN_POINT('',(-0.00510082067921758,0.00529052000120282,0.0006));
#5262=CARTESIAN_POINT('',(-0.00470082067921758,0.00529052000120282,0.0006));
#5263=CARTESIAN_POINT('',(-0.00470082067921758,0.00529052000120282,0.0006));
#5264=CARTESIAN_POINT('',(-0.00550082067921758,0.00441552000120282,0.0006));
#5265=CARTESIAN_POINT('',(-0.00550082067921758,0.00441552000120282,0.));
#5266=CARTESIAN_POINT('',(-0.00550082067921758,0.00354052000120283,0.));
#5267=CARTESIAN_POINT('',(-0.00550082067921758,0.00354052000120283,0.0006));
#5268=CARTESIAN_POINT('',(-0.00550082067921758,0.00354052000120283,0.0006));
#5269=CARTESIAN_POINT('',(-0.00550082067921758,0.00441552000120282,0.0006));
#5270=CARTESIAN_POINT('',(-0.00510082067921758,0.00354052000120283,0.0006));
#5271=CARTESIAN_POINT('',(-0.00510082067921758,0.00354052000120283,0.));
#5272=CARTESIAN_POINT('',(-0.00470082067921758,0.00354052000120283,0.));
#5273=CARTESIAN_POINT('',(-0.00470082067921758,0.00354052000120283,0.0006));
#5274=CARTESIAN_POINT('',(-0.00470082067921758,0.00354052000120283,0.0006));
#5275=CARTESIAN_POINT('',(-0.00510082067921758,0.00354052000120283,0.0006));
#5276=CARTESIAN_POINT('',(-0.00470082067921758,0.00441552000120282,0.0006));
#5277=CARTESIAN_POINT('',(-0.00470082067921758,0.00441552000120282,0.));
#5278=CARTESIAN_POINT('',(-0.00470082067921758,0.00441552000120282,0.0006));
#5279=CARTESIAN_POINT('',(0.,0.,0.0006));
#5280=CARTESIAN_POINT('',(0.,0.,0.));
#5281=CARTESIAN_POINT('',(0.,0.,0.));
#5282=CARTESIAN_POINT('',(0.00254,0.,-0.0016));
#5283=CARTESIAN_POINT('',(0.00129034485012293,-0.00673732906579971,-0.0016));
#5284=CARTESIAN_POINT('',(0.00229034485012293,-0.00673732906579971,-0.0016));
#5285=CARTESIAN_POINT('',(0.00129034485012293,-0.00673732906579971,-0.0016));
#5286=CARTESIAN_POINT('',(0.00179034485012293,-0.00673732906579971,-0.0016));
#5287=CARTESIAN_POINT('',(0.00254,0.,0.));
#5288=CARTESIAN_POINT('',(0.00129034485012293,-0.00673732906579971,0.));
#5289=CARTESIAN_POINT('',(0.00179034485012293,-0.00673732906579971,0.));
#5290=CARTESIAN_POINT('',(0.00129034485012293,-0.00673732906579971,0.));
#5291=CARTESIAN_POINT('',(0.00229034485012293,-0.00673732906579971,0.));
#5292=CARTESIAN_POINT('',(0.00129034485012293,-0.00673732906579971,-0.001602));
#5293=CARTESIAN_POINT('',(0.00129034485012293,-0.00673732906579971,-0.001602));
#5294=CARTESIAN_POINT('',(0.,0.,0.));
#5295=CARTESIAN_POINT('',(0.010125,0.005375,-0.025));
#5296=CARTESIAN_POINT('',(0.010125,0.005375,0.));
#5297=CARTESIAN_POINT('',(0.007875,0.005375,0.));
#5298=CARTESIAN_POINT('',(0.010125,0.005375,-0.0016));
#5299=CARTESIAN_POINT('',(0.007875,0.005375,-0.0016));
#5300=CARTESIAN_POINT('',(-0.0064375,0.008125,-0.0016));
#5301=CARTESIAN_POINT('',(-0.0064375,0.008125,0.));
#5302=CARTESIAN_POINT('',(-0.012875,0.008125,0.));
#5303=CARTESIAN_POINT('',(0.012875,0.008125,0.));
#5304=CARTESIAN_POINT('',(0.012875,0.008125,-0.0016));
#5305=CARTESIAN_POINT('',(0.012875,0.008125,-0.0016));
#5306=CARTESIAN_POINT('',(-0.0064375,0.008125,-0.0016));
#5307=CARTESIAN_POINT('',(-0.012875,0.008125,-0.0016));
#5308=CARTESIAN_POINT('',(-0.012875,0.008125,-0.0016));
#5309=CARTESIAN_POINT('',(-0.012875,0.,-0.0016));
#5310=CARTESIAN_POINT('',(-0.012875,0.,0.));
#5311=CARTESIAN_POINT('',(-0.012875,-0.008125,0.));
#5312=CARTESIAN_POINT('',(-0.012875,0.,-0.0016));
#5313=CARTESIAN_POINT('',(-0.012875,-0.008125,-0.0016));
#5314=CARTESIAN_POINT('',(-0.012875,-0.008125,-0.0016));
#5315=CARTESIAN_POINT('',(-0.0064375,-0.008125,-0.0016));
#5316=CARTESIAN_POINT('',(-0.0064375,-0.008125,0.));
#5317=CARTESIAN_POINT('',(0.012875,-0.008125,0.));
#5318=CARTESIAN_POINT('',(-0.0064375,-0.008125,-0.0016));
#5319=CARTESIAN_POINT('',(0.012875,-0.008125,-0.0016));
#5320=CARTESIAN_POINT('',(0.012875,-0.008125,-0.0016));
#5321=CARTESIAN_POINT('',(0.012875,0.,-0.0016));
#5322=CARTESIAN_POINT('',(0.012875,0.,0.));
#5323=CARTESIAN_POINT('',(0.012875,0.,-0.0016));
#5324=CARTESIAN_POINT('',(0.,0.,-0.0016));
#5325=CARTESIAN_POINT('',(0.0114503448501229,-0.00673732906579971,-0.0016));
#5326=CARTESIAN_POINT('',(0.0124503448501229,-0.00673732906579971,-0.0016));
#5327=CARTESIAN_POINT('',(0.00891034485012293,-0.00673732906579971,-0.0016));
#5328=CARTESIAN_POINT('',(0.00991034485012293,-0.00673732906579971,-0.0016));
#5329=CARTESIAN_POINT('',(0.00637034485012293,-0.00673732906579971,-0.0016));
#5330=CARTESIAN_POINT('',(0.00737034485012293,-0.00673732906579971,-0.0016));
#5331=CARTESIAN_POINT('',(0.00383034485012293,-0.00673732906579971,-0.0016));
#5332=CARTESIAN_POINT('',(0.00483034485012293,-0.00673732906579971,-0.0016));
#5333=CARTESIAN_POINT('',(0.00129034485012293,-0.00673732906579971,-0.0016));
#5334=CARTESIAN_POINT('',(0.00229034485012293,-0.00673732906579971,-0.0016));
#5335=CARTESIAN_POINT('',(-0.0114096551498771,-0.00673732906579971,-0.0016));
#5336=CARTESIAN_POINT('',(-0.0104096551498771,-0.00673732906579971,-0.0016));
#5337=CARTESIAN_POINT('',(-0.00886965514987707,-0.00673732906579971,-0.0016));
#5338=CARTESIAN_POINT('',(-0.00786965514987707,-0.00673732906579971,-0.0016));
#5339=CARTESIAN_POINT('',(-0.00632965514987707,-0.00673732906579971,-0.0016));
#5340=CARTESIAN_POINT('',(-0.00532965514987707,-0.00673732906579971,-0.0016));
#5341=CARTESIAN_POINT('',(-0.00378965514987707,-0.00673732906579971,-0.0016));
#5342=CARTESIAN_POINT('',(-0.00278965514987707,-0.00673732906579971,-0.0016));
#5343=CARTESIAN_POINT('',(-0.00124965514987707,-0.00673732906579971,-0.0016));
#5344=CARTESIAN_POINT('',(-0.000249655149877072,-0.00673732906579971,-0.0016));
#5345=CARTESIAN_POINT('',(-0.010125,0.005375,-0.0016));
#5346=CARTESIAN_POINT('',(-0.007875,0.005375,-0.0016));
#5347=CARTESIAN_POINT('',(0.,0.,0.));
#5348=CARTESIAN_POINT('',(0.0114503448501229,-0.00673732906579971,0.));
#5349=CARTESIAN_POINT('',(0.0124503448501229,-0.00673732906579971,0.));
#5350=CARTESIAN_POINT('',(0.00891034485012293,-0.00673732906579971,0.));
#5351=CARTESIAN_POINT('',(0.00991034485012293,-0.00673732906579971,0.));
#5352=CARTESIAN_POINT('',(0.00637034485012293,-0.00673732906579971,0.));
#5353=CARTESIAN_POINT('',(0.00737034485012293,-0.00673732906579971,0.));
#5354=CARTESIAN_POINT('',(0.00383034485012293,-0.00673732906579971,0.));
#5355=CARTESIAN_POINT('',(0.00483034485012293,-0.00673732906579971,0.));
#5356=CARTESIAN_POINT('',(0.00129034485012293,-0.00673732906579971,0.));
#5357=CARTESIAN_POINT('',(0.00229034485012293,-0.00673732906579971,0.));
#5358=CARTESIAN_POINT('',(-0.0114096551498771,-0.00673732906579971,0.));
#5359=CARTESIAN_POINT('',(-0.0104096551498771,-0.00673732906579971,0.));
#5360=CARTESIAN_POINT('',(-0.00886965514987707,-0.00673732906579971,0.));
#5361=CARTESIAN_POINT('',(-0.00786965514987707,-0.00673732906579971,0.));
#5362=CARTESIAN_POINT('',(-0.00632965514987707,-0.00673732906579971,0.));
#5363=CARTESIAN_POINT('',(-0.00532965514987707,-0.00673732906579971,0.));
#5364=CARTESIAN_POINT('',(-0.00378965514987707,-0.00673732906579971,0.));
#5365=CARTESIAN_POINT('',(-0.00278965514987707,-0.00673732906579971,0.));
#5366=CARTESIAN_POINT('',(-0.00124965514987707,-0.00673732906579971,0.));
#5367=CARTESIAN_POINT('',(-0.000249655149877072,-0.00673732906579971,0.));
#5368=CARTESIAN_POINT('',(-0.010125,0.005375,0.));
#5369=CARTESIAN_POINT('',(-0.007875,0.005375,0.));
#5370=CARTESIAN_POINT('',(-0.010125,0.005375,-0.025));
#5371=CARTESIAN_POINT('',(-0.00124965514987707,-0.00673732906579971,-0.025));
#5372=CARTESIAN_POINT('',(-0.00378965514987707,-0.00673732906579971,-0.025));
#5373=CARTESIAN_POINT('',(-0.00632965514987707,-0.00673732906579971,-0.025));
#5374=CARTESIAN_POINT('',(-0.00886965514987707,-0.00673732906579971,-0.025));
#5375=CARTESIAN_POINT('',(-0.0114096551498771,-0.00673732906579971,-0.025));
#5376=CARTESIAN_POINT('',(0.00129034485012293,-0.00673732906579971,-0.025));
#5377=CARTESIAN_POINT('',(0.00383034485012293,-0.00673732906579971,-0.025));
#5378=CARTESIAN_POINT('',(0.00637034485012293,-0.00673732906579971,-0.025));
#5379=CARTESIAN_POINT('',(0.00891034485012293,-0.00673732906579971,-0.025));
#5380=CARTESIAN_POINT('',(0.0114503448501229,-0.00673732906579971,-0.025));
#5381=CARTESIAN_POINT('',(0.,0.,0.));
#5382=CARTESIAN_POINT('',(0.0013125,0.00570773637033999,0.0012));
#5383=CARTESIAN_POINT('',(0.0013125,0.00570773637033999,0.));
#5384=CARTESIAN_POINT('',(-0.002625,0.00570773637033999,0.));
#5385=CARTESIAN_POINT('',(0.002625,0.00570773637033999,0.));
#5386=CARTESIAN_POINT('',(-0.002625,0.00570773637033999,0.0012));
#5387=CARTESIAN_POINT('',(-0.002625,0.00570773637033999,0.0012));
#5388=CARTESIAN_POINT('',(0.0013125,0.00570773637033999,0.0012));
#5389=CARTESIAN_POINT('',(0.002625,0.00570773637033999,0.0012));
#5390=CARTESIAN_POINT('',(0.002625,0.00570773637033999,0.0012));
#5391=CARTESIAN_POINT('',(-0.002625,0.00378273637033999,0.0012));
#5392=CARTESIAN_POINT('',(-0.002625,0.00378273637033999,0.));
#5393=CARTESIAN_POINT('',(-0.002625,0.00185773637033999,0.));
#5394=CARTESIAN_POINT('',(-0.002625,0.00185773637033999,0.0012));
#5395=CARTESIAN_POINT('',(-0.002625,0.00185773637033999,0.0012));
#5396=CARTESIAN_POINT('',(-0.002625,0.00378273637033999,0.0012));
#5397=CARTESIAN_POINT('',(0.0013125,0.00185773637033999,0.0012));
#5398=CARTESIAN_POINT('',(0.0013125,0.00185773637033999,0.));
#5399=CARTESIAN_POINT('',(0.002625,0.00185773637033999,0.));
#5400=CARTESIAN_POINT('',(0.002625,0.00185773637033999,0.0012));
#5401=CARTESIAN_POINT('',(0.002625,0.00185773637033999,0.0012));
#5402=CARTESIAN_POINT('',(0.0013125,0.00185773637033999,0.0012));
#5403=CARTESIAN_POINT('',(0.002625,0.00378273637033999,0.0012));
#5404=CARTESIAN_POINT('',(0.002625,0.00378273637033999,0.));
#5405=CARTESIAN_POINT('',(0.002625,0.00378273637033999,0.0012));
#5406=CARTESIAN_POINT('',(0.,0.,0.0012));
#5407=CARTESIAN_POINT('',(0.,0.,0.));
#5408=CARTESIAN_POINT('',(0.,0.,0.));
#5409=CARTESIAN_POINT('',(0.00543033489212394,0.000613817510660738,0.0006));
#5410=CARTESIAN_POINT('',(0.00543033489212394,0.000613817510660738,0.));
#5411=CARTESIAN_POINT('',(0.00583033489212394,0.000613817510660738,0.));
#5412=CARTESIAN_POINT('',(0.00503033489212394,0.000613817510660738,0.));
#5413=CARTESIAN_POINT('',(0.00503033489212394,0.000613817510660738,0.0006));
#5414=CARTESIAN_POINT('',(0.00503033489212394,0.000613817510660738,0.0006));
#5415=CARTESIAN_POINT('',(0.00543033489212394,0.000613817510660738,0.0006));
#5416=CARTESIAN_POINT('',(0.00583033489212394,0.000613817510660738,0.0006));
#5417=CARTESIAN_POINT('',(0.00583033489212394,0.000613817510660738,0.0006));
#5418=CARTESIAN_POINT('',(0.00583033489212394,-0.000261182489339263,0.0006));
#5419=CARTESIAN_POINT('',(0.00583033489212394,-0.000261182489339263,0.));
#5420=CARTESIAN_POINT('',(0.00583033489212394,-0.00113618248933926,0.));
#5421=CARTESIAN_POINT('',(0.00583033489212394,-0.000261182489339263,0.0006));
#5422=CARTESIAN_POINT('',(0.00583033489212394,-0.00113618248933926,0.0006));
#5423=CARTESIAN_POINT('',(0.00583033489212394,-0.00113618248933926,0.0006));
#5424=CARTESIAN_POINT('',(0.00543033489212394,-0.00113618248933926,0.0006));
#5425=CARTESIAN_POINT('',(0.00543033489212394,-0.00113618248933926,0.));
#5426=CARTESIAN_POINT('',(0.00503033489212394,-0.00113618248933926,0.));
#5427=CARTESIAN_POINT('',(0.00543033489212394,-0.00113618248933926,0.0006));
#5428=CARTESIAN_POINT('',(0.00503033489212394,-0.00113618248933926,0.0006));
#5429=CARTESIAN_POINT('',(0.00503033489212394,-0.00113618248933926,0.0006));
#5430=CARTESIAN_POINT('',(0.00503033489212394,-0.000261182489339263,0.0006));
#5431=CARTESIAN_POINT('',(0.00503033489212394,-0.000261182489339263,0.));
#5432=CARTESIAN_POINT('',(0.00503033489212394,-0.000261182489339263,0.0006));
#5433=CARTESIAN_POINT('',(0.00175,0.,0.0006));
#5434=CARTESIAN_POINT('',(0.00175,0.,0.));
#5435=CARTESIAN_POINT('',(0.,0.,0.));
#5436=CARTESIAN_POINT('',(0.01016,0.,-0.0016));
#5437=CARTESIAN_POINT('',(0.00891034485012293,-0.00673732906579971,-0.0016));
#5438=CARTESIAN_POINT('',(0.00991034485012293,-0.00673732906579971,-0.0016));
#5439=CARTESIAN_POINT('',(0.00891034485012293,-0.00673732906579971,-0.0016));
#5440=CARTESIAN_POINT('',(0.00941034485012293,-0.00673732906579971,-0.0016));
#5441=CARTESIAN_POINT('',(0.01016,0.,0.));
#5442=CARTESIAN_POINT('',(0.00891034485012293,-0.00673732906579971,0.));
#5443=CARTESIAN_POINT('',(0.00941034485012293,-0.00673732906579971,0.));
#5444=CARTESIAN_POINT('',(0.00891034485012293,-0.00673732906579971,0.));
#5445=CARTESIAN_POINT('',(0.00991034485012293,-0.00673732906579971,0.));
#5446=CARTESIAN_POINT('',(0.00891034485012293,-0.00673732906579971,-0.001602));
#5447=CARTESIAN_POINT('',(0.00891034485012293,-0.00673732906579971,-0.001602));
#5448=CARTESIAN_POINT('',(0.,0.,0.));
#5449=CARTESIAN_POINT('',(0.00762,0.,-0.0016));
#5450=CARTESIAN_POINT('',(0.00637034485012293,-0.00673732906579971,-0.0016));
#5451=CARTESIAN_POINT('',(0.00737034485012293,-0.00673732906579971,-0.0016));
#5452=CARTESIAN_POINT('',(0.00637034485012293,-0.00673732906579971,-0.0016));
#5453=CARTESIAN_POINT('',(0.00687034485012293,-0.00673732906579971,-0.0016));
#5454=CARTESIAN_POINT('',(0.00762,0.,0.));
#5455=CARTESIAN_POINT('',(0.00637034485012293,-0.00673732906579971,0.));
#5456=CARTESIAN_POINT('',(0.00687034485012293,-0.00673732906579971,0.));
#5457=CARTESIAN_POINT('',(0.00637034485012293,-0.00673732906579971,0.));
#5458=CARTESIAN_POINT('',(0.00737034485012293,-0.00673732906579971,0.));
#5459=CARTESIAN_POINT('',(0.00637034485012293,-0.00673732906579971,-0.001602));
#5460=CARTESIAN_POINT('',(0.00637034485012293,-0.00673732906579971,-0.001602));
#5461=CARTESIAN_POINT('',(0.,0.,0.));
#5462=CARTESIAN_POINT('',(-0.00893033489212394,0.000613817510660738,0.0006));
#5463=CARTESIAN_POINT('',(-0.00893033489212394,0.000613817510660738,0.));
#5464=CARTESIAN_POINT('',(-0.00933033489212394,0.000613817510660738,0.));
#5465=CARTESIAN_POINT('',(-0.00853033489212394,0.000613817510660738,0.));
#5466=CARTESIAN_POINT('',(-0.00933033489212394,0.000613817510660738,0.0006));
#5467=CARTESIAN_POINT('',(-0.00933033489212394,0.000613817510660738,0.0006));
#5468=CARTESIAN_POINT('',(-0.00893033489212394,0.000613817510660738,0.0006));
#5469=CARTESIAN_POINT('',(-0.00853033489212394,0.000613817510660738,0.0006));
#5470=CARTESIAN_POINT('',(-0.00853033489212394,0.000613817510660738,0.0006));
#5471=CARTESIAN_POINT('',(-0.00933033489212394,-0.000261182489339263,0.0006));
#5472=CARTESIAN_POINT('',(-0.00933033489212394,-0.000261182489339263,0.));
#5473=CARTESIAN_POINT('',(-0.00933033489212394,-0.00113618248933926,0.));
#5474=CARTESIAN_POINT('',(-0.00933033489212394,-0.00113618248933926,0.0006));
#5475=CARTESIAN_POINT('',(-0.00933033489212394,-0.00113618248933926,0.0006));
#5476=CARTESIAN_POINT('',(-0.00933033489212394,-0.000261182489339263,0.0006));
#5477=CARTESIAN_POINT('',(-0.00893033489212394,-0.00113618248933926,0.0006));
#5478=CARTESIAN_POINT('',(-0.00893033489212394,-0.00113618248933926,0.));
#5479=CARTESIAN_POINT('',(-0.00853033489212394,-0.00113618248933926,0.));
#5480=CARTESIAN_POINT('',(-0.00853033489212394,-0.00113618248933926,0.0006));
#5481=CARTESIAN_POINT('',(-0.00853033489212394,-0.00113618248933926,0.0006));
#5482=CARTESIAN_POINT('',(-0.00893033489212394,-0.00113618248933926,0.0006));
#5483=CARTESIAN_POINT('',(-0.00853033489212394,-0.000261182489339263,0.0006));
#5484=CARTESIAN_POINT('',(-0.00853033489212394,-0.000261182489339263,0.));
#5485=CARTESIAN_POINT('',(-0.00853033489212394,-0.000261182489339263,0.0006));
#5486=CARTESIAN_POINT('',(-0.00525,0.,0.0006));
#5487=CARTESIAN_POINT('',(-0.00525,0.,0.));
#5488=CARTESIAN_POINT('',(0.,0.,0.));
#5489=CARTESIAN_POINT('',(0.00368033489212394,0.000613817510660738,0.0006));
#5490=CARTESIAN_POINT('',(0.00368033489212394,0.000613817510660738,0.));
#5491=CARTESIAN_POINT('',(0.00408033489212393,0.000613817510660738,0.));
#5492=CARTESIAN_POINT('',(0.00328033489212394,0.000613817510660738,0.));
#5493=CARTESIAN_POINT('',(0.00328033489212394,0.000613817510660738,0.0006));
#5494=CARTESIAN_POINT('',(0.00328033489212394,0.000613817510660738,0.0006));
#5495=CARTESIAN_POINT('',(0.00368033489212394,0.000613817510660738,0.0006));
#5496=CARTESIAN_POINT('',(0.00408033489212393,0.000613817510660738,0.0006));
#5497=CARTESIAN_POINT('',(0.00408033489212393,0.000613817510660738,0.0006));
#5498=CARTESIAN_POINT('',(0.00408033489212393,-0.000261182489339263,0.0006));
#5499=CARTESIAN_POINT('',(0.00408033489212393,-0.000261182489339263,0.));
#5500=CARTESIAN_POINT('',(0.00408033489212393,-0.00113618248933926,0.));
#5501=CARTESIAN_POINT('',(0.00408033489212393,-0.000261182489339263,0.0006));
#5502=CARTESIAN_POINT('',(0.00408033489212393,-0.00113618248933926,0.0006));
#5503=CARTESIAN_POINT('',(0.00408033489212393,-0.00113618248933926,0.0006));
#5504=CARTESIAN_POINT('',(0.00368033489212394,-0.00113618248933926,0.0006));
#5505=CARTESIAN_POINT('',(0.00368033489212394,-0.00113618248933926,0.));
#5506=CARTESIAN_POINT('',(0.00328033489212394,-0.00113618248933926,0.));
#5507=CARTESIAN_POINT('',(0.00368033489212394,-0.00113618248933926,0.0006));
#5508=CARTESIAN_POINT('',(0.00328033489212394,-0.00113618248933926,0.0006));
#5509=CARTESIAN_POINT('',(0.00328033489212394,-0.00113618248933926,0.0006));
#5510=CARTESIAN_POINT('',(0.00328033489212394,-0.000261182489339263,0.0006));
#5511=CARTESIAN_POINT('',(0.00328033489212394,-0.000261182489339263,0.));
#5512=CARTESIAN_POINT('',(0.00328033489212394,-0.000261182489339263,0.0006));
#5513=CARTESIAN_POINT('',(0.,0.,0.0006));
#5514=CARTESIAN_POINT('',(0.,0.,0.));
#5515=CARTESIAN_POINT('',(0.,0.,0.));
#5516=CARTESIAN_POINT('',(0.00762,0.,-0.0016));
#5517=CARTESIAN_POINT('',(0.00637034485012293,-0.00673732906579971,-0.0016));
#5518=CARTESIAN_POINT('',(0.00737034485012293,-0.00673732906579971,-0.0016));
#5519=CARTESIAN_POINT('',(0.00637034485012293,-0.00673732906579971,-0.0016));
#5520=CARTESIAN_POINT('',(0.00687034485012293,-0.00673732906579971,-0.0016));
#5521=CARTESIAN_POINT('',(0.00762,0.,0.));
#5522=CARTESIAN_POINT('',(0.00637034485012293,-0.00673732906579971,0.));
#5523=CARTESIAN_POINT('',(0.00687034485012293,-0.00673732906579971,0.));
#5524=CARTESIAN_POINT('',(0.00637034485012293,-0.00673732906579971,0.));
#5525=CARTESIAN_POINT('',(0.00737034485012293,-0.00673732906579971,0.));
#5526=CARTESIAN_POINT('',(0.00637034485012293,-0.00673732906579971,-0.001602));
#5527=CARTESIAN_POINT('',(0.00637034485012293,-0.00673732906579971,-0.001602));
#5528=CARTESIAN_POINT('',(0.,0.,0.));
#5529=CARTESIAN_POINT('',(-0.00718033489212394,0.000613817510660738,0.0006));
#5530=CARTESIAN_POINT('',(-0.00718033489212394,0.000613817510660738,0.));
#5531=CARTESIAN_POINT('',(-0.00758033489212394,0.000613817510660738,0.));
#5532=CARTESIAN_POINT('',(-0.00678033489212394,0.000613817510660738,0.));
#5533=CARTESIAN_POINT('',(-0.00758033489212394,0.000613817510660738,0.0006));
#5534=CARTESIAN_POINT('',(-0.00758033489212394,0.000613817510660738,0.0006));
#5535=CARTESIAN_POINT('',(-0.00718033489212394,0.000613817510660738,0.0006));
#5536=CARTESIAN_POINT('',(-0.00678033489212394,0.000613817510660738,0.0006));
#5537=CARTESIAN_POINT('',(-0.00678033489212394,0.000613817510660738,0.0006));
#5538=CARTESIAN_POINT('',(-0.00758033489212394,-0.000261182489339263,0.0006));
#5539=CARTESIAN_POINT('',(-0.00758033489212394,-0.000261182489339263,0.));
#5540=CARTESIAN_POINT('',(-0.00758033489212394,-0.00113618248933926,0.));
#5541=CARTESIAN_POINT('',(-0.00758033489212394,-0.00113618248933926,0.0006));
#5542=CARTESIAN_POINT('',(-0.00758033489212394,-0.00113618248933926,0.0006));
#5543=CARTESIAN_POINT('',(-0.00758033489212394,-0.000261182489339263,0.0006));
#5544=CARTESIAN_POINT('',(-0.00718033489212394,-0.00113618248933926,0.0006));
#5545=CARTESIAN_POINT('',(-0.00718033489212394,-0.00113618248933926,0.));
#5546=CARTESIAN_POINT('',(-0.00678033489212394,-0.00113618248933926,0.));
#5547=CARTESIAN_POINT('',(-0.00678033489212394,-0.00113618248933926,0.0006));
#5548=CARTESIAN_POINT('',(-0.00678033489212394,-0.00113618248933926,0.0006));
#5549=CARTESIAN_POINT('',(-0.00718033489212394,-0.00113618248933926,0.0006));
#5550=CARTESIAN_POINT('',(-0.00678033489212394,-0.000261182489339263,0.0006));
#5551=CARTESIAN_POINT('',(-0.00678033489212394,-0.000261182489339263,0.));
#5552=CARTESIAN_POINT('',(-0.00678033489212394,-0.000261182489339263,0.0006));
#5553=CARTESIAN_POINT('',(-0.0035,0.,0.0006));
#5554=CARTESIAN_POINT('',(-0.0035,0.,0.));
#5555=CARTESIAN_POINT('',(0.,0.,0.));
#5556=CARTESIAN_POINT('',(0.00893033489212394,0.000613817510660738,0.0006));
#5557=CARTESIAN_POINT('',(0.00893033489212394,0.000613817510660738,0.));
#5558=CARTESIAN_POINT('',(0.00933033489212394,0.000613817510660738,0.));
#5559=CARTESIAN_POINT('',(0.00853033489212394,0.000613817510660738,0.));
#5560=CARTESIAN_POINT('',(0.00853033489212394,0.000613817510660738,0.0006));
#5561=CARTESIAN_POINT('',(0.00853033489212394,0.000613817510660738,0.0006));
#5562=CARTESIAN_POINT('',(0.00893033489212394,0.000613817510660738,0.0006));
#5563=CARTESIAN_POINT('',(0.00933033489212394,0.000613817510660738,0.0006));
#5564=CARTESIAN_POINT('',(0.00933033489212394,0.000613817510660738,0.0006));
#5565=CARTESIAN_POINT('',(0.00933033489212394,-0.000261182489339263,0.0006));
#5566=CARTESIAN_POINT('',(0.00933033489212394,-0.000261182489339263,0.));
#5567=CARTESIAN_POINT('',(0.00933033489212394,-0.00113618248933926,0.));
#5568=CARTESIAN_POINT('',(0.00933033489212394,-0.000261182489339263,0.0006));
#5569=CARTESIAN_POINT('',(0.00933033489212394,-0.00113618248933926,0.0006));
#5570=CARTESIAN_POINT('',(0.00933033489212394,-0.00113618248933926,0.0006));
#5571=CARTESIAN_POINT('',(0.00893033489212394,-0.00113618248933926,0.0006));
#5572=CARTESIAN_POINT('',(0.00893033489212394,-0.00113618248933926,0.));
#5573=CARTESIAN_POINT('',(0.00853033489212394,-0.00113618248933926,0.));
#5574=CARTESIAN_POINT('',(0.00893033489212394,-0.00113618248933926,0.0006));
#5575=CARTESIAN_POINT('',(0.00853033489212394,-0.00113618248933926,0.0006));
#5576=CARTESIAN_POINT('',(0.00853033489212394,-0.00113618248933926,0.0006));
#5577=CARTESIAN_POINT('',(0.00853033489212394,-0.000261182489339263,0.0006));
#5578=CARTESIAN_POINT('',(0.00853033489212394,-0.000261182489339263,0.));
#5579=CARTESIAN_POINT('',(0.00853033489212394,-0.000261182489339263,0.0006));
#5580=CARTESIAN_POINT('',(0.00525,0.,0.0006));
#5581=CARTESIAN_POINT('',(0.00525,0.,0.));
#5582=CARTESIAN_POINT('',(0.,0.,0.));
#5583=CARTESIAN_POINT('',(-0.00508,0.,-0.0016));
#5584=CARTESIAN_POINT('',(-0.00632965514987707,-0.00673732906579971,-0.0016));
#5585=CARTESIAN_POINT('',(-0.00532965514987707,-0.00673732906579971,-0.0016));
#5586=CARTESIAN_POINT('',(-0.00632965514987707,-0.00673732906579971,-0.0016));
#5587=CARTESIAN_POINT('',(-0.00582965514987707,-0.00673732906579971,-0.0016));
#5588=CARTESIAN_POINT('',(-0.00508,0.,0.));
#5589=CARTESIAN_POINT('',(-0.00632965514987707,-0.00673732906579971,0.));
#5590=CARTESIAN_POINT('',(-0.00582965514987707,-0.00673732906579971,0.));
#5591=CARTESIAN_POINT('',(-0.00632965514987707,-0.00673732906579971,0.));
#5592=CARTESIAN_POINT('',(-0.00532965514987707,-0.00673732906579971,0.));
#5593=CARTESIAN_POINT('',(-0.00632965514987707,-0.00673732906579971,-0.001602));
#5594=CARTESIAN_POINT('',(-0.00632965514987707,-0.00673732906579971,-0.001602));
#5595=CARTESIAN_POINT('',(0.,0.,0.));
#5596=CARTESIAN_POINT('',(-0.00254,0.,-0.0016));
#5597=CARTESIAN_POINT('',(-0.00378965514987707,-0.00673732906579971,-0.0016));
#5598=CARTESIAN_POINT('',(-0.00278965514987707,-0.00673732906579971,-0.0016));
#5599=CARTESIAN_POINT('',(-0.00378965514987707,-0.00673732906579971,-0.0016));
#5600=CARTESIAN_POINT('',(-0.00328965514987707,-0.00673732906579971,-0.0016));
#5601=CARTESIAN_POINT('',(-0.00254,0.,0.));
#5602=CARTESIAN_POINT('',(-0.00378965514987707,-0.00673732906579971,0.));
#5603=CARTESIAN_POINT('',(-0.00328965514987707,-0.00673732906579971,0.));
#5604=CARTESIAN_POINT('',(-0.00378965514987707,-0.00673732906579971,0.));
#5605=CARTESIAN_POINT('',(-0.00278965514987707,-0.00673732906579971,0.));
#5606=CARTESIAN_POINT('',(-0.00378965514987707,-0.00673732906579971,-0.001602));
#5607=CARTESIAN_POINT('',(-0.00378965514987707,-0.00673732906579971,-0.001602));
#5608=CARTESIAN_POINT('',(0.,0.,0.));
#5609=CARTESIAN_POINT('',(0.00718033489212394,0.000613817510660738,0.0006));
#5610=CARTESIAN_POINT('',(0.00718033489212394,0.000613817510660738,0.));
#5611=CARTESIAN_POINT('',(0.00758033489212394,0.000613817510660738,0.));
#5612=CARTESIAN_POINT('',(0.00678033489212394,0.000613817510660738,0.));
#5613=CARTESIAN_POINT('',(0.00678033489212394,0.000613817510660738,0.0006));
#5614=CARTESIAN_POINT('',(0.00678033489212394,0.000613817510660738,0.0006));
#5615=CARTESIAN_POINT('',(0.00718033489212394,0.000613817510660738,0.0006));
#5616=CARTESIAN_POINT('',(0.00758033489212394,0.000613817510660738,0.0006));
#5617=CARTESIAN_POINT('',(0.00758033489212394,0.000613817510660738,0.0006));
#5618=CARTESIAN_POINT('',(0.00758033489212394,-0.000261182489339263,0.0006));
#5619=CARTESIAN_POINT('',(0.00758033489212394,-0.000261182489339263,0.));
#5620=CARTESIAN_POINT('',(0.00758033489212394,-0.00113618248933926,0.));
#5621=CARTESIAN_POINT('',(0.00758033489212394,-0.000261182489339263,0.0006));
#5622=CARTESIAN_POINT('',(0.00758033489212394,-0.00113618248933926,0.0006));
#5623=CARTESIAN_POINT('',(0.00758033489212394,-0.00113618248933926,0.0006));
#5624=CARTESIAN_POINT('',(0.00718033489212394,-0.00113618248933926,0.0006));
#5625=CARTESIAN_POINT('',(0.00718033489212394,-0.00113618248933926,0.));
#5626=CARTESIAN_POINT('',(0.00678033489212394,-0.00113618248933926,0.));
#5627=CARTESIAN_POINT('',(0.00718033489212394,-0.00113618248933926,0.0006));
#5628=CARTESIAN_POINT('',(0.00678033489212394,-0.00113618248933926,0.0006));
#5629=CARTESIAN_POINT('',(0.00678033489212394,-0.00113618248933926,0.0006));
#5630=CARTESIAN_POINT('',(0.00678033489212394,-0.000261182489339263,0.0006));
#5631=CARTESIAN_POINT('',(0.00678033489212394,-0.000261182489339263,0.));
#5632=CARTESIAN_POINT('',(0.00678033489212394,-0.000261182489339263,0.0006));
#5633=CARTESIAN_POINT('',(0.0035,0.,0.0006));
#5634=CARTESIAN_POINT('',(0.0035,0.,0.));
#5635=CARTESIAN_POINT('',(0.,0.,0.));
#5636=CARTESIAN_POINT('',(-0.00762,0.,-0.0016));
#5637=CARTESIAN_POINT('',(-0.00886965514987707,-0.00673732906579971,-0.0016));
#5638=CARTESIAN_POINT('',(-0.00786965514987707,-0.00673732906579971,-0.0016));
#5639=CARTESIAN_POINT('',(-0.00886965514987707,-0.00673732906579971,-0.0016));
#5640=CARTESIAN_POINT('',(-0.00836965514987707,-0.00673732906579971,-0.0016));
#5641=CARTESIAN_POINT('',(-0.00762,0.,0.));
#5642=CARTESIAN_POINT('',(-0.00886965514987707,-0.00673732906579971,0.));
#5643=CARTESIAN_POINT('',(-0.00836965514987707,-0.00673732906579971,0.));
#5644=CARTESIAN_POINT('',(-0.00886965514987707,-0.00673732906579971,0.));
#5645=CARTESIAN_POINT('',(-0.00786965514987707,-0.00673732906579971,0.));
#5646=CARTESIAN_POINT('',(-0.00886965514987707,-0.00673732906579971,-0.001602));
#5647=CARTESIAN_POINT('',(-0.00886965514987707,-0.00673732906579971,-0.001602));
#5648=CARTESIAN_POINT('',(0.,0.,0.));
#5649=CARTESIAN_POINT('',(0.0127,0.,-0.0016));
#5650=CARTESIAN_POINT('',(0.0114503448501229,-0.00673732906579971,-0.0016));
#5651=CARTESIAN_POINT('',(0.0124503448501229,-0.00673732906579971,-0.0016));
#5652=CARTESIAN_POINT('',(0.0114503448501229,-0.00673732906579971,-0.0016));
#5653=CARTESIAN_POINT('',(0.0119503448501229,-0.00673732906579971,-0.0016));
#5654=CARTESIAN_POINT('',(0.0127,0.,0.));
#5655=CARTESIAN_POINT('',(0.0114503448501229,-0.00673732906579971,0.));
#5656=CARTESIAN_POINT('',(0.0119503448501229,-0.00673732906579971,0.));
#5657=CARTESIAN_POINT('',(0.0114503448501229,-0.00673732906579971,0.));
#5658=CARTESIAN_POINT('',(0.0124503448501229,-0.00673732906579971,0.));
#5659=CARTESIAN_POINT('',(0.0114503448501229,-0.00673732906579971,-0.001602));
#5660=CARTESIAN_POINT('',(0.0114503448501229,-0.00673732906579971,-0.001602));
#5661=CARTESIAN_POINT('',(0.,0.,0.));
#5662=CARTESIAN_POINT('',(-0.0106803348921239,0.000613817510660738,0.0006));
#5663=CARTESIAN_POINT('',(-0.0106803348921239,0.000613817510660738,0.));
#5664=CARTESIAN_POINT('',(-0.0110803348921239,0.000613817510660738,0.));
#5665=CARTESIAN_POINT('',(-0.0102803348921239,0.000613817510660738,0.));
#5666=CARTESIAN_POINT('',(-0.0110803348921239,0.000613817510660738,0.0006));
#5667=CARTESIAN_POINT('',(-0.0110803348921239,0.000613817510660738,0.0006));
#5668=CARTESIAN_POINT('',(-0.0106803348921239,0.000613817510660738,0.0006));
#5669=CARTESIAN_POINT('',(-0.0102803348921239,0.000613817510660738,0.0006));
#5670=CARTESIAN_POINT('',(-0.0102803348921239,0.000613817510660738,0.0006));
#5671=CARTESIAN_POINT('',(-0.0110803348921239,-0.000261182489339263,0.0006));
#5672=CARTESIAN_POINT('',(-0.0110803348921239,-0.000261182489339263,0.));
#5673=CARTESIAN_POINT('',(-0.0110803348921239,-0.00113618248933926,0.));
#5674=CARTESIAN_POINT('',(-0.0110803348921239,-0.00113618248933926,0.0006));
#5675=CARTESIAN_POINT('',(-0.0110803348921239,-0.00113618248933926,0.0006));
#5676=CARTESIAN_POINT('',(-0.0110803348921239,-0.000261182489339263,0.0006));
#5677=CARTESIAN_POINT('',(-0.0106803348921239,-0.00113618248933926,0.0006));
#5678=CARTESIAN_POINT('',(-0.0106803348921239,-0.00113618248933926,0.));
#5679=CARTESIAN_POINT('',(-0.0102803348921239,-0.00113618248933926,0.));
#5680=CARTESIAN_POINT('',(-0.0102803348921239,-0.00113618248933926,0.0006));
#5681=CARTESIAN_POINT('',(-0.0102803348921239,-0.00113618248933926,0.0006));
#5682=CARTESIAN_POINT('',(-0.0106803348921239,-0.00113618248933926,0.0006));
#5683=CARTESIAN_POINT('',(-0.0102803348921239,-0.000261182489339263,0.0006));
#5684=CARTESIAN_POINT('',(-0.0102803348921239,-0.000261182489339263,0.));
#5685=CARTESIAN_POINT('',(-0.0102803348921239,-0.000261182489339263,0.0006));
#5686=CARTESIAN_POINT('',(-0.007,0.,0.0006));
#5687=CARTESIAN_POINT('',(-0.007,0.,0.));
#5688=CARTESIAN_POINT('',(0.,0.,0.));
#5689=CARTESIAN_POINT('',(0.,0.,-0.0016));
#5690=CARTESIAN_POINT('',(-0.00124965514987707,-0.00673732906579971,-0.0016));
#5691=CARTESIAN_POINT('',(-0.000249655149877072,-0.00673732906579971,-0.0016));
#5692=CARTESIAN_POINT('',(-0.00124965514987707,-0.00673732906579971,-0.0016));
#5693=CARTESIAN_POINT('',(-0.000749655149877072,-0.00673732906579971,-0.0016));
#5694=CARTESIAN_POINT('',(0.,0.,0.));
#5695=CARTESIAN_POINT('',(-0.00124965514987707,-0.00673732906579971,0.));
#5696=CARTESIAN_POINT('',(-0.000749655149877072,-0.00673732906579971,0.));
#5697=CARTESIAN_POINT('',(-0.00124965514987707,-0.00673732906579971,0.));
#5698=CARTESIAN_POINT('',(-0.000249655149877072,-0.00673732906579971,0.));
#5699=CARTESIAN_POINT('',(-0.00124965514987707,-0.00673732906579971,-0.001602));
#5700=CARTESIAN_POINT('',(-0.00124965514987707,-0.00673732906579971,-0.001602));
#5701=CARTESIAN_POINT('',(0.,0.,0.));
#5702=CARTESIAN_POINT('',(0.,0.,-0.0016));
#5703=CARTESIAN_POINT('',(-0.00124965514987707,-0.00673732906579971,-0.0016));
#5704=CARTESIAN_POINT('',(-0.000249655149877072,-0.00673732906579971,-0.0016));
#5705=CARTESIAN_POINT('',(-0.00124965514987707,-0.00673732906579971,-0.0016));
#5706=CARTESIAN_POINT('',(-0.000749655149877072,-0.00673732906579971,-0.0016));
#5707=CARTESIAN_POINT('',(0.,0.,0.));
#5708=CARTESIAN_POINT('',(-0.00124965514987707,-0.00673732906579971,0.));
#5709=CARTESIAN_POINT('',(-0.000749655149877072,-0.00673732906579971,0.));
#5710=CARTESIAN_POINT('',(-0.00124965514987707,-0.00673732906579971,0.));
#5711=CARTESIAN_POINT('',(-0.000249655149877072,-0.00673732906579971,0.));
#5712=CARTESIAN_POINT('',(-0.00124965514987707,-0.00673732906579971,-0.001602));
#5713=CARTESIAN_POINT('',(-0.00124965514987707,-0.00673732906579971,-0.001602));
#5714=CARTESIAN_POINT('',(0.,0.,0.));
#5715=CARTESIAN_POINT('',(0.0106803348921239,0.000613817510660738,0.0006));
#5716=CARTESIAN_POINT('',(0.0106803348921239,0.000613817510660738,0.));
#5717=CARTESIAN_POINT('',(0.0110803348921239,0.000613817510660738,0.));
#5718=CARTESIAN_POINT('',(0.0102803348921239,0.000613817510660738,0.));
#5719=CARTESIAN_POINT('',(0.0102803348921239,0.000613817510660738,0.0006));
#5720=CARTESIAN_POINT('',(0.0102803348921239,0.000613817510660738,0.0006));
#5721=CARTESIAN_POINT('',(0.0106803348921239,0.000613817510660738,0.0006));
#5722=CARTESIAN_POINT('',(0.0110803348921239,0.000613817510660738,0.0006));
#5723=CARTESIAN_POINT('',(0.0110803348921239,0.000613817510660738,0.0006));
#5724=CARTESIAN_POINT('',(0.0110803348921239,-0.000261182489339263,0.0006));
#5725=CARTESIAN_POINT('',(0.0110803348921239,-0.000261182489339263,0.));
#5726=CARTESIAN_POINT('',(0.0110803348921239,-0.00113618248933926,0.));
#5727=CARTESIAN_POINT('',(0.0110803348921239,-0.000261182489339263,0.0006));
#5728=CARTESIAN_POINT('',(0.0110803348921239,-0.00113618248933926,0.0006));
#5729=CARTESIAN_POINT('',(0.0110803348921239,-0.00113618248933926,0.0006));
#5730=CARTESIAN_POINT('',(0.0106803348921239,-0.00113618248933926,0.0006));
#5731=CARTESIAN_POINT('',(0.0106803348921239,-0.00113618248933926,0.));
#5732=CARTESIAN_POINT('',(0.0102803348921239,-0.00113618248933926,0.));
#5733=CARTESIAN_POINT('',(0.0106803348921239,-0.00113618248933926,0.0006));
#5734=CARTESIAN_POINT('',(0.0102803348921239,-0.00113618248933926,0.0006));
#5735=CARTESIAN_POINT('',(0.0102803348921239,-0.00113618248933926,0.0006));
#5736=CARTESIAN_POINT('',(0.0102803348921239,-0.000261182489339263,0.0006));
#5737=CARTESIAN_POINT('',(0.0102803348921239,-0.000261182489339263,0.));
#5738=CARTESIAN_POINT('',(0.0102803348921239,-0.000261182489339263,0.0006));
#5739=CARTESIAN_POINT('',(0.007,0.,0.0006));
#5740=CARTESIAN_POINT('',(0.007,0.,0.));
#5741=CARTESIAN_POINT('',(0.,0.,0.));
#5742=CARTESIAN_POINT('',(-0.00254,0.,-0.0016));
#5743=CARTESIAN_POINT('',(-0.00378965514987707,-0.00673732906579971,-0.0016));
#5744=CARTESIAN_POINT('',(-0.00278965514987707,-0.00673732906579971,-0.0016));
#5745=CARTESIAN_POINT('',(-0.00378965514987707,-0.00673732906579971,-0.0016));
#5746=CARTESIAN_POINT('',(-0.00328965514987707,-0.00673732906579971,-0.0016));
#5747=CARTESIAN_POINT('',(-0.00254,0.,0.));
#5748=CARTESIAN_POINT('',(-0.00378965514987707,-0.00673732906579971,0.));
#5749=CARTESIAN_POINT('',(-0.00328965514987707,-0.00673732906579971,0.));
#5750=CARTESIAN_POINT('',(-0.00378965514987707,-0.00673732906579971,0.));
#5751=CARTESIAN_POINT('',(-0.00278965514987707,-0.00673732906579971,0.));
#5752=CARTESIAN_POINT('',(-0.00378965514987707,-0.00673732906579971,-0.001602));
#5753=CARTESIAN_POINT('',(-0.00378965514987707,-0.00673732906579971,-0.001602));
#5754=CARTESIAN_POINT('',(0.,0.,0.));
#5755=CARTESIAN_POINT('',(0.,0.,-0.0016));
#5756=CARTESIAN_POINT('',(0.010125,0.005375,-0.0016));
#5757=CARTESIAN_POINT('',(0.007875,0.005375,-0.0016));
#5758=CARTESIAN_POINT('',(0.010125,0.005375,-0.0016));
#5759=CARTESIAN_POINT('',(0.008375,0.005375,-0.0016));
#5760=CARTESIAN_POINT('',(0.010125,0.005375,-0.001602));
#5761=CARTESIAN_POINT('',(0.010125,0.005375,0.));
#5762=CARTESIAN_POINT('',(0.008375,0.005375,0.));
#5763=CARTESIAN_POINT('',(0.010125,0.005375,-0.001602));
#5764=CARTESIAN_POINT('',(0.010125,0.005375,0.));
#5765=CARTESIAN_POINT('',(0.007875,0.005375,0.));
#5766=CARTESIAN_POINT('',(0.,0.,0.));
#5767=CARTESIAN_POINT('',(0.,0.,0.));
#5768=CARTESIAN_POINT('',(0.,0.,-0.0016));
#5769=CARTESIAN_POINT('',(-0.010125,0.005375,-0.0016));
#5770=CARTESIAN_POINT('',(-0.007875,0.005375,-0.0016));
#5771=CARTESIAN_POINT('',(-0.010125,0.005375,-0.0016));
#5772=CARTESIAN_POINT('',(-0.008375,0.005375,-0.0016));
#5773=CARTESIAN_POINT('',(0.,0.,0.));
#5774=CARTESIAN_POINT('',(-0.010125,0.005375,0.));
#5775=CARTESIAN_POINT('',(-0.008375,0.005375,0.));
#5776=CARTESIAN_POINT('',(-0.010125,0.005375,0.));
#5777=CARTESIAN_POINT('',(-0.007875,0.005375,0.));
#5778=CARTESIAN_POINT('',(-0.010125,0.005375,-0.001602));
#5779=CARTESIAN_POINT('',(-0.010125,0.005375,-0.001602));
#5780=CARTESIAN_POINT('',(0.,0.,0.));
#5781=CARTESIAN_POINT('',(0.00508,0.,-0.0016));
#5782=CARTESIAN_POINT('',(0.00383034485012293,-0.00673732906579971,-0.0016));
#5783=CARTESIAN_POINT('',(0.00483034485012293,-0.00673732906579971,-0.0016));
#5784=CARTESIAN_POINT('',(0.00383034485012293,-0.00673732906579971,-0.0016));
#5785=CARTESIAN_POINT('',(0.00433034485012293,-0.00673732906579971,-0.0016));
#5786=CARTESIAN_POINT('',(0.00508,0.,0.));
#5787=CARTESIAN_POINT('',(0.00383034485012293,-0.00673732906579971,0.));
#5788=CARTESIAN_POINT('',(0.00433034485012293,-0.00673732906579971,0.));
#5789=CARTESIAN_POINT('',(0.00383034485012293,-0.00673732906579971,0.));
#5790=CARTESIAN_POINT('',(0.00483034485012293,-0.00673732906579971,0.));
#5791=CARTESIAN_POINT('',(0.00383034485012293,-0.00673732906579971,-0.001602));
#5792=CARTESIAN_POINT('',(0.00383034485012293,-0.00673732906579971,-0.001602));
#5793=CARTESIAN_POINT('',(0.,0.,0.));
#5794=CARTESIAN_POINT('',(0.00254,0.,-0.0016));
#5795=CARTESIAN_POINT('',(0.00129034485012293,-0.00673732906579971,-0.0016));
#5796=CARTESIAN_POINT('',(0.00229034485012293,-0.00673732906579971,-0.0016));
#5797=CARTESIAN_POINT('',(0.00129034485012293,-0.00673732906579971,-0.0016));
#5798=CARTESIAN_POINT('',(0.00179034485012293,-0.00673732906579971,-0.0016));
#5799=CARTESIAN_POINT('',(0.00254,0.,0.));
#5800=CARTESIAN_POINT('',(0.00129034485012293,-0.00673732906579971,0.));
#5801=CARTESIAN_POINT('',(0.00179034485012293,-0.00673732906579971,0.));
#5802=CARTESIAN_POINT('',(0.00129034485012293,-0.00673732906579971,0.));
#5803=CARTESIAN_POINT('',(0.00229034485012293,-0.00673732906579971,0.));
#5804=CARTESIAN_POINT('',(0.00129034485012293,-0.00673732906579971,-0.001602));
#5805=CARTESIAN_POINT('',(0.00129034485012293,-0.00673732906579971,-0.001602));
#5806=CARTESIAN_POINT('',(0.,0.,0.));
#5807=CARTESIAN_POINT('',(0.00254,0.,-0.0016));
#5808=CARTESIAN_POINT('',(0.00129034485012293,-0.00673732906579971,-0.0016));
#5809=CARTESIAN_POINT('',(0.00229034485012293,-0.00673732906579971,-0.0016));
#5810=CARTESIAN_POINT('',(0.00129034485012293,-0.00673732906579971,-0.0016));
#5811=CARTESIAN_POINT('',(0.00179034485012293,-0.00673732906579971,-0.0016));
#5812=CARTESIAN_POINT('',(0.00254,0.,0.));
#5813=CARTESIAN_POINT('',(0.00129034485012293,-0.00673732906579971,0.));
#5814=CARTESIAN_POINT('',(0.00179034485012293,-0.00673732906579971,0.));
#5815=CARTESIAN_POINT('',(0.00129034485012293,-0.00673732906579971,0.));
#5816=CARTESIAN_POINT('',(0.00229034485012293,-0.00673732906579971,0.));
#5817=CARTESIAN_POINT('',(0.00129034485012293,-0.00673732906579971,-0.001602));
#5818=CARTESIAN_POINT('',(0.00129034485012293,-0.00673732906579971,-0.001602));
#5819=CARTESIAN_POINT('',(0.,0.,0.));
#5820=CARTESIAN_POINT('',(0.01016,0.,-0.0016));
#5821=CARTESIAN_POINT('',(0.00891034485012293,-0.00673732906579971,-0.0016));
#5822=CARTESIAN_POINT('',(0.00991034485012293,-0.00673732906579971,-0.0016));
#5823=CARTESIAN_POINT('',(0.00891034485012293,-0.00673732906579971,-0.0016));
#5824=CARTESIAN_POINT('',(0.00941034485012293,-0.00673732906579971,-0.0016));
#5825=CARTESIAN_POINT('',(0.01016,0.,0.));
#5826=CARTESIAN_POINT('',(0.00891034485012293,-0.00673732906579971,0.));
#5827=CARTESIAN_POINT('',(0.00941034485012293,-0.00673732906579971,0.));
#5828=CARTESIAN_POINT('',(0.00891034485012293,-0.00673732906579971,0.));
#5829=CARTESIAN_POINT('',(0.00991034485012293,-0.00673732906579971,0.));
#5830=CARTESIAN_POINT('',(0.00891034485012293,-0.00673732906579971,-0.001602));
#5831=CARTESIAN_POINT('',(0.00891034485012293,-0.00673732906579971,-0.001602));
#5832=CARTESIAN_POINT('',(0.,0.,0.));
#5833=CARTESIAN_POINT('',(0.,0.,-0.0016));
#5834=CARTESIAN_POINT('',(-0.00124965514987707,-0.00673732906579971,-0.0016));
#5835=CARTESIAN_POINT('',(-0.000249655149877072,-0.00673732906579971,-0.0016));
#5836=CARTESIAN_POINT('',(-0.00124965514987707,-0.00673732906579971,-0.0016));
#5837=CARTESIAN_POINT('',(-0.000749655149877072,-0.00673732906579971,-0.0016));
#5838=CARTESIAN_POINT('',(0.,0.,0.));
#5839=CARTESIAN_POINT('',(-0.00124965514987707,-0.00673732906579971,0.));
#5840=CARTESIAN_POINT('',(-0.000749655149877072,-0.00673732906579971,0.));
#5841=CARTESIAN_POINT('',(-0.00124965514987707,-0.00673732906579971,0.));
#5842=CARTESIAN_POINT('',(-0.000249655149877072,-0.00673732906579971,0.));
#5843=CARTESIAN_POINT('',(-0.00124965514987707,-0.00673732906579971,-0.001602));
#5844=CARTESIAN_POINT('',(-0.00124965514987707,-0.00673732906579971,-0.001602));
#5845=CARTESIAN_POINT('',(0.,0.,0.));
#5846=CARTESIAN_POINT('',(-0.01016,0.,-0.0016));
#5847=CARTESIAN_POINT('',(-0.0114096551498771,-0.00673732906579971,-0.0016));
#5848=CARTESIAN_POINT('',(-0.0104096551498771,-0.00673732906579971,-0.0016));
#5849=CARTESIAN_POINT('',(-0.0114096551498771,-0.00673732906579971,-0.0016));
#5850=CARTESIAN_POINT('',(-0.0109096551498771,-0.00673732906579971,-0.0016));
#5851=CARTESIAN_POINT('',(-0.01016,0.,0.));
#5852=CARTESIAN_POINT('',(-0.0114096551498771,-0.00673732906579971,0.));
#5853=CARTESIAN_POINT('',(-0.0109096551498771,-0.00673732906579971,0.));
#5854=CARTESIAN_POINT('',(-0.0114096551498771,-0.00673732906579971,0.));
#5855=CARTESIAN_POINT('',(-0.0104096551498771,-0.00673732906579971,0.));
#5856=CARTESIAN_POINT('',(-0.0114096551498771,-0.00673732906579971,-0.001602));
#5857=CARTESIAN_POINT('',(-0.0114096551498771,-0.00673732906579971,-0.001602));
#5858=CARTESIAN_POINT('',(0.,0.,0.));
#5859=CARTESIAN_POINT('',(0.00762,0.,-0.0016));
#5860=CARTESIAN_POINT('',(0.00637034485012293,-0.00673732906579971,-0.0016));
#5861=CARTESIAN_POINT('',(0.00737034485012293,-0.00673732906579971,-0.0016));
#5862=CARTESIAN_POINT('',(0.00637034485012293,-0.00673732906579971,-0.0016));
#5863=CARTESIAN_POINT('',(0.00687034485012293,-0.00673732906579971,-0.0016));
#5864=CARTESIAN_POINT('',(0.00762,0.,0.));
#5865=CARTESIAN_POINT('',(0.00637034485012293,-0.00673732906579971,0.));
#5866=CARTESIAN_POINT('',(0.00687034485012293,-0.00673732906579971,0.));
#5867=CARTESIAN_POINT('',(0.00637034485012293,-0.00673732906579971,0.));
#5868=CARTESIAN_POINT('',(0.00737034485012293,-0.00673732906579971,0.));
#5869=CARTESIAN_POINT('',(0.00637034485012293,-0.00673732906579971,-0.001602));
#5870=CARTESIAN_POINT('',(0.00637034485012293,-0.00673732906579971,-0.001602));
#5871=CARTESIAN_POINT('',(0.,0.,0.));
#5872=CARTESIAN_POINT('',(0.00508,0.,-0.0016));
#5873=CARTESIAN_POINT('',(0.00383034485012293,-0.00673732906579971,-0.0016));
#5874=CARTESIAN_POINT('',(0.00483034485012293,-0.00673732906579971,-0.0016));
#5875=CARTESIAN_POINT('',(0.00383034485012293,-0.00673732906579971,-0.0016));
#5876=CARTESIAN_POINT('',(0.00433034485012293,-0.00673732906579971,-0.0016));
#5877=CARTESIAN_POINT('',(0.00508,0.,0.));
#5878=CARTESIAN_POINT('',(0.00383034485012293,-0.00673732906579971,0.));
#5879=CARTESIAN_POINT('',(0.00433034485012293,-0.00673732906579971,0.));
#5880=CARTESIAN_POINT('',(0.00383034485012293,-0.00673732906579971,0.));
#5881=CARTESIAN_POINT('',(0.00483034485012293,-0.00673732906579971,0.));
#5882=CARTESIAN_POINT('',(0.00383034485012293,-0.00673732906579971,-0.001602));
#5883=CARTESIAN_POINT('',(0.00383034485012293,-0.00673732906579971,-0.001602));
#5884=CARTESIAN_POINT('',(0.,0.,0.));
#5885=CARTESIAN_POINT('',(0.00508,0.,-0.0016));
#5886=CARTESIAN_POINT('',(0.00383034485012293,-0.00673732906579971,-0.0016));
#5887=CARTESIAN_POINT('',(0.00483034485012293,-0.00673732906579971,-0.0016));
#5888=CARTESIAN_POINT('',(0.00383034485012293,-0.00673732906579971,-0.0016));
#5889=CARTESIAN_POINT('',(0.00433034485012293,-0.00673732906579971,-0.0016));
#5890=CARTESIAN_POINT('',(0.00508,0.,0.));
#5891=CARTESIAN_POINT('',(0.00383034485012293,-0.00673732906579971,0.));
#5892=CARTESIAN_POINT('',(0.00433034485012293,-0.00673732906579971,0.));
#5893=CARTESIAN_POINT('',(0.00383034485012293,-0.00673732906579971,0.));
#5894=CARTESIAN_POINT('',(0.00483034485012293,-0.00673732906579971,0.));
#5895=CARTESIAN_POINT('',(0.00383034485012293,-0.00673732906579971,-0.001602));
#5896=CARTESIAN_POINT('',(0.00383034485012293,-0.00673732906579971,-0.001602));
#5897=CARTESIAN_POINT('',(0.,0.,0.));
#5898=CARTESIAN_POINT('',(-0.00254,0.,-0.0016));
#5899=CARTESIAN_POINT('',(-0.00378965514987707,-0.00673732906579971,-0.0016));
#5900=CARTESIAN_POINT('',(-0.00278965514987707,-0.00673732906579971,-0.0016));
#5901=CARTESIAN_POINT('',(-0.00378965514987707,-0.00673732906579971,-0.0016));
#5902=CARTESIAN_POINT('',(-0.00328965514987707,-0.00673732906579971,-0.0016));
#5903=CARTESIAN_POINT('',(-0.00254,0.,0.));
#5904=CARTESIAN_POINT('',(-0.00378965514987707,-0.00673732906579971,0.));
#5905=CARTESIAN_POINT('',(-0.00328965514987707,-0.00673732906579971,0.));
#5906=CARTESIAN_POINT('',(-0.00378965514987707,-0.00673732906579971,0.));
#5907=CARTESIAN_POINT('',(-0.00278965514987707,-0.00673732906579971,0.));
#5908=CARTESIAN_POINT('',(-0.00378965514987707,-0.00673732906579971,-0.001602));
#5909=CARTESIAN_POINT('',(-0.00378965514987707,-0.00673732906579971,-0.001602));
#5910=CARTESIAN_POINT('',(0.,0.,0.));
#5911=CARTESIAN_POINT('',(-0.00508,0.,-0.0016));
#5912=CARTESIAN_POINT('',(-0.00632965514987707,-0.00673732906579971,-0.0016));
#5913=CARTESIAN_POINT('',(-0.00532965514987707,-0.00673732906579971,-0.0016));
#5914=CARTESIAN_POINT('',(-0.00632965514987707,-0.00673732906579971,-0.0016));
#5915=CARTESIAN_POINT('',(-0.00582965514987707,-0.00673732906579971,-0.0016));
#5916=CARTESIAN_POINT('',(-0.00508,0.,0.));
#5917=CARTESIAN_POINT('',(-0.00632965514987707,-0.00673732906579971,0.));
#5918=CARTESIAN_POINT('',(-0.00582965514987707,-0.00673732906579971,0.));
#5919=CARTESIAN_POINT('',(-0.00632965514987707,-0.00673732906579971,0.));
#5920=CARTESIAN_POINT('',(-0.00532965514987707,-0.00673732906579971,0.));
#5921=CARTESIAN_POINT('',(-0.00632965514987707,-0.00673732906579971,-0.001602));
#5922=CARTESIAN_POINT('',(-0.00632965514987707,-0.00673732906579971,-0.001602));
#5923=CARTESIAN_POINT('',(0.,0.,0.));
#5924=CARTESIAN_POINT('',(-0.00508,0.,-0.0016));
#5925=CARTESIAN_POINT('',(-0.00632965514987707,-0.00673732906579971,-0.0016));
#5926=CARTESIAN_POINT('',(-0.00532965514987707,-0.00673732906579971,-0.0016));
#5927=CARTESIAN_POINT('',(-0.00632965514987707,-0.00673732906579971,-0.0016));
#5928=CARTESIAN_POINT('',(-0.00582965514987707,-0.00673732906579971,-0.0016));
#5929=CARTESIAN_POINT('',(-0.00508,0.,0.));
#5930=CARTESIAN_POINT('',(-0.00632965514987707,-0.00673732906579971,0.));
#5931=CARTESIAN_POINT('',(-0.00582965514987707,-0.00673732906579971,0.));
#5932=CARTESIAN_POINT('',(-0.00632965514987707,-0.00673732906579971,0.));
#5933=CARTESIAN_POINT('',(-0.00532965514987707,-0.00673732906579971,0.));
#5934=CARTESIAN_POINT('',(-0.00632965514987707,-0.00673732906579971,-0.001602));
#5935=CARTESIAN_POINT('',(-0.00632965514987707,-0.00673732906579971,-0.001602));
#5936=CARTESIAN_POINT('',(0.,0.,0.));
#5937=CARTESIAN_POINT('',(0.00254,0.,-0.0016));
#5938=CARTESIAN_POINT('',(0.00129034485012293,-0.00673732906579971,-0.0016));
#5939=CARTESIAN_POINT('',(0.00229034485012293,-0.00673732906579971,-0.0016));
#5940=CARTESIAN_POINT('',(0.00129034485012293,-0.00673732906579971,-0.0016));
#5941=CARTESIAN_POINT('',(0.00179034485012293,-0.00673732906579971,-0.0016));
#5942=CARTESIAN_POINT('',(0.00254,0.,0.));
#5943=CARTESIAN_POINT('',(0.00129034485012293,-0.00673732906579971,0.));
#5944=CARTESIAN_POINT('',(0.00179034485012293,-0.00673732906579971,0.));
#5945=CARTESIAN_POINT('',(0.00129034485012293,-0.00673732906579971,0.));
#5946=CARTESIAN_POINT('',(0.00229034485012293,-0.00673732906579971,0.));
#5947=CARTESIAN_POINT('',(0.00129034485012293,-0.00673732906579971,-0.001602));
#5948=CARTESIAN_POINT('',(0.00129034485012293,-0.00673732906579971,-0.001602));
#5949=CARTESIAN_POINT('',(0.,0.,0.));
#5950=CARTESIAN_POINT('',(-0.00762,0.,-0.0016));
#5951=CARTESIAN_POINT('',(-0.00886965514987707,-0.00673732906579971,-0.0016));
#5952=CARTESIAN_POINT('',(-0.00786965514987707,-0.00673732906579971,-0.0016));
#5953=CARTESIAN_POINT('',(-0.00886965514987707,-0.00673732906579971,-0.0016));
#5954=CARTESIAN_POINT('',(-0.00836965514987707,-0.00673732906579971,-0.0016));
#5955=CARTESIAN_POINT('',(-0.00762,0.,0.));
#5956=CARTESIAN_POINT('',(-0.00886965514987707,-0.00673732906579971,0.));
#5957=CARTESIAN_POINT('',(-0.00836965514987707,-0.00673732906579971,0.));
#5958=CARTESIAN_POINT('',(-0.00886965514987707,-0.00673732906579971,0.));
#5959=CARTESIAN_POINT('',(-0.00786965514987707,-0.00673732906579971,0.));
#5960=CARTESIAN_POINT('',(-0.00886965514987707,-0.00673732906579971,-0.001602));
#5961=CARTESIAN_POINT('',(-0.00886965514987707,-0.00673732906579971,-0.001602));
#5962=CARTESIAN_POINT('',(0.,0.,0.));
#5963=CARTESIAN_POINT('',(0.,0.,-0.0016));
#5964=CARTESIAN_POINT('',(-0.00124965514987707,-0.00673732906579971,-0.0016));
#5965=CARTESIAN_POINT('',(-0.000249655149877072,-0.00673732906579971,-0.0016));
#5966=CARTESIAN_POINT('',(-0.00124965514987707,-0.00673732906579971,-0.0016));
#5967=CARTESIAN_POINT('',(-0.000749655149877072,-0.00673732906579971,-0.0016));
#5968=CARTESIAN_POINT('',(0.,0.,0.));
#5969=CARTESIAN_POINT('',(-0.00124965514987707,-0.00673732906579971,0.));
#5970=CARTESIAN_POINT('',(-0.000749655149877072,-0.00673732906579971,0.));
#5971=CARTESIAN_POINT('',(-0.00124965514987707,-0.00673732906579971,0.));
#5972=CARTESIAN_POINT('',(-0.000249655149877072,-0.00673732906579971,0.));
#5973=CARTESIAN_POINT('',(-0.00124965514987707,-0.00673732906579971,-0.001602));
#5974=CARTESIAN_POINT('',(-0.00124965514987707,-0.00673732906579971,-0.001602));
#5975=CARTESIAN_POINT('',(0.,0.,0.));
#5976=CARTESIAN_POINT('',(0.,0.,-0.0016));
#5977=CARTESIAN_POINT('',(-0.00124965514987707,-0.00673732906579971,-0.0016));
#5978=CARTESIAN_POINT('',(-0.000249655149877072,-0.00673732906579971,-0.0016));
#5979=CARTESIAN_POINT('',(-0.00124965514987707,-0.00673732906579971,-0.0016));
#5980=CARTESIAN_POINT('',(-0.000749655149877072,-0.00673732906579971,-0.0016));
#5981=CARTESIAN_POINT('',(0.,0.,0.));
#5982=CARTESIAN_POINT('',(-0.00124965514987707,-0.00673732906579971,0.));
#5983=CARTESIAN_POINT('',(-0.000749655149877072,-0.00673732906579971,0.));
#5984=CARTESIAN_POINT('',(-0.00124965514987707,-0.00673732906579971,0.));
#5985=CARTESIAN_POINT('',(-0.000249655149877072,-0.00673732906579971,0.));
#5986=CARTESIAN_POINT('',(-0.00124965514987707,-0.00673732906579971,-0.001602));
#5987=CARTESIAN_POINT('',(-0.00124965514987707,-0.00673732906579971,-0.001602));
#5988=CARTESIAN_POINT('',(0.,0.,0.));
#5989=CARTESIAN_POINT('',(-0.00254,0.,-0.0016));
#5990=CARTESIAN_POINT('',(-0.00378965514987707,-0.00673732906579971,-0.0016));
#5991=CARTESIAN_POINT('',(-0.00278965514987707,-0.00673732906579971,-0.0016));
#5992=CARTESIAN_POINT('',(-0.00378965514987707,-0.00673732906579971,-0.0016));
#5993=CARTESIAN_POINT('',(-0.00328965514987707,-0.00673732906579971,-0.0016));
#5994=CARTESIAN_POINT('',(-0.00254,0.,0.));
#5995=CARTESIAN_POINT('',(-0.00378965514987707,-0.00673732906579971,0.));
#5996=CARTESIAN_POINT('',(-0.00328965514987707,-0.00673732906579971,0.));
#5997=CARTESIAN_POINT('',(-0.00378965514987707,-0.00673732906579971,0.));
#5998=CARTESIAN_POINT('',(-0.00278965514987707,-0.00673732906579971,0.));
#5999=CARTESIAN_POINT('',(-0.00378965514987707,-0.00673732906579971,-0.001602));
#6000=CARTESIAN_POINT('',(-0.00378965514987707,-0.00673732906579971,-0.001602));
#6001=MECHANICAL_DESIGN_GEOMETRIC_PRESENTATION_REPRESENTATION('',(#3179),
#6048);
#6002=MECHANICAL_DESIGN_GEOMETRIC_PRESENTATION_REPRESENTATION('',(#3180),
#6049);
#6003=MECHANICAL_DESIGN_GEOMETRIC_PRESENTATION_REPRESENTATION('',(#3181),
#6050);
#6004=MECHANICAL_DESIGN_GEOMETRIC_PRESENTATION_REPRESENTATION('',(#3182),
#6051);
#6005=MECHANICAL_DESIGN_GEOMETRIC_PRESENTATION_REPRESENTATION('',(#3183),
#6052);
#6006=MECHANICAL_DESIGN_GEOMETRIC_PRESENTATION_REPRESENTATION('',(#3184),
#6053);
#6007=MECHANICAL_DESIGN_GEOMETRIC_PRESENTATION_REPRESENTATION('',(#3185),
#6054);
#6008=MECHANICAL_DESIGN_GEOMETRIC_PRESENTATION_REPRESENTATION('',(#3186),
#6055);
#6009=MECHANICAL_DESIGN_GEOMETRIC_PRESENTATION_REPRESENTATION('',(#3187),
#6056);
#6010=MECHANICAL_DESIGN_GEOMETRIC_PRESENTATION_REPRESENTATION('',(#3188),
#6057);
#6011=MECHANICAL_DESIGN_GEOMETRIC_PRESENTATION_REPRESENTATION('',(#3189),
#6058);
#6012=MECHANICAL_DESIGN_GEOMETRIC_PRESENTATION_REPRESENTATION('',(#3190),
#6059);
#6013=MECHANICAL_DESIGN_GEOMETRIC_PRESENTATION_REPRESENTATION('',(#3191),
#6060);
#6014=MECHANICAL_DESIGN_GEOMETRIC_PRESENTATION_REPRESENTATION('',(#3192),
#6061);
#6015=MECHANICAL_DESIGN_GEOMETRIC_PRESENTATION_REPRESENTATION('',(#3193),
#6062);
#6016=MECHANICAL_DESIGN_GEOMETRIC_PRESENTATION_REPRESENTATION('',(#3194),
#6063);
#6017=MECHANICAL_DESIGN_GEOMETRIC_PRESENTATION_REPRESENTATION('',(#3195),
#6064);
#6018=MECHANICAL_DESIGN_GEOMETRIC_PRESENTATION_REPRESENTATION('',(#3196),
#6065);
#6019=MECHANICAL_DESIGN_GEOMETRIC_PRESENTATION_REPRESENTATION('',(#3197),
#6066);
#6020=MECHANICAL_DESIGN_GEOMETRIC_PRESENTATION_REPRESENTATION('',(#3198),
#6067);
#6021=MECHANICAL_DESIGN_GEOMETRIC_PRESENTATION_REPRESENTATION('',(#3199),
#6068);
#6022=MECHANICAL_DESIGN_GEOMETRIC_PRESENTATION_REPRESENTATION('',(#3200),
#6069);
#6023=MECHANICAL_DESIGN_GEOMETRIC_PRESENTATION_REPRESENTATION('',(#3201),
#6070);
#6024=MECHANICAL_DESIGN_GEOMETRIC_PRESENTATION_REPRESENTATION('',(#3202),
#6071);
#6025=MECHANICAL_DESIGN_GEOMETRIC_PRESENTATION_REPRESENTATION('',(#3203),
#6072);
#6026=MECHANICAL_DESIGN_GEOMETRIC_PRESENTATION_REPRESENTATION('',(#3204),
#6073);
#6027=MECHANICAL_DESIGN_GEOMETRIC_PRESENTATION_REPRESENTATION('',(#3205),
#6074);
#6028=MECHANICAL_DESIGN_GEOMETRIC_PRESENTATION_REPRESENTATION('',(#3206),
#6075);
#6029=MECHANICAL_DESIGN_GEOMETRIC_PRESENTATION_REPRESENTATION('',(#3207),
#6076);
#6030=MECHANICAL_DESIGN_GEOMETRIC_PRESENTATION_REPRESENTATION('',(#3208),
#6077);
#6031=MECHANICAL_DESIGN_GEOMETRIC_PRESENTATION_REPRESENTATION('',(#3209),
#6078);
#6032=MECHANICAL_DESIGN_GEOMETRIC_PRESENTATION_REPRESENTATION('',(#3210),
#6079);
#6033=MECHANICAL_DESIGN_GEOMETRIC_PRESENTATION_REPRESENTATION('',(#3211),
#6080);
#6034=MECHANICAL_DESIGN_GEOMETRIC_PRESENTATION_REPRESENTATION('',(#3212),
#6081);
#6035=MECHANICAL_DESIGN_GEOMETRIC_PRESENTATION_REPRESENTATION('',(#3213),
#6082);
#6036=MECHANICAL_DESIGN_GEOMETRIC_PRESENTATION_REPRESENTATION('',(#3214),
#6083);
#6037=MECHANICAL_DESIGN_GEOMETRIC_PRESENTATION_REPRESENTATION('',(#3215),
#6084);
#6038=MECHANICAL_DESIGN_GEOMETRIC_PRESENTATION_REPRESENTATION('',(#3216),
#6085);
#6039=MECHANICAL_DESIGN_GEOMETRIC_PRESENTATION_REPRESENTATION('',(#3217),
#6086);
#6040=MECHANICAL_DESIGN_GEOMETRIC_PRESENTATION_REPRESENTATION('',(#3218),
#6087);
#6041=MECHANICAL_DESIGN_GEOMETRIC_PRESENTATION_REPRESENTATION('',(#3219),
#6088);
#6042=MECHANICAL_DESIGN_GEOMETRIC_PRESENTATION_REPRESENTATION('',(#3220),
#6089);
#6043=MECHANICAL_DESIGN_GEOMETRIC_PRESENTATION_REPRESENTATION('',(#3221),
#6090);
#6044=MECHANICAL_DESIGN_GEOMETRIC_PRESENTATION_REPRESENTATION('',(#3222),
#6091);
#6045=MECHANICAL_DESIGN_GEOMETRIC_PRESENTATION_REPRESENTATION('',(#3223),
#6092);
#6046=MECHANICAL_DESIGN_GEOMETRIC_PRESENTATION_REPRESENTATION('',(#3224),
#6093);
#6047=MECHANICAL_DESIGN_GEOMETRIC_PRESENTATION_REPRESENTATION('',(#3225),
#6094);
#6048=(
GEOMETRIC_REPRESENTATION_CONTEXT(3)
GLOBAL_UNCERTAINTY_ASSIGNED_CONTEXT((#6095))
GLOBAL_UNIT_ASSIGNED_CONTEXT((#6236,#6189,#6142))
REPRESENTATION_CONTEXT('Part 42','TOP_LEVEL_ASSEMBLY_PART')
);
#6049=(
GEOMETRIC_REPRESENTATION_CONTEXT(3)
GLOBAL_UNCERTAINTY_ASSIGNED_CONTEXT((#6096))
GLOBAL_UNIT_ASSIGNED_CONTEXT((#6237,#6190,#6143))
REPRESENTATION_CONTEXT('Part 6','TOP_LEVEL_ASSEMBLY_PART')
);
#6050=(
GEOMETRIC_REPRESENTATION_CONTEXT(3)
GLOBAL_UNCERTAINTY_ASSIGNED_CONTEXT((#6097))
GLOBAL_UNIT_ASSIGNED_CONTEXT((#6238,#6191,#6144))
REPRESENTATION_CONTEXT('Part 37','TOP_LEVEL_ASSEMBLY_PART')
);
#6051=(
GEOMETRIC_REPRESENTATION_CONTEXT(3)
GLOBAL_UNCERTAINTY_ASSIGNED_CONTEXT((#6098))
GLOBAL_UNIT_ASSIGNED_CONTEXT((#6239,#6192,#6145))
REPRESENTATION_CONTEXT('Part 38','TOP_LEVEL_ASSEMBLY_PART')
);
#6052=(
GEOMETRIC_REPRESENTATION_CONTEXT(3)
GLOBAL_UNCERTAINTY_ASSIGNED_CONTEXT((#6099))
GLOBAL_UNIT_ASSIGNED_CONTEXT((#6240,#6193,#6146))
REPRESENTATION_CONTEXT('Part 35','TOP_LEVEL_ASSEMBLY_PART')
);
#6053=(
GEOMETRIC_REPRESENTATION_CONTEXT(3)
GLOBAL_UNCERTAINTY_ASSIGNED_CONTEXT((#6100))
GLOBAL_UNIT_ASSIGNED_CONTEXT((#6241,#6194,#6147))
REPRESENTATION_CONTEXT('Part 33','TOP_LEVEL_ASSEMBLY_PART')
);
#6054=(
GEOMETRIC_REPRESENTATION_CONTEXT(3)
GLOBAL_UNCERTAINTY_ASSIGNED_CONTEXT((#6101))
GLOBAL_UNIT_ASSIGNED_CONTEXT((#6242,#6195,#6148))
REPRESENTATION_CONTEXT('Part 36','TOP_LEVEL_ASSEMBLY_PART')
);
#6055=(
GEOMETRIC_REPRESENTATION_CONTEXT(3)
GLOBAL_UNCERTAINTY_ASSIGNED_CONTEXT((#6102))
GLOBAL_UNIT_ASSIGNED_CONTEXT((#6243,#6196,#6149))
REPRESENTATION_CONTEXT('Part 5','TOP_LEVEL_ASSEMBLY_PART')
);
#6056=(
GEOMETRIC_REPRESENTATION_CONTEXT(3)
GLOBAL_UNCERTAINTY_ASSIGNED_CONTEXT((#6103))
GLOBAL_UNIT_ASSIGNED_CONTEXT((#6244,#6197,#6150))
REPRESENTATION_CONTEXT('Part 1','TOP_LEVEL_ASSEMBLY_PART')
);
#6057=(
GEOMETRIC_REPRESENTATION_CONTEXT(3)
GLOBAL_UNCERTAINTY_ASSIGNED_CONTEXT((#6104))
GLOBAL_UNIT_ASSIGNED_CONTEXT((#6245,#6198,#6151))
REPRESENTATION_CONTEXT('Part 34','TOP_LEVEL_ASSEMBLY_PART')
);
#6058=(
GEOMETRIC_REPRESENTATION_CONTEXT(3)
GLOBAL_UNCERTAINTY_ASSIGNED_CONTEXT((#6105))
GLOBAL_UNIT_ASSIGNED_CONTEXT((#6246,#6199,#6152))
REPRESENTATION_CONTEXT('Part 44','TOP_LEVEL_ASSEMBLY_PART')
);
#6059=(
GEOMETRIC_REPRESENTATION_CONTEXT(3)
GLOBAL_UNCERTAINTY_ASSIGNED_CONTEXT((#6106))
GLOBAL_UNIT_ASSIGNED_CONTEXT((#6247,#6200,#6153))
REPRESENTATION_CONTEXT('Part 8','TOP_LEVEL_ASSEMBLY_PART')
);
#6060=(
GEOMETRIC_REPRESENTATION_CONTEXT(3)
GLOBAL_UNCERTAINTY_ASSIGNED_CONTEXT((#6107))
GLOBAL_UNIT_ASSIGNED_CONTEXT((#6248,#6201,#6154))
REPRESENTATION_CONTEXT('Part 21','TOP_LEVEL_ASSEMBLY_PART')
);
#6061=(
GEOMETRIC_REPRESENTATION_CONTEXT(3)
GLOBAL_UNCERTAINTY_ASSIGNED_CONTEXT((#6108))
GLOBAL_UNIT_ASSIGNED_CONTEXT((#6249,#6202,#6155))
REPRESENTATION_CONTEXT('Part 40','TOP_LEVEL_ASSEMBLY_PART')
);
#6062=(
GEOMETRIC_REPRESENTATION_CONTEXT(3)
GLOBAL_UNCERTAINTY_ASSIGNED_CONTEXT((#6109))
GLOBAL_UNIT_ASSIGNED_CONTEXT((#6250,#6203,#6156))
REPRESENTATION_CONTEXT('Part 43','TOP_LEVEL_ASSEMBLY_PART')
);
#6063=(
GEOMETRIC_REPRESENTATION_CONTEXT(3)
GLOBAL_UNCERTAINTY_ASSIGNED_CONTEXT((#6110))
GLOBAL_UNIT_ASSIGNED_CONTEXT((#6251,#6204,#6157))
REPRESENTATION_CONTEXT('Part 7','TOP_LEVEL_ASSEMBLY_PART')
);
#6064=(
GEOMETRIC_REPRESENTATION_CONTEXT(3)
GLOBAL_UNCERTAINTY_ASSIGNED_CONTEXT((#6111))
GLOBAL_UNIT_ASSIGNED_CONTEXT((#6252,#6205,#6158))
REPRESENTATION_CONTEXT('Part 39','TOP_LEVEL_ASSEMBLY_PART')
);
#6065=(
GEOMETRIC_REPRESENTATION_CONTEXT(3)
GLOBAL_UNCERTAINTY_ASSIGNED_CONTEXT((#6112))
GLOBAL_UNIT_ASSIGNED_CONTEXT((#6253,#6206,#6159))
REPRESENTATION_CONTEXT('Part 46','TOP_LEVEL_ASSEMBLY_PART')
);
#6066=(
GEOMETRIC_REPRESENTATION_CONTEXT(3)
GLOBAL_UNCERTAINTY_ASSIGNED_CONTEXT((#6113))
GLOBAL_UNIT_ASSIGNED_CONTEXT((#6254,#6207,#6160))
REPRESENTATION_CONTEXT('Part 30','TOP_LEVEL_ASSEMBLY_PART')
);
#6067=(
GEOMETRIC_REPRESENTATION_CONTEXT(3)
GLOBAL_UNCERTAINTY_ASSIGNED_CONTEXT((#6114))
GLOBAL_UNIT_ASSIGNED_CONTEXT((#6255,#6208,#6161))
REPRESENTATION_CONTEXT('Part 10','TOP_LEVEL_ASSEMBLY_PART')
);
#6068=(
GEOMETRIC_REPRESENTATION_CONTEXT(3)
GLOBAL_UNCERTAINTY_ASSIGNED_CONTEXT((#6115))
GLOBAL_UNIT_ASSIGNED_CONTEXT((#6256,#6209,#6162))
REPRESENTATION_CONTEXT('Part 45','TOP_LEVEL_ASSEMBLY_PART')
);
#6069=(
GEOMETRIC_REPRESENTATION_CONTEXT(3)
GLOBAL_UNCERTAINTY_ASSIGNED_CONTEXT((#6116))
GLOBAL_UNIT_ASSIGNED_CONTEXT((#6257,#6210,#6163))
REPRESENTATION_CONTEXT('Part 29','TOP_LEVEL_ASSEMBLY_PART')
);
#6070=(
GEOMETRIC_REPRESENTATION_CONTEXT(3)
GLOBAL_UNCERTAINTY_ASSIGNED_CONTEXT((#6117))
GLOBAL_UNIT_ASSIGNED_CONTEXT((#6258,#6211,#6164))
REPRESENTATION_CONTEXT('Part 9','TOP_LEVEL_ASSEMBLY_PART')
);
#6071=(
GEOMETRIC_REPRESENTATION_CONTEXT(3)
GLOBAL_UNCERTAINTY_ASSIGNED_CONTEXT((#6118))
GLOBAL_UNIT_ASSIGNED_CONTEXT((#6259,#6212,#6165))
REPRESENTATION_CONTEXT('Part 41','TOP_LEVEL_ASSEMBLY_PART')
);
#6072=(
GEOMETRIC_REPRESENTATION_CONTEXT(3)
GLOBAL_UNCERTAINTY_ASSIGNED_CONTEXT((#6119))
GLOBAL_UNIT_ASSIGNED_CONTEXT((#6260,#6213,#6166))
REPRESENTATION_CONTEXT('Part 11','TOP_LEVEL_ASSEMBLY_PART')
);
#6073=(
GEOMETRIC_REPRESENTATION_CONTEXT(3)
GLOBAL_UNCERTAINTY_ASSIGNED_CONTEXT((#6120))
GLOBAL_UNIT_ASSIGNED_CONTEXT((#6261,#6214,#6167))
REPRESENTATION_CONTEXT('Part 32','TOP_LEVEL_ASSEMBLY_PART')
);
#6074=(
GEOMETRIC_REPRESENTATION_CONTEXT(3)
GLOBAL_UNCERTAINTY_ASSIGNED_CONTEXT((#6121))
GLOBAL_UNIT_ASSIGNED_CONTEXT((#6262,#6215,#6168))
REPRESENTATION_CONTEXT('Part 47','TOP_LEVEL_ASSEMBLY_PART')
);
#6075=(
GEOMETRIC_REPRESENTATION_CONTEXT(3)
GLOBAL_UNCERTAINTY_ASSIGNED_CONTEXT((#6122))
GLOBAL_UNIT_ASSIGNED_CONTEXT((#6263,#6216,#6169))
REPRESENTATION_CONTEXT('Part 31','TOP_LEVEL_ASSEMBLY_PART')
);
#6076=(
GEOMETRIC_REPRESENTATION_CONTEXT(3)
GLOBAL_UNCERTAINTY_ASSIGNED_CONTEXT((#6123))
GLOBAL_UNIT_ASSIGNED_CONTEXT((#6264,#6217,#6170))
REPRESENTATION_CONTEXT('Part 3','TOP_LEVEL_ASSEMBLY_PART')
);
#6077=(
GEOMETRIC_REPRESENTATION_CONTEXT(3)
GLOBAL_UNCERTAINTY_ASSIGNED_CONTEXT((#6124))
GLOBAL_UNIT_ASSIGNED_CONTEXT((#6265,#6218,#6171))
REPRESENTATION_CONTEXT('Part 2','TOP_LEVEL_ASSEMBLY_PART')
);
#6078=(
GEOMETRIC_REPRESENTATION_CONTEXT(3)
GLOBAL_UNCERTAINTY_ASSIGNED_CONTEXT((#6125))
GLOBAL_UNIT_ASSIGNED_CONTEXT((#6266,#6219,#6172))
REPRESENTATION_CONTEXT('Part 13','TOP_LEVEL_ASSEMBLY_PART')
);
#6079=(
GEOMETRIC_REPRESENTATION_CONTEXT(3)
GLOBAL_UNCERTAINTY_ASSIGNED_CONTEXT((#6126))
GLOBAL_UNIT_ASSIGNED_CONTEXT((#6267,#6220,#6173))
REPRESENTATION_CONTEXT('Part 12','TOP_LEVEL_ASSEMBLY_PART')
);
#6080=(
GEOMETRIC_REPRESENTATION_CONTEXT(3)
GLOBAL_UNCERTAINTY_ASSIGNED_CONTEXT((#6127))
GLOBAL_UNIT_ASSIGNED_CONTEXT((#6268,#6221,#6174))
REPRESENTATION_CONTEXT('Part 26','TOP_LEVEL_ASSEMBLY_PART')
);
#6081=(
GEOMETRIC_REPRESENTATION_CONTEXT(3)
GLOBAL_UNCERTAINTY_ASSIGNED_CONTEXT((#6128))
GLOBAL_UNIT_ASSIGNED_CONTEXT((#6269,#6222,#6175))
REPRESENTATION_CONTEXT('Part 15','TOP_LEVEL_ASSEMBLY_PART')
);
#6082=(
GEOMETRIC_REPRESENTATION_CONTEXT(3)
GLOBAL_UNCERTAINTY_ASSIGNED_CONTEXT((#6129))
GLOBAL_UNIT_ASSIGNED_CONTEXT((#6270,#6223,#6176))
REPRESENTATION_CONTEXT('Part 18','TOP_LEVEL_ASSEMBLY_PART')
);
#6083=(
GEOMETRIC_REPRESENTATION_CONTEXT(3)
GLOBAL_UNCERTAINTY_ASSIGNED_CONTEXT((#6130))
GLOBAL_UNIT_ASSIGNED_CONTEXT((#6271,#6224,#6177))
REPRESENTATION_CONTEXT('Part 28','TOP_LEVEL_ASSEMBLY_PART')
);
#6084=(
GEOMETRIC_REPRESENTATION_CONTEXT(3)
GLOBAL_UNCERTAINTY_ASSIGNED_CONTEXT((#6131))
GLOBAL_UNIT_ASSIGNED_CONTEXT((#6272,#6225,#6178))
REPRESENTATION_CONTEXT('Part 14','TOP_LEVEL_ASSEMBLY_PART')
);
#6085=(
GEOMETRIC_REPRESENTATION_CONTEXT(3)
GLOBAL_UNCERTAINTY_ASSIGNED_CONTEXT((#6132))
GLOBAL_UNIT_ASSIGNED_CONTEXT((#6273,#6226,#6179))
REPRESENTATION_CONTEXT('Part 20','TOP_LEVEL_ASSEMBLY_PART')
);
#6086=(
GEOMETRIC_REPRESENTATION_CONTEXT(3)
GLOBAL_UNCERTAINTY_ASSIGNED_CONTEXT((#6133))
GLOBAL_UNIT_ASSIGNED_CONTEXT((#6274,#6227,#6180))
REPRESENTATION_CONTEXT('Part 27','TOP_LEVEL_ASSEMBLY_PART')
);
#6087=(
GEOMETRIC_REPRESENTATION_CONTEXT(3)
GLOBAL_UNCERTAINTY_ASSIGNED_CONTEXT((#6134))
GLOBAL_UNIT_ASSIGNED_CONTEXT((#6275,#6228,#6181))
REPRESENTATION_CONTEXT('Part 17','TOP_LEVEL_ASSEMBLY_PART')
);
#6088=(
GEOMETRIC_REPRESENTATION_CONTEXT(3)
GLOBAL_UNCERTAINTY_ASSIGNED_CONTEXT((#6135))
GLOBAL_UNIT_ASSIGNED_CONTEXT((#6276,#6229,#6182))
REPRESENTATION_CONTEXT('Part 23','TOP_LEVEL_ASSEMBLY_PART')
);
#6089=(
GEOMETRIC_REPRESENTATION_CONTEXT(3)
GLOBAL_UNCERTAINTY_ASSIGNED_CONTEXT((#6136))
GLOBAL_UNIT_ASSIGNED_CONTEXT((#6277,#6230,#6183))
REPRESENTATION_CONTEXT('Part 16','TOP_LEVEL_ASSEMBLY_PART')
);
#6090=(
GEOMETRIC_REPRESENTATION_CONTEXT(3)
GLOBAL_UNCERTAINTY_ASSIGNED_CONTEXT((#6137))
GLOBAL_UNIT_ASSIGNED_CONTEXT((#6278,#6231,#6184))
REPRESENTATION_CONTEXT('Part 19','TOP_LEVEL_ASSEMBLY_PART')
);
#6091=(
GEOMETRIC_REPRESENTATION_CONTEXT(3)
GLOBAL_UNCERTAINTY_ASSIGNED_CONTEXT((#6138))
GLOBAL_UNIT_ASSIGNED_CONTEXT((#6279,#6232,#6185))
REPRESENTATION_CONTEXT('Part 22','TOP_LEVEL_ASSEMBLY_PART')
);
#6092=(
GEOMETRIC_REPRESENTATION_CONTEXT(3)
GLOBAL_UNCERTAINTY_ASSIGNED_CONTEXT((#6139))
GLOBAL_UNIT_ASSIGNED_CONTEXT((#6280,#6233,#6186))
REPRESENTATION_CONTEXT('Part 25','TOP_LEVEL_ASSEMBLY_PART')
);
#6093=(
GEOMETRIC_REPRESENTATION_CONTEXT(3)
GLOBAL_UNCERTAINTY_ASSIGNED_CONTEXT((#6140))
GLOBAL_UNIT_ASSIGNED_CONTEXT((#6281,#6234,#6187))
REPRESENTATION_CONTEXT('Part 4','TOP_LEVEL_ASSEMBLY_PART')
);
#6094=(
GEOMETRIC_REPRESENTATION_CONTEXT(3)
GLOBAL_UNCERTAINTY_ASSIGNED_CONTEXT((#6141))
GLOBAL_UNIT_ASSIGNED_CONTEXT((#6282,#6235,#6188))
REPRESENTATION_CONTEXT('Part 24','TOP_LEVEL_ASSEMBLY_PART')
);
#6095=UNCERTAINTY_MEASURE_WITH_UNIT(LENGTH_MEASURE(1.E-8),#6236,
'DISTANCE_ACCURACY_VALUE','Maximum Tolerance applied to model');
#6096=UNCERTAINTY_MEASURE_WITH_UNIT(LENGTH_MEASURE(1.E-8),#6237,
'DISTANCE_ACCURACY_VALUE','Maximum Tolerance applied to model');
#6097=UNCERTAINTY_MEASURE_WITH_UNIT(LENGTH_MEASURE(1.E-8),#6238,
'DISTANCE_ACCURACY_VALUE','Maximum Tolerance applied to model');
#6098=UNCERTAINTY_MEASURE_WITH_UNIT(LENGTH_MEASURE(1.E-8),#6239,
'DISTANCE_ACCURACY_VALUE','Maximum Tolerance applied to model');
#6099=UNCERTAINTY_MEASURE_WITH_UNIT(LENGTH_MEASURE(1.E-8),#6240,
'DISTANCE_ACCURACY_VALUE','Maximum Tolerance applied to model');
#6100=UNCERTAINTY_MEASURE_WITH_UNIT(LENGTH_MEASURE(1.E-8),#6241,
'DISTANCE_ACCURACY_VALUE','Maximum Tolerance applied to model');
#6101=UNCERTAINTY_MEASURE_WITH_UNIT(LENGTH_MEASURE(1.E-8),#6242,
'DISTANCE_ACCURACY_VALUE','Maximum Tolerance applied to model');
#6102=UNCERTAINTY_MEASURE_WITH_UNIT(LENGTH_MEASURE(1.E-8),#6243,
'DISTANCE_ACCURACY_VALUE','Maximum Tolerance applied to model');
#6103=UNCERTAINTY_MEASURE_WITH_UNIT(LENGTH_MEASURE(1.E-8),#6244,
'DISTANCE_ACCURACY_VALUE','Maximum Tolerance applied to model');
#6104=UNCERTAINTY_MEASURE_WITH_UNIT(LENGTH_MEASURE(1.E-8),#6245,
'DISTANCE_ACCURACY_VALUE','Maximum Tolerance applied to model');
#6105=UNCERTAINTY_MEASURE_WITH_UNIT(LENGTH_MEASURE(1.E-8),#6246,
'DISTANCE_ACCURACY_VALUE','Maximum Tolerance applied to model');
#6106=UNCERTAINTY_MEASURE_WITH_UNIT(LENGTH_MEASURE(1.E-8),#6247,
'DISTANCE_ACCURACY_VALUE','Maximum Tolerance applied to model');
#6107=UNCERTAINTY_MEASURE_WITH_UNIT(LENGTH_MEASURE(1.E-8),#6248,
'DISTANCE_ACCURACY_VALUE','Maximum Tolerance applied to model');
#6108=UNCERTAINTY_MEASURE_WITH_UNIT(LENGTH_MEASURE(1.E-8),#6249,
'DISTANCE_ACCURACY_VALUE','Maximum Tolerance applied to model');
#6109=UNCERTAINTY_MEASURE_WITH_UNIT(LENGTH_MEASURE(1.E-8),#6250,
'DISTANCE_ACCURACY_VALUE','Maximum Tolerance applied to model');
#6110=UNCERTAINTY_MEASURE_WITH_UNIT(LENGTH_MEASURE(1.E-8),#6251,
'DISTANCE_ACCURACY_VALUE','Maximum Tolerance applied to model');
#6111=UNCERTAINTY_MEASURE_WITH_UNIT(LENGTH_MEASURE(1.E-8),#6252,
'DISTANCE_ACCURACY_VALUE','Maximum Tolerance applied to model');
#6112=UNCERTAINTY_MEASURE_WITH_UNIT(LENGTH_MEASURE(1.E-8),#6253,
'DISTANCE_ACCURACY_VALUE','Maximum Tolerance applied to model');
#6113=UNCERTAINTY_MEASURE_WITH_UNIT(LENGTH_MEASURE(1.E-8),#6254,
'DISTANCE_ACCURACY_VALUE','Maximum Tolerance applied to model');
#6114=UNCERTAINTY_MEASURE_WITH_UNIT(LENGTH_MEASURE(1.E-8),#6255,
'DISTANCE_ACCURACY_VALUE','Maximum Tolerance applied to model');
#6115=UNCERTAINTY_MEASURE_WITH_UNIT(LENGTH_MEASURE(1.E-8),#6256,
'DISTANCE_ACCURACY_VALUE','Maximum Tolerance applied to model');
#6116=UNCERTAINTY_MEASURE_WITH_UNIT(LENGTH_MEASURE(1.E-8),#6257,
'DISTANCE_ACCURACY_VALUE','Maximum Tolerance applied to model');
#6117=UNCERTAINTY_MEASURE_WITH_UNIT(LENGTH_MEASURE(1.E-8),#6258,
'DISTANCE_ACCURACY_VALUE','Maximum Tolerance applied to model');
#6118=UNCERTAINTY_MEASURE_WITH_UNIT(LENGTH_MEASURE(1.E-8),#6259,
'DISTANCE_ACCURACY_VALUE','Maximum Tolerance applied to model');
#6119=UNCERTAINTY_MEASURE_WITH_UNIT(LENGTH_MEASURE(1.E-8),#6260,
'DISTANCE_ACCURACY_VALUE','Maximum Tolerance applied to model');
#6120=UNCERTAINTY_MEASURE_WITH_UNIT(LENGTH_MEASURE(1.E-8),#6261,
'DISTANCE_ACCURACY_VALUE','Maximum Tolerance applied to model');
#6121=UNCERTAINTY_MEASURE_WITH_UNIT(LENGTH_MEASURE(1.E-8),#6262,
'DISTANCE_ACCURACY_VALUE','Maximum Tolerance applied to model');
#6122=UNCERTAINTY_MEASURE_WITH_UNIT(LENGTH_MEASURE(1.E-8),#6263,
'DISTANCE_ACCURACY_VALUE','Maximum Tolerance applied to model');
#6123=UNCERTAINTY_MEASURE_WITH_UNIT(LENGTH_MEASURE(1.E-8),#6264,
'DISTANCE_ACCURACY_VALUE','Maximum Tolerance applied to model');
#6124=UNCERTAINTY_MEASURE_WITH_UNIT(LENGTH_MEASURE(1.E-8),#6265,
'DISTANCE_ACCURACY_VALUE','Maximum Tolerance applied to model');
#6125=UNCERTAINTY_MEASURE_WITH_UNIT(LENGTH_MEASURE(1.E-8),#6266,
'DISTANCE_ACCURACY_VALUE','Maximum Tolerance applied to model');
#6126=UNCERTAINTY_MEASURE_WITH_UNIT(LENGTH_MEASURE(1.E-8),#6267,
'DISTANCE_ACCURACY_VALUE','Maximum Tolerance applied to model');
#6127=UNCERTAINTY_MEASURE_WITH_UNIT(LENGTH_MEASURE(1.E-8),#6268,
'DISTANCE_ACCURACY_VALUE','Maximum Tolerance applied to model');
#6128=UNCERTAINTY_MEASURE_WITH_UNIT(LENGTH_MEASURE(1.E-8),#6269,
'DISTANCE_ACCURACY_VALUE','Maximum Tolerance applied to model');
#6129=UNCERTAINTY_MEASURE_WITH_UNIT(LENGTH_MEASURE(1.E-8),#6270,
'DISTANCE_ACCURACY_VALUE','Maximum Tolerance applied to model');
#6130=UNCERTAINTY_MEASURE_WITH_UNIT(LENGTH_MEASURE(1.E-8),#6271,
'DISTANCE_ACCURACY_VALUE','Maximum Tolerance applied to model');
#6131=UNCERTAINTY_MEASURE_WITH_UNIT(LENGTH_MEASURE(1.E-8),#6272,
'DISTANCE_ACCURACY_VALUE','Maximum Tolerance applied to model');
#6132=UNCERTAINTY_MEASURE_WITH_UNIT(LENGTH_MEASURE(1.E-8),#6273,
'DISTANCE_ACCURACY_VALUE','Maximum Tolerance applied to model');
#6133=UNCERTAINTY_MEASURE_WITH_UNIT(LENGTH_MEASURE(1.E-8),#6274,
'DISTANCE_ACCURACY_VALUE','Maximum Tolerance applied to model');
#6134=UNCERTAINTY_MEASURE_WITH_UNIT(LENGTH_MEASURE(1.E-8),#6275,
'DISTANCE_ACCURACY_VALUE','Maximum Tolerance applied to model');
#6135=UNCERTAINTY_MEASURE_WITH_UNIT(LENGTH_MEASURE(1.E-8),#6276,
'DISTANCE_ACCURACY_VALUE','Maximum Tolerance applied to model');
#6136=UNCERTAINTY_MEASURE_WITH_UNIT(LENGTH_MEASURE(1.E-8),#6277,
'DISTANCE_ACCURACY_VALUE','Maximum Tolerance applied to model');
#6137=UNCERTAINTY_MEASURE_WITH_UNIT(LENGTH_MEASURE(1.E-8),#6278,
'DISTANCE_ACCURACY_VALUE','Maximum Tolerance applied to model');
#6138=UNCERTAINTY_MEASURE_WITH_UNIT(LENGTH_MEASURE(1.E-8),#6279,
'DISTANCE_ACCURACY_VALUE','Maximum Tolerance applied to model');
#6139=UNCERTAINTY_MEASURE_WITH_UNIT(LENGTH_MEASURE(1.E-8),#6280,
'DISTANCE_ACCURACY_VALUE','Maximum Tolerance applied to model');
#6140=UNCERTAINTY_MEASURE_WITH_UNIT(LENGTH_MEASURE(1.E-8),#6281,
'DISTANCE_ACCURACY_VALUE','Maximum Tolerance applied to model');
#6141=UNCERTAINTY_MEASURE_WITH_UNIT(LENGTH_MEASURE(1.E-8),#6282,
'DISTANCE_ACCURACY_VALUE','Maximum Tolerance applied to model');
#6142=(
NAMED_UNIT(*)
SI_UNIT($,.STERADIAN.)
SOLID_ANGLE_UNIT()
);
#6143=(
NAMED_UNIT(*)
SI_UNIT($,.STERADIAN.)
SOLID_ANGLE_UNIT()
);
#6144=(
NAMED_UNIT(*)
SI_UNIT($,.STERADIAN.)
SOLID_ANGLE_UNIT()
);
#6145=(
NAMED_UNIT(*)
SI_UNIT($,.STERADIAN.)
SOLID_ANGLE_UNIT()
);
#6146=(
NAMED_UNIT(*)
SI_UNIT($,.STERADIAN.)
SOLID_ANGLE_UNIT()
);
#6147=(
NAMED_UNIT(*)
SI_UNIT($,.STERADIAN.)
SOLID_ANGLE_UNIT()
);
#6148=(
NAMED_UNIT(*)
SI_UNIT($,.STERADIAN.)
SOLID_ANGLE_UNIT()
);
#6149=(
NAMED_UNIT(*)
SI_UNIT($,.STERADIAN.)
SOLID_ANGLE_UNIT()
);
#6150=(
NAMED_UNIT(*)
SI_UNIT($,.STERADIAN.)
SOLID_ANGLE_UNIT()
);
#6151=(
NAMED_UNIT(*)
SI_UNIT($,.STERADIAN.)
SOLID_ANGLE_UNIT()
);
#6152=(
NAMED_UNIT(*)
SI_UNIT($,.STERADIAN.)
SOLID_ANGLE_UNIT()
);
#6153=(
NAMED_UNIT(*)
SI_UNIT($,.STERADIAN.)
SOLID_ANGLE_UNIT()
);
#6154=(
NAMED_UNIT(*)
SI_UNIT($,.STERADIAN.)
SOLID_ANGLE_UNIT()
);
#6155=(
NAMED_UNIT(*)
SI_UNIT($,.STERADIAN.)
SOLID_ANGLE_UNIT()
);
#6156=(
NAMED_UNIT(*)
SI_UNIT($,.STERADIAN.)
SOLID_ANGLE_UNIT()
);
#6157=(
NAMED_UNIT(*)
SI_UNIT($,.STERADIAN.)
SOLID_ANGLE_UNIT()
);
#6158=(
NAMED_UNIT(*)
SI_UNIT($,.STERADIAN.)
SOLID_ANGLE_UNIT()
);
#6159=(
NAMED_UNIT(*)
SI_UNIT($,.STERADIAN.)
SOLID_ANGLE_UNIT()
);
#6160=(
NAMED_UNIT(*)
SI_UNIT($,.STERADIAN.)
SOLID_ANGLE_UNIT()
);
#6161=(
NAMED_UNIT(*)
SI_UNIT($,.STERADIAN.)
SOLID_ANGLE_UNIT()
);
#6162=(
NAMED_UNIT(*)
SI_UNIT($,.STERADIAN.)
SOLID_ANGLE_UNIT()
);
#6163=(
NAMED_UNIT(*)
SI_UNIT($,.STERADIAN.)
SOLID_ANGLE_UNIT()
);
#6164=(
NAMED_UNIT(*)
SI_UNIT($,.STERADIAN.)
SOLID_ANGLE_UNIT()
);
#6165=(
NAMED_UNIT(*)
SI_UNIT($,.STERADIAN.)
SOLID_ANGLE_UNIT()
);
#6166=(
NAMED_UNIT(*)
SI_UNIT($,.STERADIAN.)
SOLID_ANGLE_UNIT()
);
#6167=(
NAMED_UNIT(*)
SI_UNIT($,.STERADIAN.)
SOLID_ANGLE_UNIT()
);
#6168=(
NAMED_UNIT(*)
SI_UNIT($,.STERADIAN.)
SOLID_ANGLE_UNIT()
);
#6169=(
NAMED_UNIT(*)
SI_UNIT($,.STERADIAN.)
SOLID_ANGLE_UNIT()
);
#6170=(
NAMED_UNIT(*)
SI_UNIT($,.STERADIAN.)
SOLID_ANGLE_UNIT()
);
#6171=(
NAMED_UNIT(*)
SI_UNIT($,.STERADIAN.)
SOLID_ANGLE_UNIT()
);
#6172=(
NAMED_UNIT(*)
SI_UNIT($,.STERADIAN.)
SOLID_ANGLE_UNIT()
);
#6173=(
NAMED_UNIT(*)
SI_UNIT($,.STERADIAN.)
SOLID_ANGLE_UNIT()
);
#6174=(
NAMED_UNIT(*)
SI_UNIT($,.STERADIAN.)
SOLID_ANGLE_UNIT()
);
#6175=(
NAMED_UNIT(*)
SI_UNIT($,.STERADIAN.)
SOLID_ANGLE_UNIT()
);
#6176=(
NAMED_UNIT(*)
SI_UNIT($,.STERADIAN.)
SOLID_ANGLE_UNIT()
);
#6177=(
NAMED_UNIT(*)
SI_UNIT($,.STERADIAN.)
SOLID_ANGLE_UNIT()
);
#6178=(
NAMED_UNIT(*)
SI_UNIT($,.STERADIAN.)
SOLID_ANGLE_UNIT()
);
#6179=(
NAMED_UNIT(*)
SI_UNIT($,.STERADIAN.)
SOLID_ANGLE_UNIT()
);
#6180=(
NAMED_UNIT(*)
SI_UNIT($,.STERADIAN.)
SOLID_ANGLE_UNIT()
);
#6181=(
NAMED_UNIT(*)
SI_UNIT($,.STERADIAN.)
SOLID_ANGLE_UNIT()
);
#6182=(
NAMED_UNIT(*)
SI_UNIT($,.STERADIAN.)
SOLID_ANGLE_UNIT()
);
#6183=(
NAMED_UNIT(*)
SI_UNIT($,.STERADIAN.)
SOLID_ANGLE_UNIT()
);
#6184=(
NAMED_UNIT(*)
SI_UNIT($,.STERADIAN.)
SOLID_ANGLE_UNIT()
);
#6185=(
NAMED_UNIT(*)
SI_UNIT($,.STERADIAN.)
SOLID_ANGLE_UNIT()
);
#6186=(
NAMED_UNIT(*)
SI_UNIT($,.STERADIAN.)
SOLID_ANGLE_UNIT()
);
#6187=(
NAMED_UNIT(*)
SI_UNIT($,.STERADIAN.)
SOLID_ANGLE_UNIT()
);
#6188=(
NAMED_UNIT(*)
SI_UNIT($,.STERADIAN.)
SOLID_ANGLE_UNIT()
);
#6189=(
NAMED_UNIT(*)
PLANE_ANGLE_UNIT()
SI_UNIT($,.RADIAN.)
);
#6190=(
NAMED_UNIT(*)
PLANE_ANGLE_UNIT()
SI_UNIT($,.RADIAN.)
);
#6191=(
NAMED_UNIT(*)
PLANE_ANGLE_UNIT()
SI_UNIT($,.RADIAN.)
);
#6192=(
NAMED_UNIT(*)
PLANE_ANGLE_UNIT()
SI_UNIT($,.RADIAN.)
);
#6193=(
NAMED_UNIT(*)
PLANE_ANGLE_UNIT()
SI_UNIT($,.RADIAN.)
);
#6194=(
NAMED_UNIT(*)
PLANE_ANGLE_UNIT()
SI_UNIT($,.RADIAN.)
);
#6195=(
NAMED_UNIT(*)
PLANE_ANGLE_UNIT()
SI_UNIT($,.RADIAN.)
);
#6196=(
NAMED_UNIT(*)
PLANE_ANGLE_UNIT()
SI_UNIT($,.RADIAN.)
);
#6197=(
NAMED_UNIT(*)
PLANE_ANGLE_UNIT()
SI_UNIT($,.RADIAN.)
);
#6198=(
NAMED_UNIT(*)
PLANE_ANGLE_UNIT()
SI_UNIT($,.RADIAN.)
);
#6199=(
NAMED_UNIT(*)
PLANE_ANGLE_UNIT()
SI_UNIT($,.RADIAN.)
);
#6200=(
NAMED_UNIT(*)
PLANE_ANGLE_UNIT()
SI_UNIT($,.RADIAN.)
);
#6201=(
NAMED_UNIT(*)
PLANE_ANGLE_UNIT()
SI_UNIT($,.RADIAN.)
);
#6202=(
NAMED_UNIT(*)
PLANE_ANGLE_UNIT()
SI_UNIT($,.RADIAN.)
);
#6203=(
NAMED_UNIT(*)
PLANE_ANGLE_UNIT()
SI_UNIT($,.RADIAN.)
);
#6204=(
NAMED_UNIT(*)
PLANE_ANGLE_UNIT()
SI_UNIT($,.RADIAN.)
);
#6205=(
NAMED_UNIT(*)
PLANE_ANGLE_UNIT()
SI_UNIT($,.RADIAN.)
);
#6206=(
NAMED_UNIT(*)
PLANE_ANGLE_UNIT()
SI_UNIT($,.RADIAN.)
);
#6207=(
NAMED_UNIT(*)
PLANE_ANGLE_UNIT()
SI_UNIT($,.RADIAN.)
);
#6208=(
NAMED_UNIT(*)
PLANE_ANGLE_UNIT()
SI_UNIT($,.RADIAN.)
);
#6209=(
NAMED_UNIT(*)
PLANE_ANGLE_UNIT()
SI_UNIT($,.RADIAN.)
);
#6210=(
NAMED_UNIT(*)
PLANE_ANGLE_UNIT()
SI_UNIT($,.RADIAN.)
);
#6211=(
NAMED_UNIT(*)
PLANE_ANGLE_UNIT()
SI_UNIT($,.RADIAN.)
);
#6212=(
NAMED_UNIT(*)
PLANE_ANGLE_UNIT()
SI_UNIT($,.RADIAN.)
);
#6213=(
NAMED_UNIT(*)
PLANE_ANGLE_UNIT()
SI_UNIT($,.RADIAN.)
);
#6214=(
NAMED_UNIT(*)
PLANE_ANGLE_UNIT()
SI_UNIT($,.RADIAN.)
);
#6215=(
NAMED_UNIT(*)
PLANE_ANGLE_UNIT()
SI_UNIT($,.RADIAN.)
);
#6216=(
NAMED_UNIT(*)
PLANE_ANGLE_UNIT()
SI_UNIT($,.RADIAN.)
);
#6217=(
NAMED_UNIT(*)
PLANE_ANGLE_UNIT()
SI_UNIT($,.RADIAN.)
);
#6218=(
NAMED_UNIT(*)
PLANE_ANGLE_UNIT()
SI_UNIT($,.RADIAN.)
);
#6219=(
NAMED_UNIT(*)
PLANE_ANGLE_UNIT()
SI_UNIT($,.RADIAN.)
);
#6220=(
NAMED_UNIT(*)
PLANE_ANGLE_UNIT()
SI_UNIT($,.RADIAN.)
);
#6221=(
NAMED_UNIT(*)
PLANE_ANGLE_UNIT()
SI_UNIT($,.RADIAN.)
);
#6222=(
NAMED_UNIT(*)
PLANE_ANGLE_UNIT()
SI_UNIT($,.RADIAN.)
);
#6223=(
NAMED_UNIT(*)
PLANE_ANGLE_UNIT()
SI_UNIT($,.RADIAN.)
);
#6224=(
NAMED_UNIT(*)
PLANE_ANGLE_UNIT()
SI_UNIT($,.RADIAN.)
);
#6225=(
NAMED_UNIT(*)
PLANE_ANGLE_UNIT()
SI_UNIT($,.RADIAN.)
);
#6226=(
NAMED_UNIT(*)
PLANE_ANGLE_UNIT()
SI_UNIT($,.RADIAN.)
);
#6227=(
NAMED_UNIT(*)
PLANE_ANGLE_UNIT()
SI_UNIT($,.RADIAN.)
);
#6228=(
NAMED_UNIT(*)
PLANE_ANGLE_UNIT()
SI_UNIT($,.RADIAN.)
);
#6229=(
NAMED_UNIT(*)
PLANE_ANGLE_UNIT()
SI_UNIT($,.RADIAN.)
);
#6230=(
NAMED_UNIT(*)
PLANE_ANGLE_UNIT()
SI_UNIT($,.RADIAN.)
);
#6231=(
NAMED_UNIT(*)
PLANE_ANGLE_UNIT()
SI_UNIT($,.RADIAN.)
);
#6232=(
NAMED_UNIT(*)
PLANE_ANGLE_UNIT()
SI_UNIT($,.RADIAN.)
);
#6233=(
NAMED_UNIT(*)
PLANE_ANGLE_UNIT()
SI_UNIT($,.RADIAN.)
);
#6234=(
NAMED_UNIT(*)
PLANE_ANGLE_UNIT()
SI_UNIT($,.RADIAN.)
);
#6235=(
NAMED_UNIT(*)
PLANE_ANGLE_UNIT()
SI_UNIT($,.RADIAN.)
);
#6236=(
LENGTH_UNIT()
NAMED_UNIT(*)
SI_UNIT($,.METRE.)
);
#6237=(
LENGTH_UNIT()
NAMED_UNIT(*)
SI_UNIT($,.METRE.)
);
#6238=(
LENGTH_UNIT()
NAMED_UNIT(*)
SI_UNIT($,.METRE.)
);
#6239=(
LENGTH_UNIT()
NAMED_UNIT(*)
SI_UNIT($,.METRE.)
);
#6240=(
LENGTH_UNIT()
NAMED_UNIT(*)
SI_UNIT($,.METRE.)
);
#6241=(
LENGTH_UNIT()
NAMED_UNIT(*)
SI_UNIT($,.METRE.)
);
#6242=(
LENGTH_UNIT()
NAMED_UNIT(*)
SI_UNIT($,.METRE.)
);
#6243=(
LENGTH_UNIT()
NAMED_UNIT(*)
SI_UNIT($,.METRE.)
);
#6244=(
LENGTH_UNIT()
NAMED_UNIT(*)
SI_UNIT($,.METRE.)
);
#6245=(
LENGTH_UNIT()
NAMED_UNIT(*)
SI_UNIT($,.METRE.)
);
#6246=(
LENGTH_UNIT()
NAMED_UNIT(*)
SI_UNIT($,.METRE.)
);
#6247=(
LENGTH_UNIT()
NAMED_UNIT(*)
SI_UNIT($,.METRE.)
);
#6248=(
LENGTH_UNIT()
NAMED_UNIT(*)
SI_UNIT($,.METRE.)
);
#6249=(
LENGTH_UNIT()
NAMED_UNIT(*)
SI_UNIT($,.METRE.)
);
#6250=(
LENGTH_UNIT()
NAMED_UNIT(*)
SI_UNIT($,.METRE.)
);
#6251=(
LENGTH_UNIT()
NAMED_UNIT(*)
SI_UNIT($,.METRE.)
);
#6252=(
LENGTH_UNIT()
NAMED_UNIT(*)
SI_UNIT($,.METRE.)
);
#6253=(
LENGTH_UNIT()
NAMED_UNIT(*)
SI_UNIT($,.METRE.)
);
#6254=(
LENGTH_UNIT()
NAMED_UNIT(*)
SI_UNIT($,.METRE.)
);
#6255=(
LENGTH_UNIT()
NAMED_UNIT(*)
SI_UNIT($,.METRE.)
);
#6256=(
LENGTH_UNIT()
NAMED_UNIT(*)
SI_UNIT($,.METRE.)
);
#6257=(
LENGTH_UNIT()
NAMED_UNIT(*)
SI_UNIT($,.METRE.)
);
#6258=(
LENGTH_UNIT()
NAMED_UNIT(*)
SI_UNIT($,.METRE.)
);
#6259=(
LENGTH_UNIT()
NAMED_UNIT(*)
SI_UNIT($,.METRE.)
);
#6260=(
LENGTH_UNIT()
NAMED_UNIT(*)
SI_UNIT($,.METRE.)
);
#6261=(
LENGTH_UNIT()
NAMED_UNIT(*)
SI_UNIT($,.METRE.)
);
#6262=(
LENGTH_UNIT()
NAMED_UNIT(*)
SI_UNIT($,.METRE.)
);
#6263=(
LENGTH_UNIT()
NAMED_UNIT(*)
SI_UNIT($,.METRE.)
);
#6264=(
LENGTH_UNIT()
NAMED_UNIT(*)
SI_UNIT($,.METRE.)
);
#6265=(
LENGTH_UNIT()
NAMED_UNIT(*)
SI_UNIT($,.METRE.)
);
#6266=(
LENGTH_UNIT()
NAMED_UNIT(*)
SI_UNIT($,.METRE.)
);
#6267=(
LENGTH_UNIT()
NAMED_UNIT(*)
SI_UNIT($,.METRE.)
);
#6268=(
LENGTH_UNIT()
NAMED_UNIT(*)
SI_UNIT($,.METRE.)
);
#6269=(
LENGTH_UNIT()
NAMED_UNIT(*)
SI_UNIT($,.METRE.)
);
#6270=(
LENGTH_UNIT()
NAMED_UNIT(*)
SI_UNIT($,.METRE.)
);
#6271=(
LENGTH_UNIT()
NAMED_UNIT(*)
SI_UNIT($,.METRE.)
);
#6272=(
LENGTH_UNIT()
NAMED_UNIT(*)
SI_UNIT($,.METRE.)
);
#6273=(
LENGTH_UNIT()
NAMED_UNIT(*)
SI_UNIT($,.METRE.)
);
#6274=(
LENGTH_UNIT()
NAMED_UNIT(*)
SI_UNIT($,.METRE.)
);
#6275=(
LENGTH_UNIT()
NAMED_UNIT(*)
SI_UNIT($,.METRE.)
);
#6276=(
LENGTH_UNIT()
NAMED_UNIT(*)
SI_UNIT($,.METRE.)
);
#6277=(
LENGTH_UNIT()
NAMED_UNIT(*)
SI_UNIT($,.METRE.)
);
#6278=(
LENGTH_UNIT()
NAMED_UNIT(*)
SI_UNIT($,.METRE.)
);
#6279=(
LENGTH_UNIT()
NAMED_UNIT(*)
SI_UNIT($,.METRE.)
);
#6280=(
LENGTH_UNIT()
NAMED_UNIT(*)
SI_UNIT($,.METRE.)
);
#6281=(
LENGTH_UNIT()
NAMED_UNIT(*)
SI_UNIT($,.METRE.)
);
#6282=(
LENGTH_UNIT()
NAMED_UNIT(*)
SI_UNIT($,.METRE.)
);
#6283=PRODUCT_DEFINITION_SHAPE('','',#6330);
#6284=PRODUCT_DEFINITION_SHAPE('','',#6331);
#6285=PRODUCT_DEFINITION_SHAPE('','',#6332);
#6286=PRODUCT_DEFINITION_SHAPE('','',#6333);
#6287=PRODUCT_DEFINITION_SHAPE('','',#6334);
#6288=PRODUCT_DEFINITION_SHAPE('','',#6335);
#6289=PRODUCT_DEFINITION_SHAPE('','',#6336);
#6290=PRODUCT_DEFINITION_SHAPE('','',#6337);
#6291=PRODUCT_DEFINITION_SHAPE('','',#6338);
#6292=PRODUCT_DEFINITION_SHAPE('','',#6339);
#6293=PRODUCT_DEFINITION_SHAPE('','',#6340);
#6294=PRODUCT_DEFINITION_SHAPE('','',#6341);
#6295=PRODUCT_DEFINITION_SHAPE('','',#6342);
#6296=PRODUCT_DEFINITION_SHAPE('','',#6343);
#6297=PRODUCT_DEFINITION_SHAPE('','',#6344);
#6298=PRODUCT_DEFINITION_SHAPE('','',#6345);
#6299=PRODUCT_DEFINITION_SHAPE('','',#6346);
#6300=PRODUCT_DEFINITION_SHAPE('','',#6347);
#6301=PRODUCT_DEFINITION_SHAPE('','',#6348);
#6302=PRODUCT_DEFINITION_SHAPE('','',#6349);
#6303=PRODUCT_DEFINITION_SHAPE('','',#6350);
#6304=PRODUCT_DEFINITION_SHAPE('','',#6351);
#6305=PRODUCT_DEFINITION_SHAPE('','',#6352);
#6306=PRODUCT_DEFINITION_SHAPE('','',#6353);
#6307=PRODUCT_DEFINITION_SHAPE('','',#6354);
#6308=PRODUCT_DEFINITION_SHAPE('','',#6355);
#6309=PRODUCT_DEFINITION_SHAPE('','',#6356);
#6310=PRODUCT_DEFINITION_SHAPE('','',#6357);
#6311=PRODUCT_DEFINITION_SHAPE('','',#6358);
#6312=PRODUCT_DEFINITION_SHAPE('','',#6359);
#6313=PRODUCT_DEFINITION_SHAPE('','',#6360);
#6314=PRODUCT_DEFINITION_SHAPE('','',#6361);
#6315=PRODUCT_DEFINITION_SHAPE('','',#6362);
#6316=PRODUCT_DEFINITION_SHAPE('','',#6363);
#6317=PRODUCT_DEFINITION_SHAPE('','',#6364);
#6318=PRODUCT_DEFINITION_SHAPE('','',#6365);
#6319=PRODUCT_DEFINITION_SHAPE('','',#6366);
#6320=PRODUCT_DEFINITION_SHAPE('','',#6367);
#6321=PRODUCT_DEFINITION_SHAPE('','',#6368);
#6322=PRODUCT_DEFINITION_SHAPE('','',#6369);
#6323=PRODUCT_DEFINITION_SHAPE('','',#6370);
#6324=PRODUCT_DEFINITION_SHAPE('','',#6371);
#6325=PRODUCT_DEFINITION_SHAPE('','',#6372);
#6326=PRODUCT_DEFINITION_SHAPE('','',#6373);
#6327=PRODUCT_DEFINITION_SHAPE('','',#6374);
#6328=PRODUCT_DEFINITION_SHAPE('','',#6375);
#6329=PRODUCT_DEFINITION_SHAPE('','',#6376);
#6330=PRODUCT_DEFINITION('','',#6424,#6377);
#6331=PRODUCT_DEFINITION('','',#6425,#6378);
#6332=PRODUCT_DEFINITION('','',#6426,#6379);
#6333=PRODUCT_DEFINITION('','',#6427,#6380);
#6334=PRODUCT_DEFINITION('','',#6428,#6381);
#6335=PRODUCT_DEFINITION('','',#6429,#6382);
#6336=PRODUCT_DEFINITION('','',#6430,#6383);
#6337=PRODUCT_DEFINITION('','',#6431,#6384);
#6338=PRODUCT_DEFINITION('','',#6432,#6385);
#6339=PRODUCT_DEFINITION('','',#6433,#6386);
#6340=PRODUCT_DEFINITION('','',#6434,#6387);
#6341=PRODUCT_DEFINITION('','',#6435,#6388);
#6342=PRODUCT_DEFINITION('','',#6436,#6389);
#6343=PRODUCT_DEFINITION('','',#6437,#6390);
#6344=PRODUCT_DEFINITION('','',#6438,#6391);
#6345=PRODUCT_DEFINITION('','',#6439,#6392);
#6346=PRODUCT_DEFINITION('','',#6440,#6393);
#6347=PRODUCT_DEFINITION('','',#6441,#6394);
#6348=PRODUCT_DEFINITION('','',#6442,#6395);
#6349=PRODUCT_DEFINITION('','',#6443,#6396);
#6350=PRODUCT_DEFINITION('','',#6444,#6397);
#6351=PRODUCT_DEFINITION('','',#6445,#6398);
#6352=PRODUCT_DEFINITION('','',#6446,#6399);
#6353=PRODUCT_DEFINITION('','',#6447,#6400);
#6354=PRODUCT_DEFINITION('','',#6448,#6401);
#6355=PRODUCT_DEFINITION('','',#6449,#6402);
#6356=PRODUCT_DEFINITION('','',#6450,#6403);
#6357=PRODUCT_DEFINITION('','',#6451,#6404);
#6358=PRODUCT_DEFINITION('','',#6452,#6405);
#6359=PRODUCT_DEFINITION('','',#6453,#6406);
#6360=PRODUCT_DEFINITION('','',#6454,#6407);
#6361=PRODUCT_DEFINITION('','',#6455,#6408);
#6362=PRODUCT_DEFINITION('','',#6456,#6409);
#6363=PRODUCT_DEFINITION('','',#6457,#6410);
#6364=PRODUCT_DEFINITION('','',#6458,#6411);
#6365=PRODUCT_DEFINITION('','',#6459,#6412);
#6366=PRODUCT_DEFINITION('','',#6460,#6413);
#6367=PRODUCT_DEFINITION('','',#6461,#6414);
#6368=PRODUCT_DEFINITION('','',#6462,#6415);
#6369=PRODUCT_DEFINITION('','',#6463,#6416);
#6370=PRODUCT_DEFINITION('','',#6464,#6417);
#6371=PRODUCT_DEFINITION('','',#6465,#6418);
#6372=PRODUCT_DEFINITION('','',#6466,#6419);
#6373=PRODUCT_DEFINITION('','',#6467,#6420);
#6374=PRODUCT_DEFINITION('','',#6468,#6421);
#6375=PRODUCT_DEFINITION('','',#6469,#6422);
#6376=PRODUCT_DEFINITION('','',#6470,#6423);
#6377=PRODUCT_DEFINITION_CONTEXT('',#6706,'design');
#6378=PRODUCT_DEFINITION_CONTEXT('',#6707,'design');
#6379=PRODUCT_DEFINITION_CONTEXT('',#6708,'design');
#6380=PRODUCT_DEFINITION_CONTEXT('',#6709,'design');
#6381=PRODUCT_DEFINITION_CONTEXT('',#6710,'design');
#6382=PRODUCT_DEFINITION_CONTEXT('',#6711,'design');
#6383=PRODUCT_DEFINITION_CONTEXT('',#6712,'design');
#6384=PRODUCT_DEFINITION_CONTEXT('',#6713,'design');
#6385=PRODUCT_DEFINITION_CONTEXT('',#6714,'design');
#6386=PRODUCT_DEFINITION_CONTEXT('',#6715,'design');
#6387=PRODUCT_DEFINITION_CONTEXT('',#6716,'design');
#6388=PRODUCT_DEFINITION_CONTEXT('',#6717,'design');
#6389=PRODUCT_DEFINITION_CONTEXT('',#6718,'design');
#6390=PRODUCT_DEFINITION_CONTEXT('',#6719,'design');
#6391=PRODUCT_DEFINITION_CONTEXT('',#6720,'design');
#6392=PRODUCT_DEFINITION_CONTEXT('',#6721,'design');
#6393=PRODUCT_DEFINITION_CONTEXT('',#6722,'design');
#6394=PRODUCT_DEFINITION_CONTEXT('',#6723,'design');
#6395=PRODUCT_DEFINITION_CONTEXT('',#6724,'design');
#6396=PRODUCT_DEFINITION_CONTEXT('',#6725,'design');
#6397=PRODUCT_DEFINITION_CONTEXT('',#6726,'design');
#6398=PRODUCT_DEFINITION_CONTEXT('',#6727,'design');
#6399=PRODUCT_DEFINITION_CONTEXT('',#6728,'design');
#6400=PRODUCT_DEFINITION_CONTEXT('',#6729,'design');
#6401=PRODUCT_DEFINITION_CONTEXT('',#6730,'design');
#6402=PRODUCT_DEFINITION_CONTEXT('',#6731,'design');
#6403=PRODUCT_DEFINITION_CONTEXT('',#6732,'design');
#6404=PRODUCT_DEFINITION_CONTEXT('',#6733,'design');
#6405=PRODUCT_DEFINITION_CONTEXT('',#6734,'design');
#6406=PRODUCT_DEFINITION_CONTEXT('',#6735,'design');
#6407=PRODUCT_DEFINITION_CONTEXT('',#6736,'design');
#6408=PRODUCT_DEFINITION_CONTEXT('',#6737,'design');
#6409=PRODUCT_DEFINITION_CONTEXT('',#6738,'design');
#6410=PRODUCT_DEFINITION_CONTEXT('',#6739,'design');
#6411=PRODUCT_DEFINITION_CONTEXT('',#6740,'design');
#6412=PRODUCT_DEFINITION_CONTEXT('',#6741,'design');
#6413=PRODUCT_DEFINITION_CONTEXT('',#6742,'design');
#6414=PRODUCT_DEFINITION_CONTEXT('',#6743,'design');
#6415=PRODUCT_DEFINITION_CONTEXT('',#6744,'design');
#6416=PRODUCT_DEFINITION_CONTEXT('',#6745,'design');
#6417=PRODUCT_DEFINITION_CONTEXT('',#6746,'design');
#6418=PRODUCT_DEFINITION_CONTEXT('',#6747,'design');
#6419=PRODUCT_DEFINITION_CONTEXT('',#6748,'design');
#6420=PRODUCT_DEFINITION_CONTEXT('',#6749,'design');
#6421=PRODUCT_DEFINITION_CONTEXT('',#6750,'design');
#6422=PRODUCT_DEFINITION_CONTEXT('',#6751,'design');
#6423=PRODUCT_DEFINITION_CONTEXT('',#6752,'design');
#6424=PRODUCT_DEFINITION_FORMATION_WITH_SPECIFIED_SOURCE('','',#6518,
 .NOT_KNOWN.);
#6425=PRODUCT_DEFINITION_FORMATION_WITH_SPECIFIED_SOURCE('','',#6519,
 .NOT_KNOWN.);
#6426=PRODUCT_DEFINITION_FORMATION_WITH_SPECIFIED_SOURCE('','',#6520,
 .NOT_KNOWN.);
#6427=PRODUCT_DEFINITION_FORMATION_WITH_SPECIFIED_SOURCE('','',#6521,
 .NOT_KNOWN.);
#6428=PRODUCT_DEFINITION_FORMATION_WITH_SPECIFIED_SOURCE('','',#6522,
 .NOT_KNOWN.);
#6429=PRODUCT_DEFINITION_FORMATION_WITH_SPECIFIED_SOURCE('','',#6523,
 .NOT_KNOWN.);
#6430=PRODUCT_DEFINITION_FORMATION_WITH_SPECIFIED_SOURCE('','',#6524,
 .NOT_KNOWN.);
#6431=PRODUCT_DEFINITION_FORMATION_WITH_SPECIFIED_SOURCE('','',#6525,
 .NOT_KNOWN.);
#6432=PRODUCT_DEFINITION_FORMATION_WITH_SPECIFIED_SOURCE('','',#6526,
 .NOT_KNOWN.);
#6433=PRODUCT_DEFINITION_FORMATION_WITH_SPECIFIED_SOURCE('','',#6527,
 .NOT_KNOWN.);
#6434=PRODUCT_DEFINITION_FORMATION_WITH_SPECIFIED_SOURCE('','',#6528,
 .NOT_KNOWN.);
#6435=PRODUCT_DEFINITION_FORMATION_WITH_SPECIFIED_SOURCE('','',#6529,
 .NOT_KNOWN.);
#6436=PRODUCT_DEFINITION_FORMATION_WITH_SPECIFIED_SOURCE('','',#6530,
 .NOT_KNOWN.);
#6437=PRODUCT_DEFINITION_FORMATION_WITH_SPECIFIED_SOURCE('','',#6531,
 .NOT_KNOWN.);
#6438=PRODUCT_DEFINITION_FORMATION_WITH_SPECIFIED_SOURCE('','',#6532,
 .NOT_KNOWN.);
#6439=PRODUCT_DEFINITION_FORMATION_WITH_SPECIFIED_SOURCE('','',#6533,
 .NOT_KNOWN.);
#6440=PRODUCT_DEFINITION_FORMATION_WITH_SPECIFIED_SOURCE('','',#6534,
 .NOT_KNOWN.);
#6441=PRODUCT_DEFINITION_FORMATION_WITH_SPECIFIED_SOURCE('','',#6535,
 .NOT_KNOWN.);
#6442=PRODUCT_DEFINITION_FORMATION_WITH_SPECIFIED_SOURCE('','',#6536,
 .NOT_KNOWN.);
#6443=PRODUCT_DEFINITION_FORMATION_WITH_SPECIFIED_SOURCE('','',#6537,
 .NOT_KNOWN.);
#6444=PRODUCT_DEFINITION_FORMATION_WITH_SPECIFIED_SOURCE('','',#6538,
 .NOT_KNOWN.);
#6445=PRODUCT_DEFINITION_FORMATION_WITH_SPECIFIED_SOURCE('','',#6539,
 .NOT_KNOWN.);
#6446=PRODUCT_DEFINITION_FORMATION_WITH_SPECIFIED_SOURCE('','',#6540,
 .NOT_KNOWN.);
#6447=PRODUCT_DEFINITION_FORMATION_WITH_SPECIFIED_SOURCE('','',#6541,
 .NOT_KNOWN.);
#6448=PRODUCT_DEFINITION_FORMATION_WITH_SPECIFIED_SOURCE('','',#6542,
 .NOT_KNOWN.);
#6449=PRODUCT_DEFINITION_FORMATION_WITH_SPECIFIED_SOURCE('','',#6543,
 .NOT_KNOWN.);
#6450=PRODUCT_DEFINITION_FORMATION_WITH_SPECIFIED_SOURCE('','',#6544,
 .NOT_KNOWN.);
#6451=PRODUCT_DEFINITION_FORMATION_WITH_SPECIFIED_SOURCE('','',#6545,
 .NOT_KNOWN.);
#6452=PRODUCT_DEFINITION_FORMATION_WITH_SPECIFIED_SOURCE('','',#6546,
 .NOT_KNOWN.);
#6453=PRODUCT_DEFINITION_FORMATION_WITH_SPECIFIED_SOURCE('','',#6547,
 .NOT_KNOWN.);
#6454=PRODUCT_DEFINITION_FORMATION_WITH_SPECIFIED_SOURCE('','',#6548,
 .NOT_KNOWN.);
#6455=PRODUCT_DEFINITION_FORMATION_WITH_SPECIFIED_SOURCE('','',#6549,
 .NOT_KNOWN.);
#6456=PRODUCT_DEFINITION_FORMATION_WITH_SPECIFIED_SOURCE('','',#6550,
 .NOT_KNOWN.);
#6457=PRODUCT_DEFINITION_FORMATION_WITH_SPECIFIED_SOURCE('','',#6551,
 .NOT_KNOWN.);
#6458=PRODUCT_DEFINITION_FORMATION_WITH_SPECIFIED_SOURCE('','',#6552,
 .NOT_KNOWN.);
#6459=PRODUCT_DEFINITION_FORMATION_WITH_SPECIFIED_SOURCE('','',#6553,
 .NOT_KNOWN.);
#6460=PRODUCT_DEFINITION_FORMATION_WITH_SPECIFIED_SOURCE('','',#6554,
 .NOT_KNOWN.);
#6461=PRODUCT_DEFINITION_FORMATION_WITH_SPECIFIED_SOURCE('','',#6555,
 .NOT_KNOWN.);
#6462=PRODUCT_DEFINITION_FORMATION_WITH_SPECIFIED_SOURCE('','',#6556,
 .NOT_KNOWN.);
#6463=PRODUCT_DEFINITION_FORMATION_WITH_SPECIFIED_SOURCE('','',#6557,
 .NOT_KNOWN.);
#6464=PRODUCT_DEFINITION_FORMATION_WITH_SPECIFIED_SOURCE('','',#6558,
 .NOT_KNOWN.);
#6465=PRODUCT_DEFINITION_FORMATION_WITH_SPECIFIED_SOURCE('','',#6559,
 .NOT_KNOWN.);
#6466=PRODUCT_DEFINITION_FORMATION_WITH_SPECIFIED_SOURCE('','',#6560,
 .NOT_KNOWN.);
#6467=PRODUCT_DEFINITION_FORMATION_WITH_SPECIFIED_SOURCE('','',#6561,
 .NOT_KNOWN.);
#6468=PRODUCT_DEFINITION_FORMATION_WITH_SPECIFIED_SOURCE('','',#6562,
 .NOT_KNOWN.);
#6469=PRODUCT_DEFINITION_FORMATION_WITH_SPECIFIED_SOURCE('','',#6563,
 .NOT_KNOWN.);
#6470=PRODUCT_DEFINITION_FORMATION_WITH_SPECIFIED_SOURCE('','',#6564,
 .NOT_KNOWN.);
#6471=PRODUCT_RELATED_PRODUCT_CATEGORY('','',(#6518));
#6472=PRODUCT_RELATED_PRODUCT_CATEGORY('','',(#6519));
#6473=PRODUCT_RELATED_PRODUCT_CATEGORY('','',(#6520));
#6474=PRODUCT_RELATED_PRODUCT_CATEGORY('','',(#6521));
#6475=PRODUCT_RELATED_PRODUCT_CATEGORY('','',(#6522));
#6476=PRODUCT_RELATED_PRODUCT_CATEGORY('','',(#6523));
#6477=PRODUCT_RELATED_PRODUCT_CATEGORY('','',(#6524));
#6478=PRODUCT_RELATED_PRODUCT_CATEGORY('','',(#6525));
#6479=PRODUCT_RELATED_PRODUCT_CATEGORY('','',(#6526));
#6480=PRODUCT_RELATED_PRODUCT_CATEGORY('','',(#6527));
#6481=PRODUCT_RELATED_PRODUCT_CATEGORY('','',(#6528));
#6482=PRODUCT_RELATED_PRODUCT_CATEGORY('','',(#6529));
#6483=PRODUCT_RELATED_PRODUCT_CATEGORY('','',(#6530));
#6484=PRODUCT_RELATED_PRODUCT_CATEGORY('','',(#6531));
#6485=PRODUCT_RELATED_PRODUCT_CATEGORY('','',(#6532));
#6486=PRODUCT_RELATED_PRODUCT_CATEGORY('','',(#6533));
#6487=PRODUCT_RELATED_PRODUCT_CATEGORY('','',(#6534));
#6488=PRODUCT_RELATED_PRODUCT_CATEGORY('','',(#6535));
#6489=PRODUCT_RELATED_PRODUCT_CATEGORY('','',(#6536));
#6490=PRODUCT_RELATED_PRODUCT_CATEGORY('','',(#6537));
#6491=PRODUCT_RELATED_PRODUCT_CATEGORY('','',(#6538));
#6492=PRODUCT_RELATED_PRODUCT_CATEGORY('','',(#6539));
#6493=PRODUCT_RELATED_PRODUCT_CATEGORY('','',(#6540));
#6494=PRODUCT_RELATED_PRODUCT_CATEGORY('','',(#6541));
#6495=PRODUCT_RELATED_PRODUCT_CATEGORY('','',(#6542));
#6496=PRODUCT_RELATED_PRODUCT_CATEGORY('','',(#6543));
#6497=PRODUCT_RELATED_PRODUCT_CATEGORY('','',(#6544));
#6498=PRODUCT_RELATED_PRODUCT_CATEGORY('','',(#6545));
#6499=PRODUCT_RELATED_PRODUCT_CATEGORY('','',(#6546));
#6500=PRODUCT_RELATED_PRODUCT_CATEGORY('','',(#6547));
#6501=PRODUCT_RELATED_PRODUCT_CATEGORY('','',(#6548));
#6502=PRODUCT_RELATED_PRODUCT_CATEGORY('','',(#6549));
#6503=PRODUCT_RELATED_PRODUCT_CATEGORY('','',(#6550));
#6504=PRODUCT_RELATED_PRODUCT_CATEGORY('','',(#6551));
#6505=PRODUCT_RELATED_PRODUCT_CATEGORY('','',(#6552));
#6506=PRODUCT_RELATED_PRODUCT_CATEGORY('','',(#6553));
#6507=PRODUCT_RELATED_PRODUCT_CATEGORY('','',(#6554));
#6508=PRODUCT_RELATED_PRODUCT_CATEGORY('','',(#6555));
#6509=PRODUCT_RELATED_PRODUCT_CATEGORY('','',(#6556));
#6510=PRODUCT_RELATED_PRODUCT_CATEGORY('','',(#6557));
#6511=PRODUCT_RELATED_PRODUCT_CATEGORY('','',(#6558));
#6512=PRODUCT_RELATED_PRODUCT_CATEGORY('','',(#6559));
#6513=PRODUCT_RELATED_PRODUCT_CATEGORY('','',(#6560));
#6514=PRODUCT_RELATED_PRODUCT_CATEGORY('','',(#6561));
#6515=PRODUCT_RELATED_PRODUCT_CATEGORY('','',(#6562));
#6516=PRODUCT_RELATED_PRODUCT_CATEGORY('','',(#6563));
#6517=PRODUCT_RELATED_PRODUCT_CATEGORY('','',(#6564));
#6518=PRODUCT('Part 42','Part 42','Part 42',(#6612));
#6519=PRODUCT('Part 6','Part 6','Part 6',(#6613));
#6520=PRODUCT('Part 37','Part 37','Part 37',(#6614));
#6521=PRODUCT('Part 38','Part 38','Part 38',(#6615));
#6522=PRODUCT('Part 35','Part 35','Part 35',(#6616));
#6523=PRODUCT('Part 33','Part 33','Part 33',(#6617));
#6524=PRODUCT('Part 36','Part 36','Part 36',(#6618));
#6525=PRODUCT('Part 5','Part 5','Part 5',(#6619));
#6526=PRODUCT('Part 1','Part 1','Part 1',(#6620));
#6527=PRODUCT('Part 34','Part 34','Part 34',(#6621));
#6528=PRODUCT('Part 44','Part 44','Part 44',(#6622));
#6529=PRODUCT('Part 8','Part 8','Part 8',(#6623));
#6530=PRODUCT('Part 21','Part 21','Part 21',(#6624));
#6531=PRODUCT('Part 40','Part 40','Part 40',(#6625));
#6532=PRODUCT('Part 43','Part 43','Part 43',(#6626));
#6533=PRODUCT('Part 7','Part 7','Part 7',(#6627));
#6534=PRODUCT('Part 39','Part 39','Part 39',(#6628));
#6535=PRODUCT('Part 46','Part 46','Part 46',(#6629));
#6536=PRODUCT('Part 30','Part 30','Part 30',(#6630));
#6537=PRODUCT('Part 10','Part 10','Part 10',(#6631));
#6538=PRODUCT('Part 45','Part 45','Part 45',(#6632));
#6539=PRODUCT('Part 29','Part 29','Part 29',(#6633));
#6540=PRODUCT('Part 9','Part 9','Part 9',(#6634));
#6541=PRODUCT('Part 41','Part 41','Part 41',(#6635));
#6542=PRODUCT('Part 11','Part 11','Part 11',(#6636));
#6543=PRODUCT('Part 32','Part 32','Part 32',(#6637));
#6544=PRODUCT('Part 47','Part 47','Part 47',(#6638));
#6545=PRODUCT('Part 31','Part 31','Part 31',(#6639));
#6546=PRODUCT('Part 3','Part 3','Part 3',(#6640));
#6547=PRODUCT('Part 2','Part 2','Part 2',(#6641));
#6548=PRODUCT('Part 13','Part 13','Part 13',(#6642));
#6549=PRODUCT('Part 12','Part 12','Part 12',(#6643));
#6550=PRODUCT('Part 26','Part 26','Part 26',(#6644));
#6551=PRODUCT('Part 15','Part 15','Part 15',(#6645));
#6552=PRODUCT('Part 18','Part 18','Part 18',(#6646));
#6553=PRODUCT('Part 28','Part 28','Part 28',(#6647));
#6554=PRODUCT('Part 14','Part 14','Part 14',(#6648));
#6555=PRODUCT('Part 20','Part 20','Part 20',(#6649));
#6556=PRODUCT('Part 27','Part 27','Part 27',(#6650));
#6557=PRODUCT('Part 17','Part 17','Part 17',(#6651));
#6558=PRODUCT('Part 23','Part 23','Part 23',(#6652));
#6559=PRODUCT('Part 16','Part 16','Part 16',(#6653));
#6560=PRODUCT('Part 19','Part 19','Part 19',(#6654));
#6561=PRODUCT('Part 22','Part 22','Part 22',(#6655));
#6562=PRODUCT('Part 25','Part 25','Part 25',(#6656));
#6563=PRODUCT('Part 4','Part 4','Part 4',(#6657));
#6564=PRODUCT('Part 24','Part 24','Part 24',(#6658));
#6565=PRODUCT_CATEGORY('','');
#6566=PRODUCT_CATEGORY('','');
#6567=PRODUCT_CATEGORY('','');
#6568=PRODUCT_CATEGORY('','');
#6569=PRODUCT_CATEGORY('','');
#6570=PRODUCT_CATEGORY('','');
#6571=PRODUCT_CATEGORY('','');
#6572=PRODUCT_CATEGORY('','');
#6573=PRODUCT_CATEGORY('','');
#6574=PRODUCT_CATEGORY('','');
#6575=PRODUCT_CATEGORY('','');
#6576=PRODUCT_CATEGORY('','');
#6577=PRODUCT_CATEGORY('','');
#6578=PRODUCT_CATEGORY('','');
#6579=PRODUCT_CATEGORY('','');
#6580=PRODUCT_CATEGORY('','');
#6581=PRODUCT_CATEGORY('','');
#6582=PRODUCT_CATEGORY('','');
#6583=PRODUCT_CATEGORY('','');
#6584=PRODUCT_CATEGORY('','');
#6585=PRODUCT_CATEGORY('','');
#6586=PRODUCT_CATEGORY('','');
#6587=PRODUCT_CATEGORY('','');
#6588=PRODUCT_CATEGORY('','');
#6589=PRODUCT_CATEGORY('','');
#6590=PRODUCT_CATEGORY('','');
#6591=PRODUCT_CATEGORY('','');
#6592=PRODUCT_CATEGORY('','');
#6593=PRODUCT_CATEGORY('','');
#6594=PRODUCT_CATEGORY('','');
#6595=PRODUCT_CATEGORY('','');
#6596=PRODUCT_CATEGORY('','');
#6597=PRODUCT_CATEGORY('','');
#6598=PRODUCT_CATEGORY('','');
#6599=PRODUCT_CATEGORY('','');
#6600=PRODUCT_CATEGORY('','');
#6601=PRODUCT_CATEGORY('','');
#6602=PRODUCT_CATEGORY('','');
#6603=PRODUCT_CATEGORY('','');
#6604=PRODUCT_CATEGORY('','');
#6605=PRODUCT_CATEGORY('','');
#6606=PRODUCT_CATEGORY('','');
#6607=PRODUCT_CATEGORY('','');
#6608=PRODUCT_CATEGORY('','');
#6609=PRODUCT_CATEGORY('','');
#6610=PRODUCT_CATEGORY('','');
#6611=PRODUCT_CATEGORY('','');
#6612=PRODUCT_CONTEXT('',#6706,'mechanical');
#6613=PRODUCT_CONTEXT('',#6707,'mechanical');
#6614=PRODUCT_CONTEXT('',#6708,'mechanical');
#6615=PRODUCT_CONTEXT('',#6709,'mechanical');
#6616=PRODUCT_CONTEXT('',#6710,'mechanical');
#6617=PRODUCT_CONTEXT('',#6711,'mechanical');
#6618=PRODUCT_CONTEXT('',#6712,'mechanical');
#6619=PRODUCT_CONTEXT('',#6713,'mechanical');
#6620=PRODUCT_CONTEXT('',#6714,'mechanical');
#6621=PRODUCT_CONTEXT('',#6715,'mechanical');
#6622=PRODUCT_CONTEXT('',#6716,'mechanical');
#6623=PRODUCT_CONTEXT('',#6717,'mechanical');
#6624=PRODUCT_CONTEXT('',#6718,'mechanical');
#6625=PRODUCT_CONTEXT('',#6719,'mechanical');
#6626=PRODUCT_CONTEXT('',#6720,'mechanical');
#6627=PRODUCT_CONTEXT('',#6721,'mechanical');
#6628=PRODUCT_CONTEXT('',#6722,'mechanical');
#6629=PRODUCT_CONTEXT('',#6723,'mechanical');
#6630=PRODUCT_CONTEXT('',#6724,'mechanical');
#6631=PRODUCT_CONTEXT('',#6725,'mechanical');
#6632=PRODUCT_CONTEXT('',#6726,'mechanical');
#6633=PRODUCT_CONTEXT('',#6727,'mechanical');
#6634=PRODUCT_CONTEXT('',#6728,'mechanical');
#6635=PRODUCT_CONTEXT('',#6729,'mechanical');
#6636=PRODUCT_CONTEXT('',#6730,'mechanical');
#6637=PRODUCT_CONTEXT('',#6731,'mechanical');
#6638=PRODUCT_CONTEXT('',#6732,'mechanical');
#6639=PRODUCT_CONTEXT('',#6733,'mechanical');
#6640=PRODUCT_CONTEXT('',#6734,'mechanical');
#6641=PRODUCT_CONTEXT('',#6735,'mechanical');
#6642=PRODUCT_CONTEXT('',#6736,'mechanical');
#6643=PRODUCT_CONTEXT('',#6737,'mechanical');
#6644=PRODUCT_CONTEXT('',#6738,'mechanical');
#6645=PRODUCT_CONTEXT('',#6739,'mechanical');
#6646=PRODUCT_CONTEXT('',#6740,'mechanical');
#6647=PRODUCT_CONTEXT('',#6741,'mechanical');
#6648=PRODUCT_CONTEXT('',#6742,'mechanical');
#6649=PRODUCT_CONTEXT('',#6743,'mechanical');
#6650=PRODUCT_CONTEXT('',#6744,'mechanical');
#6651=PRODUCT_CONTEXT('',#6745,'mechanical');
#6652=PRODUCT_CONTEXT('',#6746,'mechanical');
#6653=PRODUCT_CONTEXT('',#6747,'mechanical');
#6654=PRODUCT_CONTEXT('',#6748,'mechanical');
#6655=PRODUCT_CONTEXT('',#6749,'mechanical');
#6656=PRODUCT_CONTEXT('',#6750,'mechanical');
#6657=PRODUCT_CONTEXT('',#6751,'mechanical');
#6658=PRODUCT_CONTEXT('',#6752,'mechanical');
#6659=APPLICATION_PROTOCOL_DEFINITION('international standard',
'ap242_managed_model_based_3d_engineering',2020,#6706);
#6660=APPLICATION_PROTOCOL_DEFINITION('international standard',
'ap242_managed_model_based_3d_engineering',2020,#6707);
#6661=APPLICATION_PROTOCOL_DEFINITION('international standard',
'ap242_managed_model_based_3d_engineering',2020,#6708);
#6662=APPLICATION_PROTOCOL_DEFINITION('international standard',
'ap242_managed_model_based_3d_engineering',2020,#6709);
#6663=APPLICATION_PROTOCOL_DEFINITION('international standard',
'ap242_managed_model_based_3d_engineering',2020,#6710);
#6664=APPLICATION_PROTOCOL_DEFINITION('international standard',
'ap242_managed_model_based_3d_engineering',2020,#6711);
#6665=APPLICATION_PROTOCOL_DEFINITION('international standard',
'ap242_managed_model_based_3d_engineering',2020,#6712);
#6666=APPLICATION_PROTOCOL_DEFINITION('international standard',
'ap242_managed_model_based_3d_engineering',2020,#6713);
#6667=APPLICATION_PROTOCOL_DEFINITION('international standard',
'ap242_managed_model_based_3d_engineering',2020,#6714);
#6668=APPLICATION_PROTOCOL_DEFINITION('international standard',
'ap242_managed_model_based_3d_engineering',2020,#6715);
#6669=APPLICATION_PROTOCOL_DEFINITION('international standard',
'ap242_managed_model_based_3d_engineering',2020,#6716);
#6670=APPLICATION_PROTOCOL_DEFINITION('international standard',
'ap242_managed_model_based_3d_engineering',2020,#6717);
#6671=APPLICATION_PROTOCOL_DEFINITION('international standard',
'ap242_managed_model_based_3d_engineering',2020,#6718);
#6672=APPLICATION_PROTOCOL_DEFINITION('international standard',
'ap242_managed_model_based_3d_engineering',2020,#6719);
#6673=APPLICATION_PROTOCOL_DEFINITION('international standard',
'ap242_managed_model_based_3d_engineering',2020,#6720);
#6674=APPLICATION_PROTOCOL_DEFINITION('international standard',
'ap242_managed_model_based_3d_engineering',2020,#6721);
#6675=APPLICATION_PROTOCOL_DEFINITION('international standard',
'ap242_managed_model_based_3d_engineering',2020,#6722);
#6676=APPLICATION_PROTOCOL_DEFINITION('international standard',
'ap242_managed_model_based_3d_engineering',2020,#6723);
#6677=APPLICATION_PROTOCOL_DEFINITION('international standard',
'ap242_managed_model_based_3d_engineering',2020,#6724);
#6678=APPLICATION_PROTOCOL_DEFINITION('international standard',
'ap242_managed_model_based_3d_engineering',2020,#6725);
#6679=APPLICATION_PROTOCOL_DEFINITION('international standard',
'ap242_managed_model_based_3d_engineering',2020,#6726);
#6680=APPLICATION_PROTOCOL_DEFINITION('international standard',
'ap242_managed_model_based_3d_engineering',2020,#6727);
#6681=APPLICATION_PROTOCOL_DEFINITION('international standard',
'ap242_managed_model_based_3d_engineering',2020,#6728);
#6682=APPLICATION_PROTOCOL_DEFINITION('international standard',
'ap242_managed_model_based_3d_engineering',2020,#6729);
#6683=APPLICATION_PROTOCOL_DEFINITION('international standard',
'ap242_managed_model_based_3d_engineering',2020,#6730);
#6684=APPLICATION_PROTOCOL_DEFINITION('international standard',
'ap242_managed_model_based_3d_engineering',2020,#6731);
#6685=APPLICATION_PROTOCOL_DEFINITION('international standard',
'ap242_managed_model_based_3d_engineering',2020,#6732);
#6686=APPLICATION_PROTOCOL_DEFINITION('international standard',
'ap242_managed_model_based_3d_engineering',2020,#6733);
#6687=APPLICATION_PROTOCOL_DEFINITION('international standard',
'ap242_managed_model_based_3d_engineering',2020,#6734);
#6688=APPLICATION_PROTOCOL_DEFINITION('international standard',
'ap242_managed_model_based_3d_engineering',2020,#6735);
#6689=APPLICATION_PROTOCOL_DEFINITION('international standard',
'ap242_managed_model_based_3d_engineering',2020,#6736);
#6690=APPLICATION_PROTOCOL_DEFINITION('international standard',
'ap242_managed_model_based_3d_engineering',2020,#6737);
#6691=APPLICATION_PROTOCOL_DEFINITION('international standard',
'ap242_managed_model_based_3d_engineering',2020,#6738);
#6692=APPLICATION_PROTOCOL_DEFINITION('international standard',
'ap242_managed_model_based_3d_engineering',2020,#6739);
#6693=APPLICATION_PROTOCOL_DEFINITION('international standard',
'ap242_managed_model_based_3d_engineering',2020,#6740);
#6694=APPLICATION_PROTOCOL_DEFINITION('international standard',
'ap242_managed_model_based_3d_engineering',2020,#6741);
#6695=APPLICATION_PROTOCOL_DEFINITION('international standard',
'ap242_managed_model_based_3d_engineering',2020,#6742);
#6696=APPLICATION_PROTOCOL_DEFINITION('international standard',
'ap242_managed_model_based_3d_engineering',2020,#6743);
#6697=APPLICATION_PROTOCOL_DEFINITION('international standard',
'ap242_managed_model_based_3d_engineering',2020,#6744);
#6698=APPLICATION_PROTOCOL_DEFINITION('international standard',
'ap242_managed_model_based_3d_engineering',2020,#6745);
#6699=APPLICATION_PROTOCOL_DEFINITION('international standard',
'ap242_managed_model_based_3d_engineering',2020,#6746);
#6700=APPLICATION_PROTOCOL_DEFINITION('international standard',
'ap242_managed_model_based_3d_engineering',2020,#6747);
#6701=APPLICATION_PROTOCOL_DEFINITION('international standard',
'ap242_managed_model_based_3d_engineering',2020,#6748);
#6702=APPLICATION_PROTOCOL_DEFINITION('international standard',
'ap242_managed_model_based_3d_engineering',2020,#6749);
#6703=APPLICATION_PROTOCOL_DEFINITION('international standard',
'ap242_managed_model_based_3d_engineering',2020,#6750);
#6704=APPLICATION_PROTOCOL_DEFINITION('international standard',
'ap242_managed_model_based_3d_engineering',2020,#6751);
#6705=APPLICATION_PROTOCOL_DEFINITION('international standard',
'ap242_managed_model_based_3d_engineering',2020,#6752);
#6706=APPLICATION_CONTEXT('managed model based 3d engineering');
#6707=APPLICATION_CONTEXT('managed model based 3d engineering');
#6708=APPLICATION_CONTEXT('managed model based 3d engineering');
#6709=APPLICATION_CONTEXT('managed model based 3d engineering');
#6710=APPLICATION_CONTEXT('managed model based 3d engineering');
#6711=APPLICATION_CONTEXT('managed model based 3d engineering');
#6712=APPLICATION_CONTEXT('managed model based 3d engineering');
#6713=APPLICATION_CONTEXT('managed model based 3d engineering');
#6714=APPLICATION_CONTEXT('managed model based 3d engineering');
#6715=APPLICATION_CONTEXT('managed model based 3d engineering');
#6716=APPLICATION_CONTEXT('managed model based 3d engineering');
#6717=APPLICATION_CONTEXT('managed model based 3d engineering');
#6718=APPLICATION_CONTEXT('managed model based 3d engineering');
#6719=APPLICATION_CONTEXT('managed model based 3d engineering');
#6720=APPLICATION_CONTEXT('managed model based 3d engineering');
#6721=APPLICATION_CONTEXT('managed model based 3d engineering');
#6722=APPLICATION_CONTEXT('managed model based 3d engineering');
#6723=APPLICATION_CONTEXT('managed model based 3d engineering');
#6724=APPLICATION_CONTEXT('managed model based 3d engineering');
#6725=APPLICATION_CONTEXT('managed model based 3d engineering');
#6726=APPLICATION_CONTEXT('managed model based 3d engineering');
#6727=APPLICATION_CONTEXT('managed model based 3d engineering');
#6728=APPLICATION_CONTEXT('managed model based 3d engineering');
#6729=APPLICATION_CONTEXT('managed model based 3d engineering');
#6730=APPLICATION_CONTEXT('managed model based 3d engineering');
#6731=APPLICATION_CONTEXT('managed model based 3d engineering');
#6732=APPLICATION_CONTEXT('managed model based 3d engineering');
#6733=APPLICATION_CONTEXT('managed model based 3d engineering');
#6734=APPLICATION_CONTEXT('managed model based 3d engineering');
#6735=APPLICATION_CONTEXT('managed model based 3d engineering');
#6736=APPLICATION_CONTEXT('managed model based 3d engineering');
#6737=APPLICATION_CONTEXT('managed model based 3d engineering');
#6738=APPLICATION_CONTEXT('managed model based 3d engineering');
#6739=APPLICATION_CONTEXT('managed model based 3d engineering');
#6740=APPLICATION_CONTEXT('managed model based 3d engineering');
#6741=APPLICATION_CONTEXT('managed model based 3d engineering');
#6742=APPLICATION_CONTEXT('managed model based 3d engineering');
#6743=APPLICATION_CONTEXT('managed model based 3d engineering');
#6744=APPLICATION_CONTEXT('managed model based 3d engineering');
#6745=APPLICATION_CONTEXT('managed model based 3d engineering');
#6746=APPLICATION_CONTEXT('managed model based 3d engineering');
#6747=APPLICATION_CONTEXT('managed model based 3d engineering');
#6748=APPLICATION_CONTEXT('managed model based 3d engineering');
#6749=APPLICATION_CONTEXT('managed model based 3d engineering');
#6750=APPLICATION_CONTEXT('managed model based 3d engineering');
#6751=APPLICATION_CONTEXT('managed model based 3d engineering');
#6752=APPLICATION_CONTEXT('managed model based 3d engineering');
ENDSEC;
END-ISO-10303-21;
